sampling_month,observation_id,observation_uuid,observer_id,created_at,observed_on,taxon_id,taxon_name,taxon_rank,community_taxon_id,quality_grade,photo_count,identifications_count,identification_agreements,identification_disagreements,latitude,longitude,project_count,community_taxon_name,community_taxon_rank,outcome_group,current_id_count,unique_identifier_count,owner_id_count,external_id_count,improving_count,supporting_count,leading_count,maverick_count,disagreement_id_count,vision_id_count,species_id_count,genus_id_count,family_id_count,first_id_at,last_id_at,hours_to_first_id,hours_first_to_last_id
2025-01,256950389,64e44188-84a9-42bd-8044-57eeab968fa2,,2025-01-01T12:35:42+11:00,2025-01-01,362610,Melangyna viridiceps,species,362610,research,1,1,1,0,-31.0361304,152.9453787997,0,Melangyna viridiceps,species,species,2,2,1,1,1,1,0,0,0,0,2,0,0,2025-01-01T01:35:42+00:00,2025-01-02T02:17:06+00:00,0.0,24.69
2025-01,257028305,9678176a-b371-435f-a660-0661535aea97,,2025-01-01T18:49:15+00:00,2020-04-06,210336,Eupeodes luniger,species,,needs_id,4,0,0,0,53.2740003302,-8.9828826433,0,,,none,1,1,1,0,0,0,1,0,0,0,1,0,0,2025-01-01T18:49:15+00:00,2025-01-01T18:49:15+00:00,0.0,0.0
2025-01,257028323,b4f21a6f-853c-47b2-acac-1d31f121bb0e,,2025-01-01T18:49:20+00:00,2019-08-25,210336,Eupeodes luniger,species,,needs_id,2,0,0,0,53.2774975917,-8.9642922316,0,,,none,1,1,1,0,0,0,1,0,0,0,1,0,0,2025-01-01T18:49:20+00:00,2025-01-01T18:49:20+00:00,0.0,0.0
2025-01,257037617,58686e9f-e105-4f95-944e-2c650ba62681,,2025-01-01T20:21:34+00:00,2019-04-20,324344,Melanostoma mellinum,species,,needs_id,2,0,0,0,53.2620710555,-9.2108531899,0,,,none,1,1,1,0,0,0,1,0,0,0,1,0,0,2025-01-01T20:21:34+00:00,2025-01-01T20:21:34+00:00,0.0,0.0
2025-01,257043066,f5e3fbbf-1663-42ee-94ee-a60f9b7e95a6,,2025-01-01T21:11:59+00:00,2018-05-12,486782,Neoascia podagrica,species,,needs_id,3,0,0,0,53.2540091184,-9.0530184506,0,,,none,1,1,1,0,0,0,1,0,0,0,1,0,0,2025-01-01T21:11:59+00:00,2025-01-01T21:11:59+00:00,0.0,0.0
2025-01,257043489,07f3b1b1-a721-4501-a197-f26a5498a2c3,,2025-01-01T22:16:08+01:00,2022-09-26,52964,Sphaerophoria scripta,species,52964,research,4,2,2,0,43.6005033867,3.9063707106,0,Sphaerophoria scripta,species,species,4,4,1,3,1,3,0,0,0,1,4,0,0,2025-01-01T11:16:08-10:00,2025-03-08T18:00:46-10:00,0.0,1590.74
2025-01,257049957,b505d253-e7fa-4299-b063-41ad2056e81e,,2025-01-01T22:11:13+00:00,2018-05-12,121357,Platycheirus,genus,121357,needs_id,1,2,2,0,53.2879316667,-9.0329666667,0,Platycheirus,genus,genus,2,2,1,1,1,0,1,0,1,0,1,1,0,2025-01-01T22:11:13+00:00,2025-01-02T21:58:31+00:00,0.0,23.79
2025-01,257150061,ab2eca8a-fcc3-44d1-93d7-ccd04179f626,,2025-01-02T14:51:34-04:00,2024-12-10,605666,Ocyptamus cylindricus,species,194793,needs_id,1,1,1,0,18.0458290788,-63.020951423,0,Ocyptamus,genus,genus,2,2,1,1,1,0,1,0,0,1,1,1,0,2025-01-02T19:51:34+01:00,2025-03-13T02:13:56+01:00,0.0,1662.37
2025-01,257153966,3f9d59e1-06c5-4d3c-9cfb-0ff98930c64d,,2025-01-02T21:38:16+02:00,2024-12-24,145540,Eristalinus taeniops,species,145540,research,2,1,1,0,38.0019,23.7362466667,0,Eristalinus taeniops,species,species,3,3,1,2,1,2,0,0,0,1,3,0,0,2025-01-02T22:38:16+03:00,2025-01-03T01:15:06+03:00,0.0,2.61
2025-01,257156193,3525354e-ade2-4fc8-856e-edc8a09989c9,,2025-01-02T20:58:02+01:00,2023-07-19,52482,Episyrphus balteatus,species,52482,research,2,1,1,0,56.2284666787,10.5493253373,0,Episyrphus balteatus,species,species,3,3,1,2,1,2,0,0,0,0,3,0,0,2025-01-02T22:58:02+03:00,2025-01-03T01:09:56+03:00,0.0,2.2
2025-01,257197588,16c33b83-00d7-4ae2-a683-38570d25ba39,,2025-01-03T14:28:50+11:00,2025-01-03,55719,Eristalis tenax,species,55719,research,4,1,1,0,-42.7876972222,147.2641194444,0,Eristalis tenax,species,species,2,2,1,1,1,1,0,0,0,0,2,0,0,2025-01-03T03:28:50+00:00,2025-01-05T07:56:53+00:00,0.0,52.47
2025-01,257198792,18ac8e40-496d-4e40-b921-883a3cf526c8,,2025-01-03T14:13:32+10:30,2024-11-02,397192,Simosyrphus grandicornis,species,397192,research,1,1,1,0,-34.9012111997,138.5176485,0,Simosyrphus grandicornis,species,species,3,3,1,2,2,1,0,0,0,1,2,0,0,2025-01-03T17:56:29+11:00,2025-01-04T12:56:04+11:00,3.22,18.99
2025-01,257293866,1c4cd7fa-ff18-4a15-9fc1-5bb82f94a4df,,2025-01-04T11:40:23+11:00,2024-11-01,362610,Melangyna viridiceps,species,70210,needs_id,1,1,1,0,-33.5373083333,150.4228533333,0,Melangyna,genus,genus,2,2,1,1,1,0,1,0,0,1,1,1,0,2025-01-04T00:40:23+00:00,2025-01-04T01:53:50+00:00,0.0,1.22
2025-01,257308742,7aeb1dd1-02a0-4d74-bb6b-4a1ad6dec736,,2025-01-04T13:28:00+10:00,2025-01-04,357781,Mesembrius bengalensis,species,,needs_id,2,0,0,0,-25.9471138275,152.643193379,0,,,none,1,1,1,0,0,0,1,0,0,0,1,0,0,2025-01-04T13:28:00+10:00,2025-01-04T13:28:00+10:00,0.0,0.0
2025-01,257342310,8172c2ee-c1c1-45c5-9edb-8876dbea08b6,,2025-01-04T14:39:50+03:00,2024-08-28,52486,Helophilus pendulus,species,52486,research,1,1,1,0,65.8427995479,44.2409412152,0,Helophilus pendulus,species,species,2,2,1,1,1,1,0,0,0,1,2,0,0,2025-01-04T12:39:50+01:00,2025-01-04T13:26:16+01:00,0.0,0.77
2025-01,257349695,723b2d5a-de63-418a-97f2-c76a9acfb56a,,2025-01-04T13:21:17+00:00,2024-08-11,70147,Chrysogaster solstitialis,species,70147,research,2,1,1,0,51.122625,0.232999,0,Chrysogaster solstitialis,species,species,2,2,1,1,1,1,0,0,0,0,2,0,0,2025-01-04T13:21:17+00:00,2025-01-05T10:32:14+00:00,0.0,21.18
2025-01,257360639,79b246d3-5989-4950-abb5-4950ec3ec8df,,2025-01-04T15:28:19+00:00,2022-08-21,52160,Scaeva pyrastri,species,52160,research,3,1,1,0,53.2742909162,-8.9631386515,0,Scaeva pyrastri,species,species,2,2,1,1,1,1,0,0,0,0,2,0,0,2025-01-04T15:28:19+00:00,2025-01-04T20:33:46+00:00,0.0,5.09
2025-01,257361987,c0475056-806d-4227-96da-b850aaa35c7b,,2025-01-04T16:41:38+01:00,2018-07-18,70190,Sericomyia silentis,species,70190,research,5,1,1,0,54.2689955294,18.470396427,0,Sericomyia silentis,species,species,2,2,1,1,1,1,0,0,0,0,2,0,0,2025-01-04T15:41:38+00:00,2025-01-04T20:31:46+00:00,0.0,4.84
2025-01,257366181,7b64756d-27e6-417f-b067-c6253e44225b,,2025-01-04T08:29:11-08:00,2024-12-21,1102276,Copestylum fraudulentum,species,1102276,research,7,1,1,0,34.161376,-117.892674,0,Copestylum fraudulentum,species,species,2,2,1,1,1,1,0,0,0,0,2,0,0,2025-01-04T09:06:16-08:00,2025-01-04T11:16:38-08:00,0.62,2.17
2025-01,257368748,d3090e61-8a38-4ff3-a65b-d4484a41287a,,2025-01-04T16:54:30+00:00,2024-12-19,55719,Eristalis tenax,species,55719,research,1,1,1,0,27.832644059,-15.617419108,0,Eristalis tenax,species,species,3,3,1,2,1,2,0,0,0,1,3,0,0,2025-01-04T16:54:30+00:00,2025-01-04T21:54:17+00:00,0.0,5.0
2025-01,257382091,47f332b5-67b1-4582-9780-dd2b9b0000ab,,2025-01-04T16:18:22-03:00,2024-12-22,479803,Dioprosopa clavata,species,479803,research,1,1,1,0,-32.0414327974,-63.5719057395,0,Dioprosopa clavata,species,species,2,2,1,1,1,1,0,0,0,1,2,0,0,2025-01-04T16:18:22-03:00,2025-05-09T15:46:58-03:00,0.0,2999.48
2025-01,257384934,c6bf34ba-eb13-49d3-900b-111ab28e3f7f,,2025-01-04T19:44:43+00:00,2023-05-02,462191,Xylota segnis,species,462191,research,1,1,1,0,53.2784075893,-8.9768010296,0,Xylota segnis,species,species,2,2,1,1,1,1,0,0,0,0,2,0,0,2025-01-04T19:44:43+00:00,2026-01-07T21:59:34+00:00,0.0,8834.25
2025-01,257389692,d6e62dc9-c435-4347-b67c-c315b7d127df,,2025-01-04T17:27:45-03:00,2025-01-04,55264,Palpada vinetorum,species,,needs_id,2,0,0,0,-14.500354,-42.2274573,0,,,none,1,1,1,0,0,0,1,0,0,0,1,0,0,2025-01-04T17:27:45-03:00,2025-01-04T17:27:45-03:00,0.0,0.0
2025-01,257408602,823e2530-c3cc-4a43-af1b-df0c2cac8f71,,2025-01-04T17:38:49-06:00,2024-12-30,203627,Palpada pusilla,species,55265,needs_id,1,1,1,0,30.6825747146,-97.7127774116,0,Palpada,genus,genus,2,2,1,1,1,0,1,0,0,1,1,1,0,2025-01-04T17:38:49-06:00,2025-01-04T20:36:11-06:00,0.0,2.96
2025-01,257454494,49e0b7fc-566c-4ba1-8747-8e514a5e5a3c,,2025-01-05T18:07:57+08:00,2025-01-05,49995,Syrphidae,family,,needs_id,2,0,0,0,25.237832,115.732077,0,,,none,1,1,1,0,0,0,1,0,0,0,0,0,1,2025-01-05T18:07:57+08:00,2025-01-05T18:07:57+08:00,0.0,0.0
2025-01,257476342,ede0ad85-b1df-45a2-abf8-f031f45d15c9,,2025-01-05T15:12:56+00:00,2015-09-29,55719,Eristalis tenax,species,55719,research,1,1,1,0,52.4053,-4.088016,0,Eristalis tenax,species,species,2,2,1,1,1,1,0,0,0,0,2,0,0,2025-01-05T15:12:57+00:00,2025-01-05T16:01:46+00:00,0.0,0.81
2025-01,257547089,3cb55b75-a78a-41b9-ac83-58cb59e78b15,,2025-01-06T05:07:16+02:00,2024-07-30,52482,Episyrphus balteatus,species,52482,research,1,1,1,0,60.2408643997,24.7004015997,0,Episyrphus balteatus,species,species,3,3,1,2,1,2,0,0,0,1,3,0,0,2025-01-06T06:07:16+03:00,2025-01-06T18:34:00+03:00,0.0,12.45
2025-01,257558280,7ed95d09-b799-4cdc-a851-1c3ecfd5611d,,2025-01-06T18:37:07+13:00,2025-01-06,186841,Syrphinae,subfamily,186841,needs_id,1,0,0,0,-41.256585,174.754015,0,Syrphinae,subfamily,other,2,2,1,1,1,1,0,0,0,1,0,0,0,2025-01-06T18:37:07+13:00,2025-01-06T19:23:21+13:00,0.0,0.77
2025-01,257576542,62c03651-aa31-43d1-8add-1eadbadf9248,,2025-01-06T07:58:58-03:00,2025-01-05,55265,Palpada,genus,,needs_id,6,0,0,0,-5.4915929849,-47.4829966575,0,,,none,1,1,1,0,0,0,1,0,0,1,0,1,0,2025-01-06T10:58:58+00:00,2025-01-06T10:58:58+00:00,0.0,0.0
2025-01,257651680,e9239007-cd61-45f7-bd70-8ad10a2a6e52,,2025-01-07T13:43:09+13:00,2025-01-07,394128,Orthoprosopa bilineata,species,394128,research,1,1,1,0,-41.261525,174.7580116667,0,Orthoprosopa bilineata,species,species,4,4,1,3,3,1,0,0,0,0,2,0,1,2025-01-07T00:43:09+00:00,2025-01-31T18:26:08+00:00,0.0,593.72
2025-01,257687135,2a17a8ac-2afc-455c-b664-87cfca676b2e,,2025-01-07T11:29:00+01:00,2023-05-02,210336,Eupeodes luniger,species,210336,research,3,1,1,0,50.2854079505,3.4531240218,0,Eupeodes luniger,species,species,2,2,1,1,1,1,0,0,0,1,2,0,0,2025-01-07T11:29:00+01:00,2025-02-11T21:00:17+01:00,0.0,849.52
2025-01,257690249,1bc72d5b-89e0-4be6-8ff8-992124c50658,,2025-01-07T22:33:05+11:00,2025-01-07,745823,Ceriana ornata,species,745823,research,8,1,1,0,-28.7828771773,153.4982497866,0,Ceriana ornata,species,species,4,4,1,3,2,2,0,0,1,0,2,0,0,2025-01-07T13:35:11+00:00,2025-01-07T22:22:03+00:00,2.04,8.78
2025-01,257771194,3036c61e-6e5b-4980-bee4-c48c26909bf2,,2025-01-08T05:06:47+00:00,2025-01-07,1364214,Phytomia curta,species,1364214,research,1,1,1,0,13.5307585772,-16.4340602721,0,Phytomia curta,species,species,2,2,1,1,1,1,0,0,0,0,2,0,0,2025-01-08T06:52:31+00:00,2025-01-08T07:01:04+00:00,1.76,0.14
2025-01,257885670,588052ec-0cd1-4ab3-9b88-52b4772ac349,,2025-01-08T23:28:12-03:00,2025-01-01,118969,Allograpta,genus,,needs_id,1,0,0,0,-31.5509418188,-61.0677071481,0,,,none,1,1,1,0,0,0,1,0,0,0,0,1,0,2025-01-08T23:28:12-03:00,2025-01-08T23:28:12-03:00,0.0,0.0
2025-01,257950534,28918c82-4ae9-4f49-8c7e-1d44603ce068,,2025-01-09T20:24:43+00:00,2024-09-27,342901,Meliscaeva cinctella,species,342901,research,1,1,1,0,54.7511720534,-5.8767955861,0,Meliscaeva cinctella,species,species,2,2,1,1,1,1,0,0,0,1,2,0,0,2025-01-09T20:24:43+00:00,2025-01-10T16:01:02+00:00,0.0,19.61
2025-01,257970027,1ec68a18-5100-448b-9dec-0405b22a734a,,2025-01-09T23:55:16+02:00,2025-01-05,354672,Ischiodon,genus,49995,needs_id,5,1,1,0,38.0019027833,23.736345,0,Syrphidae,family,other,2,2,1,1,1,0,1,0,0,0,0,1,1,2025-01-09T23:55:16+02:00,2025-01-16T12:54:26+02:00,0.0,156.99
2025-01,258127646,0ff1741f-ffdf-4910-916e-600b48e9acae,,2025-01-11T22:56:39+11:00,2022-03-13,70210,Melangyna,genus,,needs_id,1,0,0,0,-34.854567975,150.5800432806,0,,,none,1,1,1,0,0,0,1,0,0,1,0,1,0,2025-01-11T11:56:39+00:00,2025-01-11T11:56:39+00:00,0.0,0.0
2025-01,258223520,53ab5266-bee4-4e24-8dde-dfe4691b0d40,,2025-01-12T08:55:10+01:00,2007-04-11,344020,Xanthogramma citrofasciatum,species,344020,research,1,1,1,0,47.6899031189,17.6737919849,0,Xanthogramma citrofasciatum,species,species,3,3,1,2,2,1,0,0,0,2,2,1,0,2025-01-12T08:59:24+01:00,2025-01-14T06:21:23+01:00,0.07,45.37
2025-01,258261846,6fe9963b-a43f-4704-8119-3eed96faa9d6,,2025-01-12T10:12:31-05:00,2024-08-05,81979,Syritta pipiens,species,81979,research,3,1,1,0,44.25003412,-72.56552305,3,Syritta pipiens,species,species,2,2,1,1,1,1,0,0,0,0,2,0,0,2025-01-12T10:12:31-05:00,2025-01-12T21:12:31-05:00,0.0,11.0
2025-01,258285608,549c90a3-51de-438c-8e65-79f75bd59884,,2025-01-12T19:26:15+01:00,2024-05-18,119997,Chrysotoxum,genus,49995,needs_id,1,1,1,0,37.9793992,-1.1385763,0,Syrphidae,family,other,3,3,1,2,2,0,1,0,0,1,0,1,1,2025-01-12T20:26:15+02:00,2025-01-12T22:22:27+02:00,0.0,1.94
2025-01,258323038,51fcdf27-3024-426e-a535-2e665980558a,,2025-01-12T19:07:34-06:00,2024-12-31,126889,Toxomerus marginatus,species,126889,research,1,1,1,0,30.3804128153,-97.6714228931,0,Toxomerus marginatus,species,species,4,4,1,3,1,3,0,0,0,0,3,1,0,2025-01-12T19:53:36-06:00,2025-01-13T07:57:43-06:00,0.77,12.07
2025-01,258323843,a1e2727d-826b-4a47-ae8c-f8c63ea35d6d,,2025-01-12T17:16:26-08:00,2024-05-22,121357,Platycheirus,genus,121357,needs_id,4,1,1,0,48.0683615,-122.7936514,0,Platycheirus,genus,genus,3,3,1,2,1,2,0,0,0,1,0,3,0,2025-01-12T17:16:26-08:00,2025-01-12T23:21:29-08:00,0.0,6.08
2025-01,258337088,723ca478-c1f7-43e1-b447-39586a53be07,,2025-01-12T21:43:35-06:00,2025-01-11,322357,Eupeodes volucris,species,322357,research,3,1,1,0,31.6338372117,-98.2483995998,2,Eupeodes volucris,species,species,2,2,1,1,1,1,0,0,0,0,2,0,0,2025-01-12T21:45:51-06:00,2025-01-12T21:50:13-06:00,0.04,0.07
2025-01,258343683,2fdb62ae-26af-4029-a257-c1cfaf2e8fe0,,2025-01-12T21:21:07-08:00,2024-09-22,55719,Eristalis tenax,species,55719,research,1,1,1,0,45.5800361111,-122.6295472222,1,Eristalis tenax,species,species,3,3,1,2,1,2,0,0,0,1,3,0,0,2025-01-13T00:21:07-05:00,2025-01-14T17:38:51-05:00,0.0,41.3
2025-01,258336049,6bfcdd79-77f2-4d80-9942-520a246df8b1,,2025-01-13T16:30:23+13:00,2025-01-09,380279,Melanostoma fasciatum,species,380279,research,3,1,1,0,-45.6053584765,170.6681123454,0,Melanostoma fasciatum,species,species,2,2,1,1,1,1,0,0,0,0,2,0,0,2025-01-13T16:30:23+13:00,2025-01-13T17:52:01+13:00,0.0,1.36
2025-01,258359758,9a0bdea8-e582-4c7c-b716-3e99c9b5c604,,2025-01-13T21:11:28+11:00,2025-01-13,55719,Eristalis tenax,species,55719,research,1,1,1,0,-41.5225881858,146.6538236756,0,Eristalis tenax,species,species,2,2,1,1,1,1,0,0,0,1,2,0,0,2025-01-13T10:11:28+00:00,2025-01-13T22:31:22+00:00,0.0,12.33
2025-01,258387487,5a75eb14-2bd7-4440-9611-cab770dc1cfe,,2025-01-13T17:34:42+00:00,2024-08-25,486780,Neoascia,genus,486780,research,4,1,0,1,51.120777,0.218336,0,Neoascia,genus,genus,5,5,1,4,1,3,1,0,1,0,1,4,0,2025-01-13T17:34:42+00:00,2026-01-05T09:07:31+00:00,0.0,8559.55
2025-01,258507575,74d42645-f0c6-4200-a87e-de3a2feb34c8,,2025-01-14T18:36:28-05:00,2025-01-14,58753,Toxomerus,genus,,needs_id,2,0,0,0,4.637365,-75.5703107,1,,,none,1,1,1,0,0,0,1,0,0,1,0,1,0,2025-01-14T23:36:28+00:00,2025-01-14T23:36:28+00:00,0.0,0.0
2025-01,258515005,6d84e2c2-a33f-43b7-b53e-26febe830e5f,,2025-01-14T17:07:49-08:00,2025-01-14,118968,Allograpta obliqua,species,,needs_id,3,0,0,0,37.3433046001,-122.017561143,0,,,none,1,1,1,0,0,0,1,0,0,0,1,0,0,2025-01-14T17:07:49-08:00,2025-01-14T17:07:49-08:00,0.0,0.0
2025-01,258490756,922da59b-3853-469c-bf15-1f54a1d7acde,,2025-01-15T04:50:08+09:00,2023-03-11,355837,Phytomia zonata,species,355837,research,2,1,1,0,26.2475166667,127.7304916667,0,Phytomia zonata,species,species,2,2,1,1,1,1,0,0,0,1,2,0,0,2025-01-15T04:50:08+09:00,2025-01-15T07:34:31+09:00,0.0,2.74
2025-01,258581818,84a5a8eb-9e53-4688-b899-6af2b2611665,,2025-01-15T21:07:35+02:00,2015-07-25,1144214,Eurimyia,genus,,needs_id,1,0,0,0,62.0243960333,21.8443270551,0,,,none,1,1,1,0,0,0,1,0,0,1,0,1,0,2025-01-15T19:07:35+00:00,2025-01-15T19:07:35+00:00,0.0,0.0
2025-01,258591287,17cf65a7-3f11-4198-b1b8-4ce7f192d253,,2025-01-15T22:15:19+01:00,2017-04-01,55719,Eristalis tenax,species,55719,research,1,1,1,0,42.113899231,-8.824681282,0,Eristalis tenax,species,species,2,2,1,1,1,1,0,0,0,1,2,0,0,2025-01-15T21:15:19+00:00,2025-01-15T21:17:01+00:00,0.0,0.03
2025-01,258682869,91aee2c9-ce2f-4e0f-bd18-01027a5942dc,,2025-01-16T17:09:44-04:00,2025-01-16,425253,Palpada furcata,species,,needs_id,6,0,0,0,19.1208075,-70.5818136997,0,,,none,1,1,1,0,0,0,1,0,0,1,1,0,0,2025-01-16T15:09:44-06:00,2025-01-16T15:09:44-06:00,0.0,0.0
2025-01,258683777,bd8ec344-f473-4bd2-90f1-e80f92b424fc,,2025-01-16T15:22:20-06:00,2022-08-28,55719,Eristalis tenax,species,55719,research,8,1,1,0,19.2568555556,-99.1351611111,1,Eristalis tenax,species,species,2,2,1,1,1,1,0,0,0,1,2,0,0,2025-01-16T16:22:20-05:00,2025-02-02T23:11:01-05:00,0.0,414.81
2025-01,258814678,0eab1e0b-1e6d-483f-a046-eddbf8df8b6e,,2025-01-18T21:32:14+13:00,2016-01-04,118969,Allograpta,genus,118969,needs_id,1,4,3,1,-43.6956634591,170.0966413829,0,Allograpta,genus,genus,4,4,1,3,1,2,0,1,1,1,1,3,0,2025-01-18T08:32:14+00:00,2025-02-11T22:19:27+00:00,0.0,589.79
2025-01,258819594,8e2f293d-d5bf-4e90-bc64-dbd51202d32f,,2025-01-18T11:05:54+01:00,2017-07-18,469386,Chrysotoxum arcuatum,species,,needs_id,2,0,0,0,46.86247,13.83294,0,,,none,1,1,1,0,0,0,1,0,0,0,1,0,0,2025-01-18T10:05:54+00:00,2025-01-18T10:05:54+00:00,0.0,0.0
2025-01,258881244,75460260-0bb6-427e-8d96-d0201f381213,,2025-01-18T15:26:41-07:00,2025-01-18,859117,Copestylum isabellina,species,859117,research,2,1,1,0,33.2785150713,-111.157027334,1,Copestylum isabellina,species,species,2,2,1,1,1,1,0,0,0,0,2,0,0,2025-01-18T15:26:41-07:00,2025-02-04T13:05:32-07:00,0.0,405.65
2025-01,258929116,c76977d9-b650-40d2-9dd4-c870e034fd79,,2025-01-19T11:01:25+01:00,2019-06-29,52482,Episyrphus balteatus,species,52482,research,4,1,1,0,50.3779984431,20.7169264467,0,Episyrphus balteatus,species,species,3,3,1,2,1,2,0,0,0,1,3,0,0,2025-01-19T13:01:25+03:00,2025-01-19T20:43:41+03:00,0.0,7.7
2025-01,259207835,7a58d99b-02b6-4305-ac4a-100a2b4be447,,2025-01-21T23:11:34-03:00,2025-01-21,55265,Palpada,genus,,needs_id,1,0,0,0,-2.6735808445,-44.2878049147,0,,,none,1,1,1,0,0,0,1,0,0,1,0,1,0,2025-01-22T02:11:34+00:00,2025-01-22T02:11:34+00:00,0.0,0.0
2025-01,259223745,4209f430-da55-47d9-a201-060eca8fc774,,2025-01-21T23:43:25-07:00,2024-06-24,324344,Melanostoma mellinum,species,324344,research,1,1,1,0,49.4850083333,-115.0930472222,0,Melanostoma mellinum,species,species,2,2,1,1,1,1,0,0,0,1,2,0,0,2025-01-22T00:43:26-06:00,2025-01-22T15:37:27-06:00,0.0,14.9
2025-01,259295568,951389c3-06c2-48fb-972d-ea6b83ec1af7,,2025-01-22T17:47:07-08:00,2025-01-22,322357,Eupeodes volucris,species,322357,research,1,1,1,0,34.1782334409,-118.4708783369,0,Eupeodes volucris,species,species,3,3,1,2,1,2,0,0,0,1,3,0,0,2025-01-23T01:47:07+00:00,2025-01-23T16:50:12+00:00,0.0,15.05
2025-01,259314650,d747a696-3e2a-49db-b00d-093d4c0ad518,,2025-01-23T08:40:57+02:00,2024-06-15,52964,Sphaerophoria scripta,species,52964,research,1,1,1,0,44.71591685,21.6639051586,0,Sphaerophoria scripta,species,species,2,2,1,1,1,1,0,0,0,1,2,0,0,2025-01-23T09:40:57+03:00,2025-01-23T10:02:15+03:00,0.0,0.35
2025-01,259331458,8140244e-d1b9-4680-a058-514352745686,,2025-01-23T23:10:10+11:00,2025-01-23,362610,Melangyna viridiceps,species,362610,research,1,1,1,0,-37.2705860227,144.3078421002,0,Melangyna viridiceps,species,species,2,2,1,1,1,1,0,0,0,1,2,0,0,2025-01-23T12:10:10+00:00,2025-02-23T02:39:42+00:00,0.0,734.49
2025-01,259350955,9bd25caa-70fa-41c4-a6aa-54b0b3506ea4,,2025-01-23T14:09:52-03:00,2024-12-20,121357,Platycheirus,genus,121357,needs_id,1,1,1,0,-39.8625722222,-73.3946444444,0,Platycheirus,genus,genus,3,3,1,2,1,2,0,0,0,1,0,3,0,2025-01-23T17:09:52+00:00,2025-01-24T01:50:46+00:00,0.0,8.68
2025-01,259356543,6cfd06e7-2edd-4055-b46a-300490804a0c,,2025-01-23T19:25:43+01:00,2025-01-23,52482,Episyrphus balteatus,species,52482,research,1,1,1,0,41.3983216667,2.18798,1,Episyrphus balteatus,species,species,3,3,1,2,1,2,0,0,0,1,3,0,0,2025-01-23T21:25:43+03:00,2025-02-02T21:25:50+03:00,0.0,240.0
2025-01,259364296,b10b958f-340c-4877-8365-28f09c1ccf9a,,2025-01-23T22:04:20+02:00,2025-01-23,520020,Eristalina,subtribe,520020,needs_id,1,2,2,0,-34.4456139415,19.4581533596,1,Eristalina,subtribe,other,2,2,1,1,0,0,2,0,1,0,0,2,0,2025-01-23T21:04:20+01:00,2025-01-24T13:18:02+00:00,0.0,17.23
2025-01,259416984,9d996b56-b312-4f9a-897f-9f890eb7de9e,,2025-01-24T21:02:37+11:00,2023-10-08,1118121,Asiobaccha notofasciata,species,1118121,research,3,1,1,0,-34.0103446742,151.0505053968,0,Asiobaccha notofasciata,species,species,2,2,1,1,1,1,0,0,0,0,2,0,0,2025-01-24T18:02:37+08:00,2026-02-10T19:00:15+08:00,0.0,9168.96
2025-01,259419924,10ef77f3-522a-425a-aadb-19f95abce3eb,,2025-01-24T12:02:04+01:00,2024-06-23,342901,Meliscaeva cinctella,species,342901,research,1,2,2,0,48.5721827778,8.9763255556,0,Meliscaeva cinctella,species,species,3,3,1,2,2,1,0,0,0,2,2,1,0,2025-01-24T12:02:04+01:00,2025-12-28T17:49:12+01:00,0.0,8117.79
2025-01,259504002,d9fa6b55-be58-4223-b6e7-c5d663572b7d,,2025-01-25T13:26:06+07:00,2004-07-02,52480,Volucella pellucens,species,52480,research,1,1,1,0,54.824805528,83.1139809266,0,Volucella pellucens,species,species,2,2,1,1,1,1,0,0,0,1,2,0,0,2025-01-25T06:26:06+00:00,2025-01-28T18:23:07+00:00,0.0,83.95
2025-01,259560114,3bea8700-ceae-45fe-a8a0-2da2d6f80c15,,2025-01-25T20:17:05+01:00,2025-01-25,52482,Episyrphus balteatus,species,52482,research,2,1,1,0,49.013062006,8.3911621571,1,Episyrphus balteatus,species,species,3,3,1,2,1,2,0,0,0,0,3,0,0,2025-01-25T19:17:05+00:00,2025-01-25T20:11:43+00:00,0.0,0.91
2025-01,259616605,98e7b481-bd34-40c5-bfb3-13b31bc8b0df,,2025-01-26T09:52:01+03:00,2024-01-30,49995,Syrphidae,family,,needs_id,3,0,0,0,26.4497121897,38.3099747829,0,,,none,1,1,1,0,0,0,1,0,0,1,0,0,1,2025-01-26T06:52:01+00:00,2025-01-26T06:52:01+00:00,0.0,0.0
2025-01,259680763,be7e7c1f-67c6-404b-a0c3-c2afc8cb6a6a,,2025-01-26T20:49:27+01:00,2024-06-21,70190,Sericomyia silentis,species,70190,research,1,1,1,0,56.1562888333,9.9142616667,0,Sericomyia silentis,species,species,2,2,1,1,1,1,0,0,0,1,2,0,0,2025-01-26T19:49:27+00:00,2025-01-26T21:55:02+00:00,0.0,2.09
2025-01,259694318,1fb28fe7-3ace-445f-887d-9a7ddcea1bc2,,2025-01-26T22:57:25+01:00,2024-07-18,417898,Cheilosia bergenstammi,species,,needs_id,2,0,0,0,50.7889400196,2.4766794091,0,,,none,1,1,1,0,0,0,1,0,0,0,1,0,0,2025-01-26T21:57:25+00:00,2025-01-26T21:57:25+00:00,0.0,0.0
2025-01,259768742,ca8efba9-fc1a-44a5-9c3b-5d622a45e2b7,,2025-01-27T16:49:51+01:00,2022-06-17,505657,Xanthogramma dives,species,,needs_id,1,0,0,0,43.926911,19.535855,0,,,none,1,1,1,0,0,0,1,0,0,1,1,0,0,2025-01-27T15:49:51+00:00,2025-01-27T15:49:51+00:00,0.0,0.0
2025-01,259801373,021250de-f2bc-40b7-994a-c7fdd1df4a3d,,2025-01-27T18:17:53-04:00,2025-01-27,322891,Ornidia,genus,322891,needs_id,2,1,1,0,-17.4594592778,-63.65325925,0,Ornidia,genus,genus,3,3,1,2,1,2,0,0,0,1,0,3,0,2025-01-27T14:17:53-08:00,2025-03-18T23:00:19-07:00,0.0,1207.71
2025-01,259915040,1327aed6-dcdd-4c0d-ab2d-bbc3fd167c38,,2025-01-29T02:40:02+02:00,2024-09-28,1098608,Paragus,subgenus,311431,needs_id,1,1,1,0,48.015883,37.80285,0,Paragus,genus,genus,3,3,1,2,1,1,1,0,0,1,0,2,0,2025-01-29T01:40:02+01:00,2025-01-29T07:09:15+01:00,0.0,5.49
2025-01,259927698,f2720c44-7152-431f-b1f2-d980f4a88888,,2025-01-29T14:39:04+11:00,2025-01-29,397192,Simosyrphus grandicornis,species,397192,research,1,1,1,0,-30.4809902997,152.8795303997,0,Simosyrphus grandicornis,species,species,2,2,1,1,1,1,0,0,0,1,2,0,0,2025-01-29T03:39:04+00:00,2025-01-29T04:57:51+00:00,0.0,1.31
2025-01,259944032,b8b627fa-e714-43a8-89bf-bb155fd2753c,,2025-01-29T09:59:32+01:00,2025-01-28,346004,Dasysyrphus,genus,346004,needs_id,1,0,0,0,50.106259,8.681131,0,Dasysyrphus,genus,genus,2,2,1,1,1,1,0,0,0,0,0,2,0,2025-01-29T09:59:32+01:00,2025-01-29T14:20:51+01:00,0.0,4.36
2025-01,259958012,307a0b69-bc7a-4a27-9780-c914f8799598,,2025-01-29T12:57:02+00:00,2022-05-26,322366,Syrphus torvus,species,322366,research,1,1,1,0,51.3306915224,-0.5374070392,0,Syrphus torvus,species,species,3,3,1,2,1,2,0,0,0,0,3,0,0,2025-01-29T13:17:50+00:00,2025-02-02T11:58:41+00:00,0.35,94.68
2025-01,260001878,9adbae8e-5529-4619-a1f0-07524cecef03,,2025-01-29T18:55:32-03:00,2025-01-27,329983,Ornidia obesa,species,329983,research,4,1,1,0,-23.2277700457,-45.0691699102,0,Ornidia obesa,species,species,3,3,1,2,1,2,0,0,0,0,2,1,0,2025-01-29T19:07:18-03:00,2025-01-30T14:50:22-03:00,0.2,19.72
2025-01,260022035,51ad8e4b-eb28-4d1c-aafc-6ab1a7d01dbe,,2025-01-30T13:04:17+11:00,2025-01-29,603244,Austalis copiosa,species,47822,needs_id,2,1,1,0,-38.1924702964,146.2623299717,0,Diptera,order,other,2,2,1,1,1,0,1,0,0,0,1,0,0,2025-01-30T13:04:17+11:00,2025-01-30T14:13:35+11:00,0.0,1.16
2025-01,260073973,a2ade0d9-d980-42b3-8ed1-409ec68b1580,,2025-01-30T09:42:04-08:00,2024-09-21,491047,Eristalis anthophorina,species,52491,needs_id,1,1,1,0,48.3688441322,-123.5616637694,0,Eristalis,genus,genus,2,2,1,1,1,0,1,0,0,1,1,1,0,2025-01-30T12:42:04-05:00,2025-01-30T15:17:22-05:00,0.0,2.59
2025-01,260175815,9a85ac04-5c7d-4a88-9deb-31b05c6697dc,,2025-01-31T19:17:16+01:00,2024-10-10,52482,Episyrphus balteatus,species,52482,research,1,1,1,0,47.0653537,16.0487448,0,Episyrphus balteatus,species,species,3,3,1,2,2,1,0,0,0,0,2,0,1,2025-01-31T18:17:16+00:00,2025-01-31T22:46:12+00:00,0.0,4.48
2025-01,260195722,f815ccb9-24fc-4ae4-b212-20e954f36b51,,2025-01-31T17:05:11-05:00,2024-08-22,146632,Toxomerus politus,species,,casual,0,0,0,0,41.3324445,-71.8339166,0,,,none,1,1,1,0,0,0,1,0,0,0,1,0,0,2025-01-31T22:05:11+00:00,2025-01-31T22:05:11+00:00,0.0,0.0
2025-02,260269406,d9bc672e-59a3-4bb9-bc9c-54ec97f47522,,2025-02-01T16:50:05+01:00,2024-08-15,70415,Helophilus trivittatus,species,70415,research,5,1,1,0,46.9825683333,15.649105,0,Helophilus trivittatus,species,species,3,3,1,2,2,1,0,0,0,2,2,1,0,2025-02-01T16:50:05+01:00,2025-02-02T01:02:56+01:00,0.0,8.21
2025-02,260277338,f21f57d5-8eb1-40b5-b909-4f961cc18308,,2025-02-01T18:09:15+01:00,2020-04-18,1098608,Paragus,subgenus,1098608,needs_id,2,1,1,0,43.6574633101,4.7582133808,0,Paragus,subgenus,other,4,4,1,3,1,3,0,0,0,0,0,2,0,2025-02-02T04:15:35+01:00,2025-12-31T12:26:13+01:00,10.11,7976.18
2025-02,260277353,500340ff-9205-4701-9f40-91ca43034b38,,2025-02-01T18:09:18+01:00,2020-03-19,52160,Scaeva pyrastri,species,52160,research,1,1,1,0,43.6574633101,4.7582133808,0,Scaeva pyrastri,species,species,2,2,1,1,1,1,0,0,0,0,2,0,0,2025-02-01T17:09:18+00:00,2025-02-01T19:03:52+00:00,0.0,1.91
2025-02,260279056,1c3b99e6-2250-40bb-92a2-39788d74cacb,,2025-02-01T17:25:36+00:00,2025-01-30,52482,Episyrphus balteatus,species,52482,research,2,1,1,0,51.605175,0.1900116667,0,Episyrphus balteatus,species,species,3,3,1,2,1,2,0,0,0,1,3,0,0,2025-02-01T20:25:36+03:00,2025-02-01T21:02:44+03:00,0.0,0.62
2025-02,260286474,8fd33fc2-81eb-48cf-98a2-d1f169c063e0,,2025-02-01T21:36:18+03:00,2024-08-26,52488,Syrphus ribesii,species,52488,research,2,1,1,0,56.4287835898,38.720370664,0,Syrphus ribesii,species,species,3,3,1,2,2,1,0,0,0,2,2,1,0,2025-02-01T18:36:18+00:00,2025-02-02T12:24:37+00:00,0.0,17.81
2025-02,260318564,1af9ddfc-0335-46ff-8528-96f159b7aeeb,,2025-02-01T15:57:23-08:00,2025-02-01,186841,Syrphinae,subfamily,186841,needs_id,1,2,2,0,33.996907,-118.446034,0,Syrphinae,subfamily,other,2,2,1,1,0,0,2,0,1,0,1,1,0,2025-02-01T17:57:23-06:00,2025-02-02T15:14:50-06:00,0.0,21.29
2025-02,260426407,9409736e-89a2-4d25-8495-3aab39360279,,2025-02-02T13:15:02-08:00,2025-02-02,154762,Eristalinus aeneus,species,154762,research,2,1,1,0,34.8733555556,-117.0308,5,Eristalinus aeneus,species,species,2,2,1,1,0,2,0,0,0,0,2,0,0,2025-02-02T11:16:25-10:00,2025-02-02T11:22:40-10:00,0.02,0.1
2025-02,260439382,9d3a47ba-9041-4c14-9369-49b682713e93,,2025-02-02T15:12:48-08:00,2025-02-02,493594,Eupeodes fumipennis,species,,needs_id,1,0,0,0,34.8734166667,-117.0308,5,,,none,1,1,1,0,0,0,1,0,0,0,1,0,0,2025-02-02T13:16:44-10:00,2025-02-02T13:16:44-10:00,0.07,0.0
2025-02,260395314,68990079-1b33-4323-8bf6-03893951ae25,,2025-02-03T00:29:37+08:00,2024-06-26,52233,Eumerus,genus,52233,needs_id,12,0,0,0,39.986913,116.3058739,0,Eumerus,genus,genus,2,2,1,1,1,1,0,0,0,0,0,2,0,2025-02-02T08:29:37-08:00,2025-02-04T15:03:39-08:00,0.0,54.57
2025-02,260572012,3ae264f7-4c9b-4052-9568-ae2dd2a644f9,,2025-02-03T23:57:19-05:00,2025-02-02,506537,Salpingogaster,genus,506537,needs_id,1,0,0,0,-1.4580472222,-78.104675,0,Salpingogaster,genus,genus,2,2,1,1,1,1,0,0,0,0,0,2,0,2025-02-07T14:57:51-08:00,2025-03-07T11:00:36-08:00,90.01,668.05
2025-02,260612179,14892000-daaa-4099-ac94-84900520b3af,,2025-02-04T15:26:30+00:00,2025-02-04,70211,Myathropa florea,species,70211,research,1,1,1,0,28.4807424464,-16.3142356633,0,Myathropa florea,species,species,2,2,1,1,1,1,0,0,0,0,2,0,0,2025-02-04T15:26:30+00:00,2025-02-04T18:01:24+00:00,0.0,2.58
2025-02,260618029,7e25c7f4-817d-44a4-a7d1-9d52e9b2701e,,2025-02-04T16:35:51+00:00,2024-12-15,145541,Eristalinus,genus,,casual,1,0,0,0,,,0,,,none,1,1,1,0,0,0,1,0,0,1,0,1,0,2025-02-04T16:35:51+00:00,2025-02-04T16:35:51+00:00,0.0,0.0
2025-02,260687860,deb5f81f-0658-4546-802e-f1c2665d6b37,,2025-02-05T16:04:58+08:00,2020-11-30,481322,Paragus crenulatus,species,,needs_id,3,0,0,0,2.3313880548,111.8732105242,0,,,none,1,1,1,0,0,0,1,0,0,1,1,0,0,2025-02-05T08:04:58+00:00,2025-02-05T08:04:58+00:00,0.0,0.0
2025-02,260700096,1e7fdb6b-b8a0-43b5-bf00-de792a20db5a,,2025-02-05T12:59:37+01:00,2022-07-07,52480,Volucella pellucens,species,52480,research,1,1,1,0,48.8349872638,9.1914946997,0,Volucella pellucens,species,species,3,3,1,2,1,2,0,0,0,1,3,0,0,2025-02-05T14:27:12+00:00,2025-02-07T12:53:08+00:00,2.46,46.43
2025-02,260703598,ca91d439-6c5e-4002-8139-21eb10ac7d32,,2025-02-05T10:03:16-03:00,2025-02-03,506537,Salpingogaster,genus,506537,needs_id,1,1,1,0,-21.1641653314,-47.8604075623,0,Salpingogaster,genus,genus,3,3,1,2,1,2,0,0,0,1,0,3,0,2025-02-05T05:03:16-08:00,2025-03-06T12:26:20-08:00,0.0,703.38
2025-02,260756354,8f12415a-d6ac-4366-b3cf-75347a96a7a2,,2025-02-05T18:55:35-05:00,2024-09-03,963010,Eupeodes americanus,complex,963010,research,1,1,1,0,39.1664971667,-86.5196783333,0,Eupeodes americanus,complex,other,2,2,1,1,1,1,0,0,1,0,0,0,0,2025-02-06T13:43:04-06:00,2025-02-06T17:50:19-06:00,19.79,4.12
2025-02,260801320,9560b887-75cc-40fe-9d6d-55f019e63362,,2025-02-06T18:48:06+05:30,2025-02-03,121991,Syrphini,tribe,,needs_id,1,0,0,0,12.8806905556,77.6908492778,0,,,none,1,1,1,0,0,0,1,0,0,1,0,0,0,2025-02-06T18:48:06+05:30,2025-02-06T18:48:06+05:30,0.0,0.0
2025-02,260803486,2a4dc807-3cae-4dac-899b-d7b4035507d8,,2025-02-06T13:50:57+00:00,2025-02-06,324637,Meliscaeva auricollis,species,324637,research,2,1,1,0,50.480145,-3.52242,0,Meliscaeva auricollis,species,species,2,2,1,1,1,1,0,0,0,1,2,0,0,2025-02-06T13:50:57+00:00,2025-02-06T17:19:29+00:00,0.0,3.48
2025-02,260806226,44c605ba-dec1-4dec-97cd-744a7e3f9927,,2025-02-06T06:32:34-08:00,2025-02-05,493594,Eupeodes fumipennis,species,,needs_id,1,0,0,0,39.0716064623,-121.548273408,0,,,none,1,1,1,0,0,0,1,0,0,1,1,0,0,2025-02-06T14:32:34+00:00,2025-02-06T14:32:34+00:00,0.0,0.0
2025-02,260824086,a5531f3a-c178-49d5-b1d0-7c624c114ce7,,2025-02-06T18:16:39+00:00,2025-02-06,145540,Eristalinus taeniops,species,145540,research,1,1,1,0,29.0982181,-13.6181735,0,Eristalinus taeniops,species,species,3,3,1,2,1,2,0,0,0,1,3,0,0,2025-02-06T21:16:39+03:00,2025-02-09T01:00:15+03:00,0.0,51.73
2025-02,260828018,fe19ff51-e91c-4c67-81c6-2385b6174329,,2025-02-06T21:09:03+02:00,2024-11-02,475430,Asarkina,genus,475430,needs_id,2,3,2,1,-33.9598999444,22.4831916667,1,Asarkina,genus,genus,4,4,1,3,1,3,0,0,1,0,0,4,0,2025-02-09T09:47:36+00:00,2025-03-07T18:29:54+02:00,62.64,630.71
2025-02,260845073,bfe34a69-eae6-40bb-ba58-af1e00f3f401,,2025-02-06T16:33:59-06:00,2025-02-03,49995,Syrphidae,family,47822,needs_id,1,1,1,0,19.9208789277,-98.6873873995,1,Diptera,order,other,2,2,1,1,1,0,1,0,0,0,0,0,1,2025-02-06T22:33:59+00:00,2025-02-06T22:59:59+00:00,0.0,0.43
2025-02,260868439,ff427661-de48-4c00-8dbc-c1bde3c25b09,,2025-02-07T00:58:35-03:00,2024-11-02,963555,Austroscaeva,genus,963555,needs_id,1,0,0,0,-42.5307223968,-63.9635740127,0,Austroscaeva,genus,genus,2,2,1,1,1,1,0,0,0,1,0,2,0,2025-02-07T00:58:35-03:00,2025-02-07T08:03:16-03:00,0.0,7.08
2025-02,260877749,01e6ccd3-d2a7-4a36-997c-cade30efda5a,,2025-02-07T18:16:45+11:00,2025-02-07,326181,Eristalinae,subfamily,47822,needs_id,2,2,2,0,-38.1831474121,145.7782628015,0,Diptera,order,other,3,3,0,3,2,0,1,0,0,0,0,0,0,2025-02-07T10:36:10+00:00,2025-04-22T08:35:56+00:00,3.32,1774.0
2025-02,260898318,2e79de2d-4a5c-4316-b4ce-b1ecc575db54,,2025-02-07T15:13:39+01:00,2025-02-07,55719,Eristalis tenax,species,55719,research,1,1,1,0,56.892395,8.7623533333,0,Eristalis tenax,species,species,3,3,1,2,1,2,0,0,0,1,3,0,0,2025-02-07T14:13:39+00:00,2025-02-07T17:50:06+00:00,0.0,3.61
2025-02,260914912,a5fc0d17-0c13-409b-88bd-d30ae4a8997a,,2025-02-07T10:55:07-07:00,2025-02-07,859117,Copestylum isabellina,species,859117,research,1,3,3,0,33.7063533333,-112.0314216667,1,Copestylum isabellina,species,species,3,3,1,2,1,2,0,0,1,0,3,0,0,2025-02-21T16:29:50-07:00,2025-03-05T13:32:50-07:00,341.58,285.05
2025-02,260957623,876a5a2b-79cc-4e7b-aed6-546c48ef747f,,2025-02-07T21:40:32-05:00,2025-02-07,118968,Allograpta obliqua,species,118968,research,1,1,1,0,28.415413009,-81.9315126272,0,Allograpta obliqua,species,species,2,2,1,1,1,1,0,0,0,1,2,0,0,2025-02-07T20:40:32-06:00,2025-02-21T17:38:17-06:00,0.0,332.96
2025-02,260973439,45ec02ee-caa5-4fe6-8b50-f60923906807,,2025-02-08T18:07:04+11:00,2025-02-08,397192,Simosyrphus grandicornis,species,397192,research,1,1,1,0,-35.2376772081,149.0847243608,0,Simosyrphus grandicornis,species,species,2,2,1,1,1,1,0,0,0,2,2,0,0,2025-02-08T18:07:04+11:00,2025-02-08T18:41:27+11:00,0.0,0.57
2025-02,261023566,f120094b-95b2-4b4e-a58d-bbaf6c4dfd64,,2025-02-08T15:42:15-03:00,2025-02-08,1229961,Toxomerus musicus,complex,58753,needs_id,4,1,1,0,-23.4590656832,-47.2125143185,0,Toxomerus,genus,genus,2,2,1,1,1,0,1,0,0,2,0,1,0,2025-02-08T18:42:15+00:00,2026-06-05T02:51:28+00:00,0.0,11552.15
2025-02,261089362,9bc5a93f-4c6d-4bed-bcd8-923200b687a6,,2025-02-09T17:02:41+11:00,2025-02-09,362610,Melangyna viridiceps,species,362610,research,2,1,1,0,-37.9709305,145.390712,0,Melangyna viridiceps,species,species,2,2,1,1,1,1,0,0,0,1,2,0,0,2025-02-09T06:02:41+00:00,2025-02-14T07:47:32+00:00,0.0,121.75
2025-02,261090198,dcaa7bde-63d7-4818-aeca-c629ea99368b,,2025-02-09T14:20:59+08:00,2025-02-09,121991,Syrphini,tribe,,needs_id,1,0,0,0,29.0120868681,113.0125427244,0,,,none,1,1,1,0,0,0,1,0,0,0,0,0,0,2025-02-09T14:20:59+08:00,2025-02-09T14:20:59+08:00,0.0,0.0
2025-02,261187447,331d74b8-4e1a-4bf7-b5d3-ade1d57b0476,,2025-02-09T18:43:20-05:00,2021-08-05,81979,Syritta pipiens,species,81979,research,1,1,1,0,46.7844141171,-71.2701426029,0,Syritta pipiens,species,species,2,2,1,1,1,1,0,0,0,0,2,0,0,2025-02-09T19:43:20-04:00,2025-02-09T20:52:58-04:00,0.0,1.16
2025-02,261197864,6950e3b7-6908-4ed3-9d86-e3796f112a62,,2025-02-09T20:36:01-05:00,2019-06-22,126889,Toxomerus marginatus,species,126889,research,1,1,1,0,40.073844,-75.228096,3,Toxomerus marginatus,species,species,2,2,1,1,1,1,0,0,0,0,2,0,0,2025-02-09T20:36:01-05:00,2025-02-09T20:47:43-05:00,0.0,0.2
2025-02,261222749,f609c04d-2479-45ff-8112-6b65bdedc4fc,,2025-02-10T01:54:37-05:00,2024-11-17,963010,Eupeodes americanus,complex,963010,research,1,1,1,0,39.8487752351,-86.3296699959,0,Eupeodes americanus,complex,other,3,3,1,2,2,1,0,0,0,0,0,0,1,2025-02-10T00:54:37-06:00,2025-02-21T16:54:36-06:00,0.0,280.0
2025-02,261298822,af6b7bf2-5717-443c-8e98-f971a0217227,,2025-02-10T20:32:41-04:00,2024-12-21,910322,Toxomerus floralis,species,910322,research,3,1,1,0,18.3444828704,-66.4480775222,0,Toxomerus floralis,species,species,2,2,1,1,1,1,0,0,0,1,2,0,0,2026-07-26T09:56:15-04:00,2026-08-07T00:59:50-04:00,12733.39,279.06
2025-02,261318262,4765a3ff-b16b-4f57-b08a-69b62354b7cf,,2025-02-11T05:50:34+01:00,2024-07-07,1304238,Platycheirus clypeatus,complex,1304238,needs_id,1,1,1,0,51.1900807297,7.646028742,0,Platycheirus clypeatus,complex,other,2,2,1,1,1,1,0,0,0,0,0,0,0,2026-07-24T07:46:41+02:00,2026-07-24T07:52:39+02:00,12672.94,0.1
2025-02,261415063,8e6a324c-529a-440e-a04c-67f4ef47cfcb,,2025-02-12T14:40:11+10:00,2008-07-16,341901,Mesembrius,genus,341901,needs_id,1,0,0,0,-17.2651640408,145.4895716419,0,Mesembrius,genus,genus,2,2,1,1,1,1,0,0,0,1,0,2,0,2025-02-11T20:40:11-08:00,2025-03-02T21:15:57-08:00,0.0,456.6
2025-02,261429609,42ea29d7-c7b1-4585-9c6b-44b861f08e27,,2025-02-12T11:02:17+01:00,2021-06-06,320786,Eristalis arbustorum,species,320786,research,2,2,2,0,45.8943600108,16.1932602525,0,Eristalis arbustorum,species,species,3,3,1,2,2,1,0,0,0,2,2,1,0,2025-02-12T10:02:17+00:00,2025-11-18T12:40:24+00:00,0.0,6698.64
2025-02,261543375,1883a6a9-e7da-4b8b-bfa0-8e5e908747e9,,2025-02-13T23:38:59+08:00,2024-09-13,52482,Episyrphus balteatus,species,52482,research,1,1,1,0,29.6371102012,102.8856463558,0,Episyrphus balteatus,species,species,2,2,1,1,1,1,0,0,0,1,2,0,0,2025-02-13T18:38:59+03:00,2025-02-13T23:12:33+03:00,0.0,4.56
2025-02,261580323,8c6734f0-ea31-4cc6-a508-fb77fd502fc2,,2025-02-13T18:42:40-05:00,2025-02-13,338310,Allograpta exotica,species,338310,research,3,1,1,0,29.91788,-81.3071166667,0,Allograpta exotica,species,species,3,3,1,2,1,2,0,0,0,1,2,1,0,2025-02-13T20:49:17-05:00,2025-02-13T21:19:54-05:00,2.11,0.51
2025-02,261606235,419f6e41-580d-4f57-9868-1d07ea99982e,,2025-02-14T14:44:56+08:00,2024-04-12,52482,Episyrphus balteatus,species,52482,research,4,1,1,0,24.1583106,121.6212098,0,Episyrphus balteatus,species,species,2,2,1,1,1,1,0,0,0,0,2,0,0,2025-02-14T09:44:56+03:00,2025-02-15T19:37:04+03:00,0.0,33.87
2025-02,261633501,a32316e9-6913-40a5-84ea-4857168ba7ed,,2025-02-14T09:42:00-06:00,2023-10-07,118968,Allograpta obliqua,species,118968,research,1,1,1,0,19.3792297305,-99.1791105304,1,Allograpta obliqua,species,species,2,2,1,1,1,1,0,0,0,0,2,0,0,2025-02-14T09:42:00-06:00,2025-02-25T20:52:24-06:00,0.0,275.17
2025-02,261731522,68df3edc-02d6-4a67-9e90-3932dee2af20,,2025-02-15T16:17:27+01:00,2019-07-12,52482,Episyrphus balteatus,species,52482,research,1,2,2,0,47.4883734887,8.0031139031,0,Episyrphus balteatus,species,species,4,4,1,3,1,3,0,0,0,0,4,0,0,2025-02-15T15:47:07+00:00,2025-02-16T20:51:50+00:00,0.49,29.08
2025-02,261737148,aad80b59-3f73-4c46-a56a-0dec092972d0,,2025-02-15T17:24:02+01:00,2024-07-05,55719,Eristalis tenax,species,55719,research,3,1,1,0,48.873232188,9.6207827199,0,Eristalis tenax,species,species,3,3,1,2,1,2,0,0,0,1,3,0,0,2025-02-15T16:24:02+00:00,2025-02-15T20:32:34+00:00,0.0,4.14
2025-02,261754628,07335de8-db58-4471-ab65-1df3065e6c9e,,2025-02-15T14:20:11-05:00,2021-10-08,126532,Toxomerus geminatus,species,126532,research,1,1,1,0,46.7844141171,-71.2701426029,0,Toxomerus geminatus,species,species,2,2,1,1,1,1,0,0,0,0,2,0,0,2025-02-15T19:20:11+00:00,2025-02-16T15:47:55+00:00,0.0,20.46
2025-02,261770522,65c25611-7b3f-45e3-862b-ae7f5b8b1f73,,2025-02-15T16:47:01-05:00,2019-10-13,119561,Helophilus fasciatus,species,119561,research,1,1,1,0,40.6946274107,-74.434031998,0,Helophilus fasciatus,species,species,2,2,1,1,1,1,0,0,0,1,2,0,0,2025-02-15T15:47:02-06:00,2025-02-22T06:54:15-06:00,0.0,159.12
2025-02,261818591,ebd71273-cfd1-4168-8c47-363139428306,,2025-02-16T15:50:20+08:00,2025-02-16,354671,Ischiodon scutellaris,species,354671,research,1,1,1,0,22.59835,120.3375527778,2,Ischiodon scutellaris,species,species,2,2,1,1,1,1,0,0,0,1,2,0,0,2025-02-16T09:30:42+00:00,2025-02-16T09:42:06+00:00,1.67,0.19
2025-02,261984876,b51ce32c-c08a-4329-9bff-cfcc84e360ce,,2025-02-17T17:20:45+02:00,2025-02-17,81980,Syritta,genus,81980,needs_id,1,2,2,0,32.129425,34.8527138889,0,Syritta,genus,genus,4,4,1,3,1,3,0,0,0,2,0,4,0,2025-02-17T15:20:45+00:00,2025-03-22T11:14:02+00:00,0.0,787.89
2025-02,261986070,3da73b18-3035-40ea-aa97-69a05e1944b3,,2025-02-17T10:32:17-05:00,2025-02-17,49995,Syrphidae,family,,needs_id,1,0,0,0,18.0225452947,-76.7496463471,0,,,none,1,1,1,0,0,0,1,0,0,0,0,0,1,2025-02-17T15:32:17+00:00,2025-02-17T15:32:17+00:00,0.0,0.0
2025-02,261999633,e9a59f8a-7f89-4d7f-a6c3-f8cb48e85853,,2025-02-17T19:04:40+01:00,2024-07-08,52482,Episyrphus balteatus,species,52482,research,1,3,3,0,59.1668359589,11.0266825251,0,Episyrphus balteatus,species,species,4,4,1,3,1,3,0,0,0,0,4,0,0,2025-02-17T19:04:41+01:00,2025-08-07T20:05:36+02:00,0.0,4104.02
2025-02,262043880,fbfbc91e-2d0d-4422-8e38-2875856904af,,2025-02-17T18:16:20-04:00,2025-02-17,322891,Ornidia,genus,,needs_id,4,0,0,0,-23.0827428034,-55.1471761243,0,,,none,1,1,1,0,0,0,1,0,0,1,0,1,0,2025-02-17T22:16:20+00:00,2025-02-17T22:16:20+00:00,0.0,0.0
2025-02,262109393,31592bef-9e90-4f96-ac5c-b251c99dce23,,2025-02-18T11:59:21+01:00,2025-02-03,52233,Eumerus,genus,52233,needs_id,3,1,1,0,29.0796650348,-10.3291493532,0,Eumerus,genus,genus,3,3,1,2,1,2,0,0,0,1,0,3,0,2025-02-18T11:59:21+01:00,2025-03-28T16:01:46+01:00,0.0,916.04
2025-02,262130786,2e84a4a1-d4f2-4e5a-98a9-220ddf9bd4c8,,2025-02-18T11:01:34-05:00,2025-02-17,58753,Toxomerus,genus,58753,needs_id,1,3,2,1,4.9113861111,-75.6238833333,0,Toxomerus,genus,genus,2,2,1,1,1,0,1,0,1,0,1,1,0,2025-02-18T11:01:34-05:00,2025-10-08T09:40:29-04:00,0.0,5565.65
2025-02,262144062,052ea097-c95d-4a6c-ae66-436e2029f93f,,2025-02-18T15:47:30-03:00,2025-02-18,55265,Palpada,genus,55265,needs_id,1,0,0,0,-30.0847471667,-51.225795,0,Palpada,genus,genus,2,2,1,1,1,1,0,0,0,1,0,2,0,2025-02-18T18:47:30+00:00,2025-02-18T18:48:17+00:00,0.0,0.01
2025-02,262242678,fa17df9e-ce3c-40ae-b0fe-f841db42ce90,,2025-02-19T14:58:57+07:00,2025-02-16,354671,Ischiodon scutellaris,species,,needs_id,3,0,0,0,12.8849691482,99.6317361295,0,,,none,1,1,1,0,0,0,1,0,0,0,1,0,0,2025-04-18T19:35:33-04:00,2025-04-18T19:35:33-04:00,1407.61,0.0
2025-02,262322064,50715dcd-6e95-4bda-868a-a29434ad96c3,,2025-02-20T00:07:23+01:00,2021-08-06,52490,Eristalis pertinax,species,52490,research,5,1,1,0,45.8679821243,8.7719646918,0,Eristalis pertinax,species,species,2,2,1,1,1,1,0,0,0,1,2,0,0,2025-02-19T23:07:23+00:00,2025-02-20T08:08:41+00:00,0.0,9.02
2025-02,262344969,a1b487b0-e61d-429f-8c48-7c36d63e4aaf,,2025-02-20T11:29:38+08:00,2009-06-14,186841,Syrphinae,subfamily,,needs_id,1,0,0,0,24.1875112539,121.3115196023,0,,,none,1,1,1,0,0,0,1,0,0,1,0,0,0,2025-02-20T03:29:38+00:00,2025-02-20T03:29:38+00:00,0.0,0.0
2025-02,262354101,50d0270b-c2ec-4c14-b52d-c9e83ea25307,,2025-02-20T09:19:20+03:00,2025-02-18,121991,Syrphini,tribe,121991,needs_id,1,0,0,0,36.5095011603,36.0174416306,0,Syrphini,tribe,other,2,2,1,1,1,1,0,0,0,0,0,0,0,2025-02-20T14:37:49+00:00,2025-02-21T14:46:04+00:00,8.31,24.14
2025-02,262359156,e247e123-9043-436d-9849-ed9f9436b220,,2025-02-20T16:03:29+08:00,2025-02-11,49995,Syrphidae,family,,needs_id,1,0,0,0,21.451878,109.055395,0,,,none,1,1,1,0,0,0,1,0,0,1,0,0,1,2025-02-20T08:03:29+00:00,2025-02-20T08:03:29+00:00,0.0,0.0
2025-02,262463228,8e28d64d-a61a-472b-b928-26d269e95d5a,,2025-02-20T19:15:23-06:00,2024-09-01,118969,Allograpta,genus,,needs_id,3,0,0,0,19.5522876,-96.9390291,0,,,none,1,1,1,0,0,0,1,0,0,1,0,1,0,2025-02-21T01:15:23+00:00,2025-02-21T01:15:23+00:00,0.0,0.0
2025-02,262496842,3481ff61-26cc-4dd0-b8a9-1f2946bf7d33,,2025-02-21T16:17:21+05:30,2025-02-21,742975,Monoceromyia eumenioides,species,742975,research,1,2,2,0,18.3802793,73.767643,1,Monoceromyia eumenioides,species,species,3,3,1,2,1,2,0,0,1,0,3,0,0,2026-04-24T15:22:04+00:00,2026-06-05T20:57:50+00:00,10252.58,1013.6
2025-02,262574994,fb1d1599-82b2-4e29-b6fb-b4020a62f50c,,2025-02-21T14:46:57-03:00,2025-02-19,58753,Toxomerus,genus,,needs_id,2,0,0,0,-23.6386469285,-46.6207015071,0,,,none,1,1,1,0,0,0,1,0,0,1,0,1,0,2025-02-21T17:46:57+00:00,2025-02-21T17:46:57+00:00,0.0,0.0
2025-02,262576304,d335579d-9c5f-4f48-8f57-f87f0f58e68d,,2025-02-21T18:02:50+00:00,2008-08-04,70405,Melanostoma scalare,species,70405,research,2,1,1,0,51.0569626,-1.638881,0,Melanostoma scalare,species,species,2,2,1,1,1,1,0,0,0,1,2,0,0,2025-02-21T18:02:50+00:00,2025-02-21T20:51:26+00:00,0.0,2.81
2025-02,262619671,1960050b-2c18-4814-a875-00a3286d2eda,,2025-02-22T11:17:44+13:00,2025-02-21,338505,Melangyna novaezelandiae,species,338505,research,1,1,1,0,-45.9126890207,170.4816213232,0,Melangyna novaezelandiae,species,species,2,2,1,1,1,1,0,0,0,0,2,0,0,2025-02-22T11:22:02+13:00,2025-02-22T11:31:06+13:00,0.07,0.15
2025-02,262649724,907c31a6-e4ca-41fa-b149-1819bb5fe5eb,,2025-02-22T14:12:17+11:00,2025-02-22,362610,Melangyna viridiceps,species,362610,research,1,1,1,0,-38.4078416444,144.956546446,0,Melangyna viridiceps,species,species,2,2,1,1,1,1,0,0,0,1,2,0,0,2025-02-22T03:12:17+00:00,2025-02-22T06:54:50+00:00,0.0,3.71
2025-02,262723481,058a5ddb-2411-490f-a216-25b50ad7b662,,2025-02-22T16:18:09-03:00,2025-02-17,1127772,Maiana,genus,121991,needs_id,3,3,3,0,-21.1630253997,-47.8612632,1,Syrphini,tribe,other,4,4,1,3,2,1,1,0,0,0,0,1,1,2025-02-22T19:18:09+00:00,2026-04-10T22:50:46+00:00,0.0,9891.54
2025-02,262726846,8aaaacb0-3a7b-4326-afdd-8d04c729f7bc,,2025-02-22T19:45:57+00:00,2025-02-22,124483,Cheilosia,genus,124483,needs_id,1,0,0,0,38.9433531663,-9.2961031507,0,Cheilosia,genus,genus,2,2,1,1,1,1,0,0,0,0,0,2,0,2025-02-22T11:45:57-08:00,2025-02-22T12:58:09-08:00,0.0,1.2
2025-02,262797591,069debad-4f4f-4b4f-8840-acf6aa0ada2e,,2025-02-23T11:35:14+01:00,2025-02-23,55719,Eristalis tenax,species,55719,research,2,1,1,0,51.9587833333,8.3841616667,0,Eristalis tenax,species,species,2,2,1,1,1,1,0,0,0,1,2,0,0,2025-02-23T10:35:14+00:00,2025-02-23T11:04:17+00:00,0.0,0.48
2025-02,262803647,c29a8bbb-2812-4016-a6e7-1f360e592df2,,2025-02-23T13:02:36+01:00,2024-07-30,55719,Eristalis tenax,species,55719,research,1,1,1,0,53.4708276,7.4851278,0,Eristalis tenax,species,species,3,3,1,2,2,1,0,0,0,2,2,1,0,2025-02-23T14:02:36+02:00,2025-02-23T15:03:31+02:00,0.0,1.02
2025-02,262817326,e828feef-c16d-4028-9ba4-a905a974d1bf,,2025-02-23T15:54:50+01:00,2024-08-05,70415,Helophilus trivittatus,species,70415,research,1,1,1,0,51.9587649899,8.3840513737,0,Helophilus trivittatus,species,species,3,3,1,2,1,2,0,0,0,1,3,0,0,2025-02-23T16:37:06+01:00,2025-02-23T17:25:42+01:00,0.7,0.81
2025-02,262851221,1cdc3adb-5616-4293-b695-c87a4a058141,,2025-02-23T13:53:56-06:00,2025-02-22,128846,Copestylum,genus,128846,needs_id,1,0,0,0,16.9648592,-96.9075017,0,Copestylum,genus,genus,2,2,1,1,1,1,0,0,0,1,0,2,0,2025-02-23T11:53:56-08:00,2025-02-25T10:59:46-08:00,0.0,47.1
2025-02,262867112,63654813-5717-41c0-b083-087bc4b1aabf,,2025-02-23T16:04:23-06:00,2025-02-23,322357,Eupeodes volucris,species,322357,research,2,1,1,0,30.216121636,-97.8700233623,0,Eupeodes volucris,species,species,2,2,1,1,1,1,0,0,0,0,2,0,0,2025-02-23T16:04:23-06:00,2025-02-23T17:38:26-06:00,0.0,1.57
2025-02,262868896,6abe06d4-5fe3-438f-802d-d3049adec3b6,,2025-02-23T23:23:38+01:00,2025-02-23,55719,Eristalis tenax,species,55719,research,3,1,1,0,51.8285317682,5.648467743,0,Eristalis tenax,species,species,3,3,1,2,2,1,0,0,0,0,2,1,0,2025-02-23T22:23:38+00:00,2025-02-24T14:25:28+00:00,0.0,16.03
2025-02,263000387,e3bc94a1-8cca-454e-a2c7-e1c90422f447,,2025-02-24T19:54:07-05:00,2023-07-01,121991,Syrphini,tribe,,needs_id,1,0,0,0,46.7844141171,-71.2701426029,0,,,none,1,1,1,0,0,0,1,0,0,1,0,0,0,2025-02-25T00:54:07+00:00,2025-02-25T00:54:07+00:00,0.0,0.0
2025-02,263096544,a3800153-5619-4966-a6ab-f103261851f1,,2025-02-25T17:31:50-05:00,2025-02-25,322891,Ornidia,genus,322891,needs_id,4,1,1,0,-3.6539166667,-79.7681166667,0,Ornidia,genus,genus,3,3,1,2,1,2,0,0,0,1,0,3,0,2025-02-25T14:31:50-08:00,2025-02-26T16:34:56-08:00,0.0,26.05
2025-02,263096868,ba3602a7-6ffe-4eac-b982-6426ef64b4c0,,2025-02-25T16:35:37-06:00,2025-02-25,466380,Toxomerus boscii,species,466380,research,2,1,1,0,29.3746216667,-95.58383,0,Toxomerus boscii,species,species,2,2,1,1,1,1,0,0,0,1,2,0,0,2025-02-25T16:35:37-06:00,2025-02-25T19:57:24-06:00,0.0,3.36
2025-02,263107724,ff96ba19-fc94-4c2e-819f-b1b76337b442,,2025-02-26T08:50:50+08:00,,354671,Ischiodon scutellaris,species,,casual,2,0,0,0,22.560260384,113.9122219864,0,,,none,1,1,1,0,0,0,1,0,0,1,1,0,0,2025-02-26T00:50:50+00:00,2025-02-26T00:50:50+00:00,0.0,0.0
2025-02,263134452,fbf05b17-7c62-4fe8-a25a-b2b306bed850,,2025-02-26T18:34:33+11:00,2024-12-28,397192,Simosyrphus grandicornis,species,397192,research,1,1,1,0,-37.7633425,145.3503,0,Simosyrphus grandicornis,species,species,2,2,1,1,1,1,0,0,0,1,2,0,0,2025-02-26T07:34:33+00:00,2025-02-26T11:29:53+00:00,0.0,3.92
2025-02,263145951,0753919e-6a29-4f9f-84f5-a42b1e00674f,,2025-02-26T11:13:00+00:00,2025-02-24,55719,Eristalis tenax,species,55719,research,1,1,1,0,50.9749863135,-1.9039921311,0,Eristalis tenax,species,species,3,3,1,2,1,2,0,0,0,1,3,0,0,2025-02-26T11:13:00+00:00,2025-02-26T12:36:14+00:00,0.0,1.39
2025-02,263148759,d2929336-aa1a-4f0e-8799-097821957067,,2025-02-26T14:05:30+02:00,2025-02-26,145540,Eristalinus taeniops,species,145540,research,1,1,1,0,31.9060339997,34.8043934,0,Eristalinus taeniops,species,species,3,3,1,2,1,2,0,0,0,0,3,0,0,2025-02-26T15:05:31+03:00,2025-02-26T17:36:42+03:00,0.0,2.52
2025-02,263356841,9d4b916b-82ce-43ee-a2c2-cab164924d82,,2025-02-28T15:27:24+08:00,2025-02-28,55719,Eristalis tenax,species,364082,needs_id,1,1,1,0,30.809041,121.153392,0,Eristalini,tribe,other,2,2,1,1,1,0,1,0,0,1,1,0,0,2025-02-28T07:27:24+00:00,2025-05-21T14:21:45+01:00,0.0,1973.91
2025-02,263370643,2c5230ba-723a-47b1-808c-c523528d9f45,,2025-02-28T09:01:24-03:00,2025-02-22,55265,Palpada,genus,55265,needs_id,14,3,3,0,-22.727485,-45.836424,0,Palpada,genus,genus,3,3,1,2,1,2,0,0,1,0,0,3,0,2025-02-28T12:16:21+00:00,2025-02-28T16:04:22+00:00,0.25,3.8
2025-02,263399498,d871f358-be1d-42da-9ac4-29b002bd129d,,2025-02-28T17:48:48+00:00,2024-10-03,52490,Eristalis pertinax,species,52490,research,1,1,1,0,53.357825,-2.079735,0,Eristalis pertinax,species,species,2,2,1,1,1,1,0,0,0,1,2,0,0,2025-02-28T17:48:48+00:00,2025-02-28T17:50:14+00:00,0.0,0.02
2025-02,263436997,066ad4e6-325e-4a2e-a4c2-9d0ef8a8031b,,2025-02-28T20:42:33-04:00,2025-02-06,469063,Palpada alhambra,species,,needs_id,1,0,0,0,10.436693,-64.141494,0,,,none,1,1,1,0,0,0,1,0,0,0,1,0,0,2025-03-31T23:41:40+00:00,2025-03-31T23:41:40+00:00,742.99,0.0
2025-03,263467514,91373268-b6c8-4031-a459-b2456c6f6e9d,,2025-03-01T09:56:51+02:00,2025-02-17,1364214,Phytomia curta,species,1364214,research,1,2,2,0,-19.9694105981,29.5731943909,0,Phytomia curta,species,species,4,4,1,3,2,2,0,0,0,0,3,1,0,2025-03-01T12:09:46+02:00,2025-04-02T09:11:30+02:00,2.22,765.03
2025-03,263474362,22f465da-8024-4a47-b9e0-5aa06b7c2c0d,,2025-03-01T10:54:49+01:00,2024-05-25,62455,Eupeodes,genus,,needs_id,5,0,0,0,48.5113912334,10.9478008746,0,,,none,1,1,1,0,0,0,1,0,0,1,0,1,0,2025-03-01T09:54:49+00:00,2025-03-01T09:54:49+00:00,0.0,0.0
2025-03,263488652,1bdbc380-9301-4929-ad57-74853a212b59,,2025-03-01T13:32:41+00:00,2024-04-12,70405,Melanostoma scalare,species,70405,research,1,1,1,0,51.5003442058,-0.3452079636,0,Melanostoma scalare,species,species,2,2,1,1,1,1,0,0,0,1,2,0,0,2025-03-01T13:32:41+00:00,2025-03-01T15:29:52+00:00,0.0,1.95
2025-03,263620113,1dd0c362-ba7f-4223-864b-fc7fd0844dee,,2025-03-02T15:20:21+02:00,2025-03-02,339938,Betasyrphus,genus,,needs_id,4,0,0,0,-26.126088593,28.016777895,0,,,none,1,1,0,1,0,0,1,0,1,0,0,1,0,2025-03-03T05:11:06+02:00,2025-03-03T05:11:06+02:00,13.85,0.0
2025-03,263621287,ca8761d3-75f5-4ad9-8044-0a6a02ecddfd,,2025-03-02T08:30:16-05:00,2009-05-19,1023976,Brachyopa flavescens,species,1023976,research,2,1,1,0,44.8534508213,-71.2836822296,0,Brachyopa flavescens,species,species,2,2,1,1,1,1,0,0,0,0,2,0,0,2025-03-02T05:30:16-08:00,2025-03-02T19:10:49-08:00,0.0,13.68
2025-03,263636509,50574a27-5453-4756-ada5-9950db6627f7,,2025-03-02T09:52:08-06:00,2025-02-18,58753,Toxomerus,genus,,needs_id,1,0,0,0,30.0722111667,-95.739455,0,,,none,1,1,1,0,0,0,1,0,0,1,0,1,0,2025-03-02T15:52:08+00:00,2025-03-02T15:52:08+00:00,0.0,0.0
2025-03,263651200,09698dd6-c3eb-4585-a8f1-d15acf8bd4da,,2025-03-02T22:53:42+05:00,2024-08-17,451465,Chrysotoxum festivum,species,,needs_id,20,0,0,0,56.8643623583,60.6552215953,0,,,none,1,1,1,0,0,0,1,0,0,1,1,0,0,2025-03-02T17:53:42+00:00,2025-03-02T17:53:42+00:00,0.0,0.0
2025-03,263657079,dc67de26-0a39-4f79-9515-a4b1d73ae9a4,,2025-03-02T19:42:19+01:00,2025-03-02,486777,Ferdinandea ruficornis,species,486777,research,2,1,1,0,42.88785835,-8.5609150833,0,Ferdinandea ruficornis,species,species,5,5,1,4,0,5,0,0,0,1,3,2,0,2025-03-02T20:44:25+00:00,2025-03-04T09:25:37+00:00,2.04,36.69
2025-03,263675508,87dcd996-e898-490b-adb4-69b31bfe0d84,,2025-03-02T22:11:14+01:00,2025-03-02,55719,Eristalis tenax,species,55719,research,1,1,1,0,51.6424147997,6.4940663,0,Eristalis tenax,species,species,2,2,1,1,1,1,0,0,0,0,2,0,0,2025-03-02T13:11:14-08:00,2025-03-02T18:58:03-08:00,0.0,5.78
2025-03,263758248,8b9ec4b4-089d-4ecf-b972-93d9b2b6eb23,,2025-03-03T15:15:11+01:00,2022-12-27,52489,Syrphus,genus,52489,research,6,1,1,0,43.6143325471,3.8719453842,0,Syrphus,genus,genus,2,2,1,1,1,1,0,0,0,1,0,2,0,2025-03-03T04:15:11-10:00,2025-03-08T17:23:02-10:00,0.0,133.13
2025-03,263781977,58d9ae6c-ab69-4539-b671-dc160e40c9d3,,2025-03-03T19:16:26+01:00,2025-03-03,55719,Eristalis tenax,species,55719,research,3,1,1,0,43.8721475,10.3376077,0,Eristalis tenax,species,species,2,2,1,1,1,1,0,0,0,1,2,0,0,2025-03-03T18:16:26+00:00,2025-03-03T18:36:09+00:00,0.0,0.33
2025-03,263782864,4d1442db-28de-49c6-8f96-f668b78ba8a7,,2025-03-03T18:28:02+00:00,2025-03-03,337925,Sphaerophoria rueppellii,species,337925,research,5,1,1,0,29.0258391245,-13.5510205105,0,Sphaerophoria rueppellii,species,species,2,2,1,1,1,1,0,0,0,0,2,0,0,2025-03-03T18:28:02+00:00,2025-03-20T19:19:52+00:00,0.0,408.86
2025-03,263855429,758ad737-13d1-42a7-b738-b006e39e1071,,2025-03-04T11:41:24+01:00,2024-07-04,486873,Brachypalpoides lentus,species,486873,research,1,2,2,0,46.3923857021,12.0962954424,0,Brachypalpoides lentus,species,species,3,3,1,2,1,2,0,0,0,1,3,0,0,2025-03-04T10:41:24+00:00,2025-04-25T18:21:00+00:00,0.0,1255.66
2025-03,263855438,41857948-5d53-4354-8556-c2361d2185c6,,2025-03-04T11:41:25+01:00,2024-07-02,488420,Xylotina,subtribe,,needs_id,1,0,0,0,46.392372668,12.0961826697,0,,,none,1,1,1,0,0,0,1,0,0,0,0,0,0,2025-03-04T10:41:25+00:00,2025-03-04T10:41:25+00:00,0.0,0.0
2025-03,264023438,12a1d668-1690-4aac-8ad9-cbb999d85254,,2025-03-05T15:24:33-07:00,2024-09-05,425250,Eristalis stipator,species,425250,research,1,1,1,0,48.0106422304,-106.4191366361,0,Eristalis stipator,species,species,5,5,1,4,3,2,0,0,0,1,2,2,0,2025-03-05T17:24:33-05:00,2025-03-12T12:55:08-04:00,0.0,162.51
2025-03,264037849,b80faada-9a3a-4d5f-93cb-cac9dbefe658,,2025-03-05T22:05:29-03:00,2025-03-03,52491,Eristalis,genus,52491,needs_id,3,2,2,0,-51.624145,-69.2185583333,0,Eristalis,genus,genus,3,3,0,3,2,1,0,0,0,0,0,2,0,2025-03-06T03:02:08+01:00,2025-03-20T07:28:09+01:00,0.94,340.43
2025-03,264117364,e8e2a00c-2653-4c74-8e69-ca0254f8a8ca,,2025-03-06T10:15:06-08:00,2025-03-06,121357,Platycheirus,genus,121357,needs_id,1,2,2,0,46.9836540222,-122.9201126099,0,Platycheirus,genus,genus,2,2,1,1,1,0,1,0,1,1,1,1,0,2025-03-06T12:15:06-06:00,2025-03-06T13:22:49-06:00,0.0,1.13
2025-03,264139835,0c5122f5-3938-422c-9e60-5a03b163385b,,2025-03-06T23:16:36+01:00,2021-07-15,52160,Scaeva pyrastri,species,52160,research,1,1,1,0,51.2226958134,6.5830966552,0,Scaeva pyrastri,species,species,2,2,1,1,1,1,0,0,0,1,2,0,0,2025-03-06T22:16:36+00:00,2025-03-06T22:54:22+00:00,0.0,0.63
2025-03,264158504,73c2f69d-7930-4812-a14e-5911479ce227,,2025-03-06T19:11:31-07:00,2025-02-19,179752,Copestylum marginatum,species,128846,needs_id,14,1,1,0,32.3105550531,-110.7991100103,1,Copestylum,genus,genus,3,3,1,2,2,0,1,0,0,0,1,1,1,2025-03-06T20:11:31-06:00,2025-03-07T07:19:57-06:00,0.0,11.14
2025-03,264343413,0fb82e2f-3653-402e-bbdf-cf24b38a4509,,2025-03-07T18:40:09+01:00,2025-03-06,121991,Syrphini,tribe,,needs_id,3,0,0,0,49.2783546144,7.320437102,0,,,none,1,1,1,0,0,0,1,0,0,1,0,0,0,2025-03-07T17:40:09+00:00,2025-03-07T17:40:09+00:00,0.0,0.0
2025-03,264494740,fc0889bb-21b0-4482-a312-7a689e93e23d,,2025-03-08T11:59:00+01:00,2025-03-08,349217,Scaeva selenitica,species,349217,research,1,1,1,0,48.0674143409,9.25411288,0,Scaeva selenitica,species,species,2,2,1,1,1,1,0,0,0,1,2,0,0,2025-03-08T02:59:00-08:00,2025-03-15T23:03:03-07:00,0.0,187.07
2025-03,264721195,bc3a9a9b-de5d-45d7-a3e6-6f44a9f9a5d5,,2025-03-09T22:37:31+01:00,2025-03-03,52482,Episyrphus balteatus,species,52482,research,1,2,2,0,47.5830533333,7.663605,0,Episyrphus balteatus,species,species,4,4,1,3,1,3,0,0,0,1,4,0,0,2025-03-09T21:37:31+00:00,2025-03-10T06:21:56+00:00,0.0,8.74
2025-03,264845400,824504ed-384f-44f2-b978-a0c57f6f0869,,2025-03-10T13:19:51-07:00,2025-03-09,179752,Copestylum marginatum,species,179752,research,1,1,1,0,33.9522362634,-117.2639554639,1,Copestylum marginatum,species,species,2,2,1,1,1,1,0,0,0,0,2,0,0,2025-03-10T13:34:44-07:00,2025-03-10T14:56:43-07:00,0.25,1.37
2025-03,264980952,037653ce-1033-4cb1-a499-31c35a745b5d,,2025-03-11T17:11:53-05:00,2025-03-10,716867,Toxomerus pictus,species,716867,research,1,1,1,0,-1.0240034965,-77.6676506538,0,Toxomerus pictus,species,species,2,2,1,1,1,1,0,0,0,1,2,0,0,2025-03-11T18:11:53-04:00,2025-10-06T11:57:25-04:00,0.0,5009.76
2025-03,264989323,539d33a3-b40f-4eca-a25c-6bccca95faee,,2025-03-11T19:30:35-04:00,2024-06-15,326181,Eristalinae,subfamily,326181,needs_id,7,0,0,0,42.299564068,-72.2369241718,0,Eristalinae,subfamily,other,2,2,1,1,1,0,1,0,0,1,0,0,0,2025-03-11T16:30:35-07:00,2025-03-14T22:48:53-07:00,0.0,78.31
2025-03,265300422,8e1b7ae7-37a8-45d5-a32f-0c895ca23c58,,2025-03-14T13:36:19-04:00,2025-03-06,186841,Syrphinae,subfamily,,needs_id,2,0,0,0,18.304725,-65.7930027778,0,,,none,1,1,1,0,0,0,1,0,0,0,0,0,0,2025-03-14T17:36:19+00:00,2025-03-14T17:36:19+00:00,0.0,0.0
2025-03,265346198,1a059604-4010-4f8b-a558-3806ad055f50,,2025-03-14T20:24:39-05:00,2025-03-14,119561,Helophilus fasciatus,species,119561,research,1,1,1,0,35.143475,-89.9905616667,0,Helophilus fasciatus,species,species,2,2,1,1,1,1,0,0,0,1,2,0,0,2025-03-14T18:24:39-07:00,2025-03-14T22:02:17-07:00,0.0,3.63
2025-03,265349303,ce570234-ea79-42cf-958e-5e8423d19b23,,2025-03-14T21:02:14-05:00,2025-03-14,126889,Toxomerus marginatus,species,126889,research,1,1,1,0,29.4527922319,-96.8076352672,1,Toxomerus marginatus,species,species,2,2,1,1,1,1,0,0,0,0,2,0,0,2025-03-14T19:02:14-07:00,2025-03-14T22:00:03-07:00,0.0,2.96
2025-03,265401547,8fc6af6b-34c1-45b2-8e2d-f23a99c59d32,,2025-03-15T15:47:06+02:00,2021-03-27,475430,Asarkina,genus,475430,needs_id,2,1,1,0,-33.9871882,25.357834,0,Asarkina,genus,genus,3,3,1,2,1,2,0,0,0,0,0,3,0,2025-03-15T14:59:42+00:00,2025-03-24T15:09:52+02:00,1.21,214.17
2025-03,265525189,20fa8ab2-11b4-44c5-968e-fc9db5fed830,,2025-03-16T10:46:55+01:00,2025-03-12,450564,Cheilosia grossa,species,124483,needs_id,2,1,1,0,48.2969170978,16.7388051837,0,Cheilosia,genus,genus,2,2,1,1,1,0,1,0,0,1,1,1,0,2025-03-16T02:46:55-07:00,2025-03-18T22:15:58-07:00,0.0,67.48
2025-03,265571348,c7075f78-61d0-4c88-900a-4aff1f365093,,2025-03-16T14:06:57-03:00,2025-03-16,479803,Dioprosopa clavata,species,479803,research,8,1,1,0,-27.3512533333,-70.3493133333,0,Dioprosopa clavata,species,species,4,4,1,3,2,2,0,0,0,1,2,2,0,2025-03-16T20:54:28-03:00,2025-03-17T19:34:18-03:00,6.79,22.66
2025-03,265611291,77504c80-1851-4f88-b344-a3390e4c57a3,,2025-03-16T14:44:42-07:00,2025-03-16,322357,Eupeodes volucris,species,322357,research,1,1,1,0,34.5721835797,-118.6646406481,0,Eupeodes volucris,species,species,2,2,1,1,1,1,0,0,0,1,2,0,0,2025-03-16T14:45:31-07:00,2025-03-16T15:04:15-07:00,0.01,0.31
2025-03,265633553,bc8244e4-e934-465e-8f4f-6cfc85e67f66,,2025-03-16T17:35:04-07:00,2025-03-16,52233,Eumerus,genus,52233,needs_id,3,1,1,0,37.846445,-122.2703633333,0,Eumerus,genus,genus,3,3,1,2,1,2,0,0,0,0,0,3,0,2025-03-16T19:02:18-07:00,2025-03-17T22:03:49-07:00,1.45,27.03
2025-03,265646892,0349e1e3-d134-43d2-92f3-baad642083c8,,2025-03-16T20:24:50-06:00,2025-03-16,1102264,Copestylum marginatum,complex,128846,needs_id,2,1,1,0,35.9833263889,-105.85832,1,Copestylum,genus,genus,2,2,1,1,1,0,1,0,0,1,0,1,0,2025-03-16T21:24:50-05:00,2025-03-16T21:34:30-05:00,0.0,0.16
2025-03,265788651,ddfd9666-cbe4-4918-99b0-55b9b1f97a77,,2025-03-18T15:05:36+11:00,2025-03-18,777028,Dideopsis aegrota,species,777028,research,2,1,1,0,-33.3717854,151.4747523,0,Dideopsis aegrota,species,species,2,2,1,1,1,1,0,0,0,0,2,0,0,2025-03-17T21:05:36-07:00,2025-03-17T21:50:29-07:00,0.0,0.75
2025-03,265804636,b06542bd-6ee5-4eb2-8012-850bc0f1069f,,2025-03-18T14:29:45+05:30,2025-03-18,55719,Eristalis tenax,species,55719,research,1,1,1,0,27.0393929916,88.2656853388,0,Eristalis tenax,species,species,3,3,1,2,2,1,0,0,0,2,2,1,0,2025-03-18T01:59:45-07:00,2025-03-18T21:49:58-07:00,0.0,19.84
2025-03,265876178,4457a329-5bfb-400b-ba3a-403e021808f9,,2025-03-18T21:25:37+00:00,2025-03-18,334407,Platycheirus albimanus,species,334407,research,2,1,1,0,50.8072377974,-2.0313648508,0,Platycheirus albimanus,species,species,2,2,1,1,1,1,0,0,0,1,2,0,0,2025-03-18T21:25:37+00:00,2025-03-19T09:24:28+00:00,0.0,11.98
2025-03,266030360,d35b8f08-cff1-48ae-8a73-0d809d116899,,2025-03-19T16:31:22-07:00,2025-03-17,118968,Allograpta obliqua,species,118968,research,1,2,2,0,34.16399,-117.448529,1,Allograpta obliqua,species,species,3,3,1,2,2,1,0,0,0,1,2,1,0,2025-03-19T16:31:22-07:00,2025-10-12T18:54:12-07:00,0.0,4970.38
2025-03,266079729,2e4a7dae-211b-40e5-a173-e2e7f7500b4f,,2025-03-20T18:42:36+08:00,2023-06-05,324344,Melanostoma mellinum,species,,needs_id,1,0,0,0,31.1114737238,114.734917134,0,,,none,1,1,1,0,0,0,1,0,0,1,1,0,0,2025-03-20T10:42:36+00:00,2025-03-20T10:42:36+00:00,0.0,0.0
2025-03,266235924,0269092b-d613-46ad-b080-f304583b36d0,,2025-03-21T16:33:25+02:00,2025-02-16,121991,Syrphini,tribe,121991,needs_id,1,1,1,0,-17.7361488873,31.0514149404,0,Syrphini,tribe,other,2,2,0,2,1,1,0,0,0,1,0,0,0,2025-03-21T17:20:39+00:00,2025-03-22T09:39:28+00:00,2.79,16.31
2025-03,266371059,cd71a259-9978-450b-ad89-bf1ac66d7f9d,,2025-03-22T21:41:59+08:00,2025-03-12,52482,Episyrphus balteatus,species,52482,research,1,1,1,0,24.9228510793,121.5168027095,0,Episyrphus balteatus,species,species,2,2,1,1,1,1,0,0,0,1,2,0,0,2025-03-22T16:41:59+03:00,2025-03-23T00:53:39+03:00,0.0,8.19
2025-03,266375189,78d8ccb1-3f85-40dc-9799-6b352eb2f8e9,,2025-03-22T15:13:06+01:00,2025-03-22,344678,Brachypalpus valgus,species,49995,needs_id,1,1,1,0,46.8379869362,9.4210355356,0,Syrphidae,family,other,2,2,1,1,1,0,1,0,0,0,1,0,1,2025-03-22T15:13:06+01:00,2025-03-24T08:44:56+01:00,0.0,41.53
2025-03,266466854,44769048-47df-4dbf-97cd-5995d929f872,,2025-03-23T00:39:34+01:00,2025-03-20,346004,Dasysyrphus,genus,49995,needs_id,3,1,1,0,53.5800116667,9.9493266667,0,Syrphidae,family,other,2,2,1,1,1,0,1,0,0,0,0,1,1,2025-03-23T01:50:46+02:00,2025-03-23T14:32:09+02:00,0.19,12.69
2025-03,266473708,305128a6-33b1-48a5-baf9-0b6ef092391b,,2025-03-23T01:30:33+01:00,2025-03-21,450564,Cheilosia grossa,species,450564,research,1,1,1,0,48.1236988181,16.2538197369,0,Cheilosia grossa,species,species,2,2,1,1,1,1,0,0,0,1,2,0,0,2025-03-22T17:30:33-07:00,2025-03-22T22:37:55-07:00,0.0,5.12
2025-03,266535149,f8336422-d646-4f1a-8e76-75b4bf171677,,2025-03-23T04:12:37-07:00,2011-07-17,980722,Scaeva affinis,species,980722,research,1,1,1,0,49.3745303736,-119.6174827301,0,Scaeva affinis,species,species,2,2,1,1,1,1,0,0,0,1,2,0,0,2025-03-23T06:12:37-05:00,2025-03-23T09:17:14-05:00,0.0,3.08
2025-03,266591481,0f7ce07b-dabc-423f-afe2-d30e4207efd4,,2025-03-23T09:56:42-07:00,2025-03-23,486726,Melangyna lasiophthalma,species,,needs_id,6,0,0,0,48.3144117228,-123.6478200415,0,,,none,1,1,1,0,0,0,1,0,0,0,1,0,0,2025-03-23T16:56:42+00:00,2025-03-23T16:56:42+00:00,0.0,0.0
2025-03,266709142,e7879370-4d50-411a-a4da-ef1ee2a264ef,,2025-03-23T22:34:23-07:00,2025-03-09,496391,Copestylum anna,species,128846,needs_id,1,1,1,0,31.9070699348,-109.1515030818,2,Copestylum,genus,genus,2,2,1,1,1,0,1,0,0,0,1,1,0,2025-03-24T00:34:23-05:00,2025-03-24T13:22:22-05:00,0.0,12.8
2025-03,266583264,a16c66fd-33cd-4385-b5f1-5119bbaf827a,,2025-03-24T00:08:16+08:00,2025-03-20,121991,Syrphini,tribe,121991,needs_id,1,2,2,0,23.165927,112.540918,0,Syrphini,tribe,other,2,2,1,1,0,0,2,0,1,0,0,2,0,2025-03-23T16:08:16+00:00,2025-03-25T20:18:48+00:00,0.0,52.18
2025-03,266709032,077e3101-8011-4dd4-95e4-08cedf9126f8,,2025-03-24T06:33:04+01:00,2025-03-23,52482,Episyrphus balteatus,species,52482,research,1,1,1,0,43.5147277778,4.6815527778,0,Episyrphus balteatus,species,species,3,3,1,2,1,2,0,0,0,1,3,0,0,2025-03-24T08:33:05+03:00,2025-03-24T09:40:22+03:00,0.0,1.12
2025-03,266735005,1b5c5890-342b-4c45-8ff7-96a095b8cd90,,2025-03-24T12:16:51+01:00,2025-03-19,61851,Eristalis similis,species,61851,research,1,1,1,0,46.0710404055,-0.94155151,0,Eristalis similis,species,species,2,2,1,1,1,1,0,0,0,1,2,0,0,2025-03-24T13:07:40+00:00,2025-03-24T13:10:43+00:00,1.85,0.05
2025-03,266748085,8e198129-a891-4651-be73-ff06dbe845fb,,2025-03-24T13:35:26+00:00,2025-03-24,497713,Eristalis intricaria,species,497713,research,3,1,1,0,51.4348895718,-0.3518559139,0,Eristalis intricaria,species,species,3,3,1,2,2,1,0,0,0,2,2,1,0,2025-03-24T13:35:26+00:00,2025-03-24T15:38:16+00:00,0.0,2.05
2025-03,266767751,2e6216ca-b5e8-4024-9616-72f8b1f2f057,,2025-03-24T16:11:08+00:00,2025-03-24,55719,Eristalis tenax,species,55719,research,5,1,1,0,55.8313825993,-4.3237732986,0,Eristalis tenax,species,species,2,2,1,1,1,1,0,0,0,1,2,0,0,2025-03-24T16:11:08+00:00,2025-03-24T16:15:17+00:00,0.0,0.07
2025-03,266840191,60ba1313-c271-4cbf-abae-3a8cf29918cc,,2025-03-24T20:53:15-05:00,2025-03-22,963010,Eupeodes americanus,complex,121991,needs_id,1,1,1,0,33.2184295842,-96.8064219917,0,Syrphini,tribe,other,2,2,1,1,1,0,1,0,0,1,0,0,0,2025-03-24T20:53:15-05:00,2025-03-24T23:23:20-05:00,0.0,2.5
2025-03,266852886,be7d42a8-0fdf-4daa-abf9-f2f381ac8f75,,2025-03-25T04:56:50+01:00,2023-04-19,564955,Scaeva dignota,species,564955,research,11,1,1,0,43.5518257271,3.9033737124,0,Scaeva dignota,species,species,2,2,1,1,1,1,0,0,0,1,2,0,0,2025-03-25T04:56:50+01:00,2025-09-12T16:50:06+02:00,0.0,4114.89
2025-03,266886872,37df6249-cdef-45b5-8908-69606f409cc9,,2025-03-25T13:49:26+02:00,2025-03-25,55719,Eristalis tenax,species,55719,research,1,2,2,0,31.3814258423,34.758609756,0,Eristalis tenax,species,species,3,3,1,2,2,1,0,0,0,2,2,1,0,2025-03-25T13:49:26+02:00,2025-09-15T22:46:59+03:00,0.0,4183.96
2025-03,266915638,9f5605df-7642-4db7-bff3-bfc4bf1607e9,,2025-03-25T17:18:28+01:00,2024-05-25,154762,Eristalinus aeneus,species,154762,research,3,1,1,0,45.79923,20.124174,0,Eristalinus aeneus,species,species,2,2,1,1,1,1,0,0,0,1,2,0,0,2025-03-25T18:18:28+02:00,2025-03-25T19:24:06+02:00,0.0,1.09
2025-03,266949103,3de2dc25-d5a4-498a-8f35-f04dd0647d52,,2025-03-25T20:24:22+00:00,2025-03-25,52490,Eristalis pertinax,species,52490,research,1,4,3,1,50.7349919578,-2.0383726236,0,Eristalis pertinax,species,species,4,4,1,3,1,2,0,1,1,1,4,0,0,2025-03-25T20:24:22+00:00,2025-03-26T09:09:25+00:00,0.0,12.75
2025-03,266958341,8c7e3f14-5e78-4d19-b446-7406bdf982a8,,2025-03-25T22:30:17+01:00,2025-03-25,52482,Episyrphus balteatus,species,52482,research,1,1,1,0,37.9161487,-4.7212655,0,Episyrphus balteatus,species,species,3,3,1,2,1,2,0,0,0,1,3,0,0,2025-03-26T00:30:17+03:00,2025-03-26T20:35:21+03:00,0.0,20.08
2025-03,266998022,5f7700f7-15af-410c-aef2-8179b906f4b5,,2025-03-25T20:53:18-06:00,2025-03-24,428810,Lapposyrphus lapponicus,species,121991,needs_id,4,1,1,0,46.896837441,-113.9510582827,0,Syrphini,tribe,other,2,2,1,1,1,0,1,0,0,0,1,0,0,2025-03-25T21:53:18-05:00,2025-03-25T23:12:57-05:00,0.0,1.33
2025-03,267044097,ccd1d014-a874-4558-ab98-5948e9b8a5be,,2025-03-26T13:32:20+00:00,2025-03-25,486755,Cheilosia albipila,species,486755,research,5,2,2,0,54.5700111111,-5.9339361111,0,Cheilosia albipila,species,species,4,4,1,3,3,1,0,0,0,0,2,1,0,2025-03-26T13:32:20+00:00,2025-10-21T08:34:21+01:00,0.0,5010.03
2025-03,267104740,22fe9a96-929c-45b1-8fd0-4797dbca4218,,2025-03-26T22:02:48+01:00,2025-03-26,322366,Syrphus torvus,species,52489,needs_id,1,1,1,0,49.5059253115,0.0941859307,0,Syrphus,genus,genus,2,2,1,1,1,0,1,0,0,1,1,1,0,2025-03-26T21:02:48+00:00,2026-01-12T23:10:21+00:00,0.0,7010.13
2025-03,267127713,eeb9683b-3fc5-44c6-9e38-e13856da96ee,,2025-03-26T20:01:31-04:00,2025-03-26,121991,Syrphini,tribe,,needs_id,1,0,0,0,38.5523756,-78.3345369,0,,,none,1,1,1,0,0,0,1,0,0,1,0,0,0,2025-03-27T00:01:31+00:00,2025-03-27T00:01:31+00:00,0.0,0.0
2025-03,267139031,4cdf6e27-8fbe-431c-8b33-b8d3fff9a5a6,,2025-03-26T18:50:37-07:00,2025-03-25,740096,Fazia micrura,species,740096,research,4,1,1,0,32.7608078,-116.9990221,1,Fazia micrura,species,species,2,2,1,1,1,1,0,0,0,1,2,0,0,2025-03-26T20:50:37-05:00,2025-03-26T21:02:10-05:00,0.0,0.19
2025-03,267142320,b4547d70-36bd-4612-86c3-43576b0360eb,,2025-03-26T19:23:55-07:00,2025-03-25,424821,Copestylum avidum,species,424821,research,3,1,1,0,32.7608078,-116.9990221,1,Copestylum avidum,species,species,2,2,1,1,1,1,0,0,0,0,2,0,0,2025-03-26T21:24:51-05:00,2025-03-26T21:43:36-05:00,0.02,0.31
2025-03,267182059,c8fcc211-cf5e-4fdf-8516-b90a83d6935a,,2025-03-27T12:56:12+01:00,2025-03-27,62455,Eupeodes,genus,,needs_id,3,0,0,0,45.7886104189,4.8197847605,0,,,none,1,1,1,0,0,0,1,0,0,1,0,1,0,2025-03-27T11:56:12+00:00,2025-03-27T11:56:12+00:00,0.0,0.0
2025-03,267222551,7e95be64-ed55-4c4a-9a3c-d3be4e980717,,2025-03-27T18:24:23+01:00,2025-03-27,52490,Eristalis pertinax,species,52490,research,1,1,1,0,45.3663123,10.2187585,0,Eristalis pertinax,species,species,3,3,1,2,2,1,0,0,0,2,2,1,0,2025-03-27T19:24:23+02:00,2025-03-27T21:22:34+02:00,0.0,1.97
2025-03,267224988,bf333988-0867-42ec-89c7-d871b1d2ac3e,,2025-03-27T11:41:14-06:00,2025-03-27,563565,Copestylum caudatum,species,128846,needs_id,1,1,1,0,35.1056927058,-106.6201524352,1,Copestylum,genus,genus,2,2,1,1,1,0,1,0,0,0,1,1,0,2025-03-27T12:41:14-05:00,2025-04-03T22:33:39-05:00,0.0,177.87
2025-03,267247085,842887f7-dc17-49c1-a818-e281abb9b8f6,,2025-03-27T21:23:47+01:00,2025-03-27,326181,Eristalinae,subfamily,,needs_id,1,0,0,0,49.4730766667,6.0207133333,0,,,none,1,1,1,0,0,0,1,0,0,1,0,0,0,2025-03-27T20:23:47+00:00,2025-03-27T20:23:47+00:00,0.0,0.0
2025-03,267364044,6bbb3055-5509-49c7-89c2-807959617c46,,2025-03-28T17:25:52+01:00,2025-03-24,52482,Episyrphus balteatus,species,52482,research,1,3,3,0,46.6122800891,14.2577923537,1,Episyrphus balteatus,species,species,3,3,0,3,1,2,0,0,0,1,3,0,0,2025-03-28T22:17:20+03:00,2025-04-04T10:41:57+03:00,2.86,156.41
2025-03,267384667,82edfe86-14d6-4fb7-bd2b-3d83dbdc6ede,,2025-03-28T21:39:24+03:00,2025-03-23,520017,Merodontini,tribe,520017,needs_id,1,2,2,0,32.2285808112,34.8193750117,0,Merodontini,tribe,other,4,4,1,3,3,1,0,0,0,0,0,0,0,2025-03-28T21:39:24+03:00,2025-04-03T14:45:48+03:00,0.0,137.11
2025-03,267407165,15ba4349-9bfd-4468-ae85-7a93c4e2cd2d,,2025-03-28T14:12:45-07:00,2025-03-28,322357,Eupeodes volucris,species,49995,needs_id,4,1,1,0,39.4823023895,-119.7083283428,0,Syrphidae,family,other,2,2,0,2,1,0,1,0,0,1,1,0,1,2025-03-28T22:26:11-05:00,2025-03-29T14:40:00-05:00,6.22,16.23
2025-03,267431504,349e4a04-5833-4a83-8d9b-43ff285fa895,,2025-03-28T19:12:32-05:00,2025-03-28,58753,Toxomerus,genus,,needs_id,1,0,0,0,18.39373,-77.0604166667,0,,,none,1,1,1,0,0,0,1,0,0,1,0,1,0,2025-03-29T00:12:32+00:00,2025-03-29T00:12:32+00:00,0.0,0.0
2025-03,267456251,d1b27007-abff-4120-847e-67ae09042bd4,,2025-03-28T23:18:06-05:00,2024-09-01,425250,Eristalis stipator,species,425250,research,4,1,1,0,44.9444492194,-93.1813685194,0,Eristalis stipator,species,species,2,2,1,1,1,1,0,0,0,1,2,0,0,2025-03-28T21:18:06-07:00,2025-03-28T22:08:25-07:00,0.0,0.84
2025-03,267517738,d025103f-ea43-4477-bf9f-b9ccc7a88b89,,2025-03-29T10:13:10-05:00,2025-03-29,126532,Toxomerus geminatus,species,126532,research,3,2,2,0,32.5497166667,-85.482095,0,Toxomerus geminatus,species,species,3,3,1,2,2,1,0,0,0,1,2,1,0,2025-03-29T11:13:10-04:00,2025-11-29T17:43:26-05:00,0.0,5887.5
2025-03,267580891,3ffdec9f-701a-45a2-936f-d85cc4917dbd,,2025-03-30T09:42:19+13:00,2025-03-25,380279,Melanostoma fasciatum,species,380279,research,2,1,1,0,-43.6922579667,172.4873588167,0,Melanostoma fasciatum,species,species,2,2,1,1,1,1,0,0,0,1,2,0,0,2025-03-30T09:42:19+13:00,2025-03-30T11:09:40+13:00,0.0,1.46
2025-03,267679429,c8b70b9f-622d-473c-ab29-0a1ea62b937e,,2025-03-30T12:59:36+02:00,2025-03-29,486883,Criorhina ranunculi,species,486883,research,1,1,1,0,51.2944270671,6.2702897723,0,Criorhina ranunculi,species,species,2,2,1,1,1,1,0,0,0,1,2,0,0,2025-03-30T03:59:36-07:00,2025-04-04T11:12:08-07:00,0.0,127.21
2025-03,267686079,5855297b-eaf9-4ab0-a816-c9ea9a1a515a,,2025-03-30T14:01:16+02:00,2025-03-30,52490,Eristalis pertinax,species,52490,research,1,1,1,0,51.2109162326,3.1410327311,1,Eristalis pertinax,species,species,2,2,1,1,1,1,0,0,0,1,2,0,0,2025-03-30T15:01:16+03:00,2025-04-01T07:59:33+03:00,0.0,40.97
2025-03,267800034,a79a4c84-477c-44e1-8721-529f5a0367f6,,2025-03-31T00:22:14+02:00,2025-03-29,326181,Eristalinae,subfamily,326181,needs_id,1,3,2,1,40.3073067986,-4.2045581042,0,Eristalinae,subfamily,other,2,2,1,1,0,0,2,0,1,1,0,1,0,2025-03-30T22:22:14+00:00,2025-04-01T10:26:09+00:00,0.0,36.07
2025-03,267878796,3cdd1707-c450-4261-a182-84dd342e0461,,2025-03-31T21:46:10+11:00,2025-03-31,55719,Eristalis tenax,species,55719,research,2,1,1,0,-37.8297216667,144.9811866667,0,Eristalis tenax,species,species,2,2,1,1,1,1,0,0,0,1,2,0,0,2025-03-31T21:46:10+11:00,2025-04-01T00:58:14+11:00,0.0,3.2
2025-03,267882296,8d01924d-9513-46b5-a3e7-4a3a3fa981de,,2025-03-31T08:31:00-03:00,2025-03-29,128846,Copestylum,genus,128846,needs_id,1,1,1,0,-22.3773216667,-45.2599866667,0,Copestylum,genus,genus,3,3,1,2,2,1,0,0,0,0,0,2,1,2025-03-31T08:59:03-03:00,2025-04-02T10:15:25-03:00,0.47,49.27
2025-03,267923976,594ac22b-c68d-43e8-b7c2-74a64d53b41e,,2025-03-31T17:42:44+01:00,2025-03-31,52490,Eristalis pertinax,species,52490,research,1,1,1,0,50.8516654163,-0.9070748069,0,Eristalis pertinax,species,species,2,2,1,1,1,1,0,0,1,1,2,0,0,2025-03-31T18:19:41+01:00,2025-03-31T18:48:58+01:00,0.62,0.49
2025-03,267926948,7d1ad703-2b62-4487-80be-7870f6c053b5,,2025-03-31T18:01:27+01:00,2025-03-31,486753,Cheilosia pagana,species,486753,research,1,1,1,0,52.2076095784,-1.7074625863,0,Cheilosia pagana,species,species,2,2,1,1,1,1,0,0,0,1,2,0,0,2025-03-31T18:01:28+01:00,2025-03-31T18:53:57+01:00,0.0,0.87
2025-03,267941539,2f3fa4e5-442d-4a9c-bbba-79e78b121949,,2025-03-31T20:37:10+02:00,2025-03-29,324638,Meliscaeva,genus,,needs_id,3,0,0,0,,,0,,,none,1,1,1,0,0,0,1,0,0,1,0,1,0,2025-03-31T18:37:10+00:00,2025-03-31T18:37:10+00:00,0.0,0.0
2025-04,268275121,12f7968b-0dd9-4df9-af97-9998e1d121df,,2025-04-02T15:17:20-05:00,2025-04-02,361290,Meromacrus acutus,species,,needs_id,1,0,0,0,30.1302555,-97.3023916667,0,,,none,1,1,1,0,0,0,1,0,0,1,1,0,0,2025-04-02T20:17:20+00:00,2025-04-02T20:17:20+00:00,0.0,0.0
2025-04,268384596,5a05ba4c-ce12-4926-ad76-daf7218b23e9,,2025-04-03T10:28:42-04:00,2025-04-01,121991,Syrphini,tribe,121991,needs_id,1,1,1,0,40.3017705628,-75.0357645756,0,Syrphini,tribe,other,2,2,1,1,1,1,0,0,0,0,0,0,0,2025-04-03T09:28:42-05:00,2025-04-03T11:51:41-05:00,0.0,2.38
2025-04,268396718,6d6da3b6-7f69-4972-be42-72de28efc76e,,2025-04-03T17:49:51+02:00,2025-04-01,447104,Epistrophe eligans,species,447104,research,3,1,1,0,51.7876643724,5.9209473948,0,Epistrophe eligans,species,species,2,2,1,1,1,1,0,0,0,0,2,0,0,2025-04-03T17:49:51+02:00,2025-04-03T18:51:41+02:00,0.0,1.03
2025-04,268439979,8b3b4ee6-17fe-4f4d-8c95-c640379485a9,,2025-04-03T16:36:36-04:00,2025-04-03,58753,Toxomerus,genus,58753,needs_id,1,1,1,0,36.0028491263,-78.5436327663,0,Toxomerus,genus,genus,2,2,1,1,1,1,0,0,1,0,0,2,0,2025-04-06T23:50:42+00:00,2025-04-07T23:12:49+00:00,75.23,23.37
2025-04,268513810,04626233-b138-4124-8267-b138a91d284b,,2025-04-04T10:31:09+02:00,2025-04-03,52488,Syrphus ribesii,species,52488,research,3,2,2,0,48.9883464434,2.2556200381,0,Syrphus ribesii,species,species,3,3,1,2,2,1,0,0,0,1,2,1,0,2025-04-04T10:31:09+02:00,2026-06-05T21:19:14+02:00,0.0,10258.8
2025-04,268549308,c2bc9ff5-d64a-4e60-9d0e-bc8036f10577,,2025-04-04T16:22:36+02:00,2025-04-04,486753,Cheilosia pagana,species,,needs_id,1,0,0,0,50.780445,3.6207615997,0,,,none,1,1,1,0,0,0,1,0,0,0,1,0,0,2025-04-04T16:22:36+02:00,2025-04-04T16:22:36+02:00,0.0,0.0
2025-04,268630035,0f63359f-a000-4dd6-a598-c24e8cfd20bd,,2025-04-04T15:54:55-07:00,2025-04-04,179752,Copestylum marginatum,species,179752,research,3,1,1,0,32.9384116667,-117.2527116667,1,Copestylum marginatum,species,species,2,2,1,1,1,1,0,0,0,1,2,0,0,2025-04-04T17:54:55-05:00,2025-04-04T22:38:45-05:00,0.0,4.73
2025-04,268697523,ba152b82-1f45-420d-ad30-fa22f0214750,,2025-04-05T12:22:36+02:00,2025-04-05,61847,Eristalis nemorum,species,61847,research,1,2,2,0,45.3663123,10.2187585,0,Eristalis nemorum,species,species,3,3,1,2,2,1,0,0,0,2,2,1,0,2025-04-05T13:22:36+03:00,2025-04-08T08:00:24+03:00,0.0,66.63
2025-04,268703560,9a82b1e7-32ab-4cd5-a4ac-bbec357f4a37,,2025-04-05T20:24:51+09:00,2025-04-04,70406,Melanostoma,genus,,needs_id,2,0,0,0,34.7306366667,135.52632,0,,,none,1,1,1,0,0,0,1,0,0,0,0,1,0,2025-04-05T11:24:51+00:00,2025-04-05T11:24:51+00:00,0.0,0.0
2025-04,268761534,70493369-f06d-461f-adc1-6958eb1c5520,,2025-04-05T18:24:40+01:00,2025-04-05,52490,Eristalis pertinax,species,52490,research,2,1,1,0,53.349505,-1.21545,0,Eristalis pertinax,species,species,2,2,1,1,1,1,0,0,0,1,2,0,0,2025-04-05T18:24:40+01:00,2025-04-05T18:41:47+01:00,0.0,0.29
2025-04,268991533,1411e27f-90a6-4546-a228-6624d79dbc84,,2025-04-06T14:34:41-05:00,2025-04-06,329984,Palpada albifrons,species,329984,research,3,2,2,0,29.57405,-94.3901216667,0,Palpada albifrons,species,species,3,3,1,2,1,2,0,0,0,1,3,0,0,2025-04-06T19:34:41+00:00,2025-04-07T01:04:39+00:00,0.0,5.5
2025-04,268997088,74b357ad-f723-40ef-8e38-e49feeb2d479,,2025-04-06T21:01:03+01:00,2025-04-06,52489,Syrphus,genus,52489,research,1,2,2,0,56.0522888889,-3.2923583333,0,Syrphus,genus,genus,3,3,1,2,1,2,0,0,1,0,0,3,0,2025-04-07T08:12:40+01:00,2025-05-09T21:36:54+01:00,11.19,781.4
2025-04,269078203,5f108b58-b0c5-4109-ba47-3a1103edbe3e,,2025-04-06T22:34:15-07:00,2025-04-06,322357,Eupeodes volucris,species,322357,research,1,1,1,0,36.091812991,-115.3018582215,1,Eupeodes volucris,species,species,2,2,1,1,1,1,0,0,1,0,2,0,0,2025-04-07T13:00:31+00:00,2025-04-07T17:51:47+00:00,7.44,4.85
2025-04,269318319,df2402cf-24ae-4d4a-b13e-044772254e47,,2025-04-08T18:42:09+01:00,2025-04-08,70211,Myathropa florea,species,70211,research,1,2,2,0,54.9883404602,-1.587460041,0,Myathropa florea,species,species,3,3,1,2,1,2,0,0,0,0,3,0,0,2025-04-08T17:42:09+00:00,2025-04-08T18:25:43+00:00,0.0,0.73
2025-04,269425258,ce560d6e-1fb0-4705-a462-9aaf5e570123,,2025-04-09T17:13:57+08:00,2025-04-07,69190,Eupeodes corollae,species,,needs_id,1,0,0,0,30.3998914797,120.2835892224,0,,,none,1,1,1,0,0,0,1,0,0,1,1,0,0,2025-04-09T09:13:57+00:00,2025-04-09T09:13:57+00:00,0.0,0.0
2025-04,269436894,82f50ad6-996b-41ca-8163-c02f1fff6878,,2025-04-09T12:27:11+01:00,2025-04-08,52486,Helophilus pendulus,species,52486,research,1,1,1,0,50.7389204834,-1.9822830034,0,Helophilus pendulus,species,species,2,2,1,1,1,1,0,0,0,1,2,0,0,2025-04-09T11:27:11+00:00,2025-04-09T14:39:05+00:00,0.0,3.2
2025-04,269470733,742a253c-8999-4230-a709-d85c83cfd941,,2025-04-09T18:03:55+02:00,2025-04-09,52482,Episyrphus balteatus,species,52482,research,4,1,1,0,43.6574851,0.5928653997,0,Episyrphus balteatus,species,species,2,2,1,1,1,1,0,0,0,1,2,0,0,2025-04-09T16:03:56+00:00,2025-04-09T16:40:10+00:00,0.0,0.6
2025-04,269583701,03656add-f716-45eb-88dd-8e17c298cc80,,2025-04-10T11:03:26+01:00,2025-04-06,342901,Meliscaeva cinctella,species,342901,research,2,1,1,0,53.2754646465,-8.9899592055,0,Meliscaeva cinctella,species,species,2,2,1,1,1,1,0,0,0,1,2,0,0,2025-04-10T11:03:26+01:00,2025-04-14T00:13:27+01:00,0.0,85.17
2025-04,269646915,935ab795-b281-4d73-9ab8-84a7d215656b,,2025-04-10T18:40:42+01:00,2025-04-10,70406,Melanostoma,genus,70406,research,1,3,2,1,50.9647487,-3.4679825,0,Melanostoma,genus,genus,2,2,1,1,1,0,1,0,1,1,1,1,0,2025-04-10T17:40:42+00:00,2025-08-25T20:42:10+00:00,0.0,3291.02
2025-04,269815314,97000c8f-8a1f-4fd2-8b31-bb3f5ea9938f,,2025-04-11T18:05:34+01:00,2025-04-06,52490,Eristalis pertinax,species,52490,research,1,1,1,0,56.3058527778,-5.6066222222,0,Eristalis pertinax,species,species,2,2,1,1,1,1,0,0,0,1,2,0,0,2025-04-11T17:05:34+00:00,2025-04-11T18:19:33+00:00,0.0,1.23
2025-04,270051334,38305615-e05c-4663-b881-316c85381faa,,2025-04-12T22:43:39+02:00,2025-04-12,70211,Myathropa florea,species,70211,research,1,1,1,0,49.7459483333,6.4965066667,0,Myathropa florea,species,species,2,2,1,1,1,1,0,0,0,1,2,0,0,2025-04-12T13:43:39-07:00,2025-04-12T21:22:47-07:00,0.0,7.65
2025-04,270138344,aab86a2a-701e-4a8b-8abc-4b14635519ca,,2025-04-13T09:20:59+02:00,2025-04-12,52482,Episyrphus balteatus,species,52482,research,1,1,1,0,44.0953611111,5.1803972222,0,Episyrphus balteatus,species,species,2,2,1,1,1,1,0,0,0,0,2,0,0,2025-04-13T10:20:59+03:00,2025-04-13T10:21:52+03:00,0.0,0.01
2025-04,270170932,114899ff-af17-44d9-ba39-2cda5d112725,,2025-04-13T12:51:29+01:00,2025-03-30,52489,Syrphus,genus,52489,research,2,2,2,0,51.5639261531,-0.0781594987,0,Syrphus,genus,genus,3,3,1,2,2,1,0,0,0,0,0,2,1,2025-04-13T11:51:29+00:00,2025-05-24T20:46:23+00:00,0.0,992.91
2025-04,270209310,fa0e43a4-6103-43e2-8edb-d31ffe9db067,,2025-04-13T20:33:33+05:00,2024-09-08,346004,Dasysyrphus,genus,,needs_id,1,0,0,0,54.7933120715,61.9505829737,0,,,none,1,1,1,0,0,0,1,0,0,0,0,1,0,2025-08-09T17:00:33+00:00,2025-08-09T17:00:33+00:00,2833.45,0.0
2025-04,270250738,b39945a4-60cc-4e5a-adc8-c4cc6100e8a8,,2025-04-13T13:34:23-05:00,2025-04-13,119561,Helophilus fasciatus,species,,needs_id,2,0,0,0,41.2097090037,-96.1237168685,0,,,none,1,1,1,0,0,0,1,0,0,0,1,0,0,2025-04-13T13:34:23-05:00,2025-04-13T13:34:23-05:00,0.0,0.0
2025-04,270273125,da66b99b-45e2-46a4-92e5-815d7ef504ba,,2025-04-13T22:11:19+02:00,2025-04-13,52482,Episyrphus balteatus,species,52482,research,1,3,3,0,45.1442991702,10.3889252955,0,Episyrphus balteatus,species,species,4,4,1,3,2,2,0,0,0,1,3,1,0,2025-04-13T23:11:19+03:00,2025-04-18T03:14:23+03:00,0.0,100.05
2025-04,270471914,a382ecd4-63f7-4056-b309-766ceff456e2,,2025-04-14T20:16:05+02:00,2025-04-14,61851,Eristalis similis,species,61851,research,3,1,1,0,53.0887547997,6.0809692,0,Eristalis similis,species,species,2,2,1,1,1,1,0,0,1,0,2,0,0,2025-04-15T06:00:45+00:00,2025-04-16T15:15:30+00:00,11.74,33.25
2025-04,270491929,9782b5bf-21b2-40dc-afcb-9c67dedd9dfd,,2025-04-14T16:00:30-04:00,2017-07-02,194786,Merodon equestris,species,194786,research,3,1,1,0,44.5983230964,-67.4601424247,1,Merodon equestris,species,species,2,2,1,1,1,1,0,0,0,1,2,0,0,2025-04-14T20:06:47+00:00,2025-04-14T22:07:15+00:00,0.1,2.01
2025-04,270512811,8aa4913f-3cf5-47c7-a77a-b56d5a0c898b,,2025-04-14T18:51:07-03:00,2025-02-10,118969,Allograpta,genus,121991,needs_id,1,1,1,0,-36.6221035,-64.2612608,0,Syrphini,tribe,other,2,2,1,1,1,0,1,0,0,1,0,1,0,2025-04-14T18:51:07-03:00,2025-04-14T18:55:31-03:00,0.0,0.07
2025-04,270702443,6bf78393-7c38-4cfe-86ca-6ffc724ed767,,2025-04-15T17:17:53-04:00,2025-04-15,126532,Toxomerus geminatus,species,126532,research,1,1,1,0,37.304747583,-76.4290829344,0,Toxomerus geminatus,species,species,2,2,1,1,1,1,0,0,0,1,2,0,0,2025-04-15T16:17:53-05:00,2025-04-15T16:53:35-05:00,0.0,0.59
2025-04,270924358,4449dd66-f2b6-4659-8a3a-85003d1e7e38,,2025-04-17T07:32:35+07:00,2025-04-14,359895,Eristalinus megacephalus,species,359895,research,2,1,1,0,14.8996264588,100.3980231285,0,Eristalinus megacephalus,species,species,2,2,1,1,1,1,0,0,0,1,2,0,0,2025-04-17T00:32:35+00:00,2026-05-20T10:20:05+00:00,0.0,9561.79
2025-04,271099846,23e18dfc-0dee-401a-a474-69a92cae3869,,2025-04-17T18:29:04-04:00,2020-10-03,126532,Toxomerus geminatus,species,126532,research,1,1,1,0,46.7844141171,-71.2701426029,0,Toxomerus geminatus,species,species,2,2,1,1,1,1,0,0,0,0,2,0,0,2025-04-17T17:29:04-05:00,2025-04-21T23:00:54-05:00,0.0,101.53
2025-04,271444756,1797908e-faa8-4976-87f1-cd02dee522bc,,2025-04-19T16:29:11+02:00,2025-04-12,334407,Platycheirus albimanus,species,,needs_id,5,0,0,0,44.0955258136,5.1804171503,0,,,none,1,1,1,0,0,0,1,0,0,1,1,0,0,2025-04-19T14:29:12+00:00,2025-04-19T14:29:12+00:00,0.0,0.0
2025-04,271551404,c7a129fe-905b-479e-b4fb-1ed1e3132b8e,,2025-04-19T14:34:50-07:00,2025-04-19,322357,Eupeodes volucris,species,322357,research,1,2,2,0,37.7340866667,-122.4523166667,1,Eupeodes volucris,species,species,3,3,1,2,1,2,0,0,0,0,3,0,0,2025-04-23T17:17:59-07:00,2025-04-24T07:24:40-07:00,98.72,14.11
2025-04,271559312,75e22eff-301f-4c8c-9091-69c584ad9240,,2025-04-19T18:11:15-04:00,2025-04-19,910322,Toxomerus floralis,species,,needs_id,3,0,0,0,25.9110162177,-80.1295604549,1,,,none,1,1,1,0,0,0,1,0,0,1,1,0,0,2025-04-19T15:11:15-07:00,2025-04-19T15:11:15-07:00,0.0,0.0
2025-04,271569547,b003cb10-d120-4023-b6c2-27113122bfff,,2025-04-20T00:02:57+01:00,2025-04-19,55719,Eristalis tenax,species,55719,research,1,2,2,0,40.3036365997,-8.7586147,0,Eristalis tenax,species,species,3,3,1,2,2,1,0,0,0,1,2,1,0,2025-04-20T02:02:57+03:00,2025-12-05T11:14:34+02:00,0.0,5506.19
2025-04,271668984,fbb88c5a-4af2-4940-bb47-44509d866dfc,,2025-04-20T13:01:59+02:00,2025-04-17,61851,Eristalis similis,species,61851,research,2,1,1,0,42.8592587613,-2.0124399038,0,Eristalis similis,species,species,2,2,1,1,1,1,0,0,0,1,2,0,0,2025-04-20T11:01:59+00:00,2025-11-05T11:20:59+00:00,0.0,4776.32
2025-04,271794188,7002e3da-c30f-4714-b68e-2fb30b91fd3a,,2025-04-20T16:16:40-04:00,2025-04-20,145436,Eristalis transversa,species,145436,research,2,2,2,0,41.2977304344,-81.1137221056,1,Eristalis transversa,species,species,3,3,1,2,1,2,0,0,0,1,3,0,0,2025-04-20T20:16:40+00:00,2025-04-20T23:22:40+00:00,0.0,3.1
2025-04,271891247,0f339ca6-6cae-4353-a063-9aa95727a7c4,,2025-04-21T00:14:07-04:00,2025-04-19,126889,Toxomerus marginatus,species,126889,research,1,1,1,0,39.8487955237,-86.3296439977,0,Toxomerus marginatus,species,species,2,2,1,1,1,1,0,0,0,1,2,0,0,2025-04-20T23:14:07-05:00,2025-04-20T23:29:39-05:00,0.0,0.26
2025-04,272011885,dd2eab20-57c5-43ad-ba1c-958b8ec13c28,,2025-04-21T10:31:03-07:00,2025-04-20,52161,Scaeva,genus,,needs_id,2,0,0,0,37.9140586667,-121.9435906111,0,,,none,1,1,1,0,0,0,1,0,0,1,0,1,0,2025-04-21T17:31:03+00:00,2025-04-21T17:31:03+00:00,0.0,0.0
2025-04,272079774,9113479a-97a7-4f43-bb05-e947ea6f325e,,2025-04-21T15:44:53-07:00,2025-04-21,486733,Epistrophe nitidicollis,species,133099,needs_id,3,2,2,0,49.2532116667,-124.0957028333,0,Epistrophe,genus,genus,3,3,1,2,2,0,1,0,0,1,1,1,0,2025-04-21T23:44:53+01:00,2026-08-15T15:47:49+01:00,0.0,11536.05
2025-04,272092983,78640efa-e1a6-4dea-a802-fd58b282ddec,,2025-04-21T17:03:07-07:00,2025-04-20,324344,Melanostoma mellinum,species,324344,research,2,1,1,0,48.9671321714,-123.8071046556,0,Melanostoma mellinum,species,species,2,2,1,1,1,1,0,0,0,0,2,0,0,2025-05-16T22:03:29-07:00,2025-05-17T06:38:09-07:00,605.01,8.58
2025-04,272170459,0c98ed88-ede7-41a2-9ff4-62064c7fa03a,,2025-04-22T06:52:14-04:00,2024-07-01,491845,Chalcosyrphus chalybeus,species,491845,research,4,1,1,0,49.26679,-68.23623,0,Chalcosyrphus chalybeus,species,species,2,2,1,1,1,1,0,0,0,0,2,0,0,2025-04-22T03:52:14-07:00,2025-05-11T23:29:16-07:00,0.0,475.62
2025-04,272436293,b437735d-39cb-4dd2-8133-3e3169bd2e6d,,2025-04-23T14:43:04+01:00,2025-04-22,70405,Melanostoma scalare,species,70405,research,1,1,1,0,50.8262117933,-2.0476714502,0,Melanostoma scalare,species,species,2,2,1,1,1,1,0,0,0,1,2,0,0,2025-04-23T14:43:04+01:00,2025-04-23T15:46:35+01:00,0.0,1.06
2025-04,272645098,432d69fd-338d-4b86-bbaa-349b8519653c,,2025-04-24T17:24:23+08:00,2025-04-24,520014,Cerioidini,tribe,520014,needs_id,1,3,2,1,39.9712425585,116.1966709641,0,Cerioidini,tribe,other,3,3,0,3,1,0,2,0,1,0,0,2,0,2025-07-08T01:53:02+00:00,2026-04-22T12:34:20+00:00,1792.48,6922.69
2025-04,272820365,1eab5169-2cde-4278-beb4-2161495c60eb,,2025-04-24T19:57:23-04:00,2025-04-24,326908,Somula decora,species,326908,research,1,1,1,0,38.5455362993,-78.3519483453,0,Somula decora,species,species,2,2,1,1,1,1,0,0,0,1,2,0,0,2025-04-24T18:57:23-05:00,2025-04-24T19:09:43-05:00,0.0,0.21
2025-04,272844652,15e7026b-a5a5-49a8-a2ed-92745e21b5e0,,2025-04-24T21:47:34-04:00,2025-04-24,329983,Ornidia obesa,species,329983,research,2,1,1,0,26.0721316111,-80.3238666111,0,Ornidia obesa,species,species,2,2,1,1,1,1,0,0,0,1,2,0,0,2025-04-24T18:47:34-07:00,2025-04-24T19:25:35-07:00,0.0,0.63
2025-04,273174158,14c5356e-0bfa-4970-ae0b-3d696d740acb,,2025-04-25T17:50:50+02:00,2025-04-25,355014,Rhingia campestris,species,355014,research,2,1,1,0,48.4280347531,-2.0216878675,0,Rhingia campestris,species,species,2,2,1,1,1,1,0,0,0,1,2,0,0,2025-04-25T15:50:50+00:00,2026-01-13T12:31:17+00:00,0.0,6308.67
2025-04,273221394,06daa889-0598-4758-971f-e1a2c478ab92,,2025-04-25T18:02:51+01:00,2025-04-25,52486,Helophilus pendulus,species,52486,research,6,1,1,0,54.1693985195,-2.8006721288,0,Helophilus pendulus,species,species,2,2,1,1,1,1,0,0,0,0,2,0,0,2025-04-25T18:02:51+01:00,2025-04-25T18:57:41+01:00,0.0,0.91
2025-04,273238378,3e845b73-249a-4eab-a593-b1d4b9f860c0,,2025-04-25T20:29:29+03:00,2025-04-25,1144236,Anasimyia interpuncta,species,,needs_id,4,0,0,0,54.0935367001,28.3065484963,0,,,none,1,1,1,0,0,0,1,0,0,0,1,0,0,2025-04-25T17:29:29+00:00,2025-04-25T17:29:29+00:00,0.0,0.0
2025-04,273324331,ae406152-459c-402c-ae6b-2c4f5695c673,,2025-04-25T15:46:22-04:00,2025-04-25,326181,Eristalinae,subfamily,,needs_id,4,0,0,0,-16.53158902,-68.25774066,0,,,none,1,1,0,1,0,0,1,0,0,0,0,0,0,2025-06-19T09:20:26-04:00,2025-06-19T09:20:26-04:00,1313.57,0.0
2025-04,273587974,24e3f384-8168-4484-961b-8c6063fd067b,,2025-04-26T13:23:39+09:00,2025-04-26,69190,Eupeodes corollae,species,,needs_id,2,0,0,0,35.595249828,139.648395835,0,,,none,1,1,1,0,0,0,1,0,0,1,1,0,0,2025-04-26T13:23:39+09:00,2025-04-26T13:23:39+09:00,0.0,0.0
2025-04,273802438,120208f1-f846-4d7f-ae80-34b6e4e3148f,,2025-04-26T09:20:39-04:00,2025-04-26,49995,Syrphidae,family,,needs_id,1,0,0,0,-16.5587434,-68.0947659,0,,,none,1,1,0,1,0,0,1,0,0,0,0,0,1,2025-04-26T10:20:27-04:00,2025-04-26T10:20:27-04:00,1.0,0.0
2025-04,273811017,6fc64ed1-4187-4814-ad97-018d74a7ac6f,,2025-04-26T09:33:06-04:00,2025-04-24,1144218,Anasimyia bilinearis,species,,needs_id,4,0,0,0,41.572053,-71.486467,0,,,none,1,1,1,0,0,0,1,0,0,1,1,0,0,2025-04-26T13:33:06+00:00,2025-04-26T13:33:06+00:00,0.0,0.0
2025-04,273923562,dbf56672-77fd-4b64-af5f-5632004d21b5,,2025-04-26T12:16:13-04:00,2025-04-26,52491,Eristalis,genus,,needs_id,1,0,0,0,-16.64881081,-68.2907475,0,,,none,1,1,1,0,0,0,1,0,0,0,0,1,0,2025-04-26T16:16:13+00:00,2025-04-26T16:16:13+00:00,0.0,0.0
2025-04,273977038,411041de-905f-4f5c-8d0e-a12b44e40dcf,,2025-04-26T10:23:47-07:00,2025-04-25,118968,Allograpta obliqua,species,118968,research,1,1,1,0,33.963685,-118.36386,0,Allograpta obliqua,species,species,2,2,1,1,1,1,0,0,0,0,2,0,0,2025-04-26T12:23:49-05:00,2025-04-26T16:32:19-05:00,0.0,4.14
2025-04,274060998,4ba57bb9-0084-4370-b064-c8668b7408df,,2025-04-26T14:12:20-05:00,2025-04-26,145436,Eristalis transversa,species,145436,research,1,1,1,0,41.586205,-91.718473,0,Eristalis transversa,species,species,2,2,1,1,1,1,0,0,0,1,2,0,0,2025-04-26T12:12:20-07:00,2025-04-26T12:44:13-07:00,0.0,0.53
2025-04,274113441,a91d82a0-6de0-483a-a4de-f23dae44f988,,2025-04-26T13:23:59-07:00,2025-04-26,58752,Toxomerus occidentalis,species,58752,research,1,1,1,0,49.252931754,-124.1016041491,0,Toxomerus occidentalis,species,species,2,2,1,1,1,1,0,0,0,1,2,0,0,2025-04-26T13:23:59-07:00,2025-04-26T14:22:42-07:00,0.0,0.98
2025-04,274167599,59e613cc-b9a9-406d-8102-62ff449b1c90,,2025-04-26T18:40:03-03:00,2025-04-26,145540,Eristalinus taeniops,species,145540,research,1,1,1,0,-25.4435445851,-49.2376637673,0,Eristalinus taeniops,species,species,2,2,1,1,1,1,0,0,0,1,2,0,0,2025-04-27T00:41:10+03:00,2025-04-27T03:35:59+03:00,0.02,2.91
2025-04,274426002,64634b48-e58e-4ede-9e78-202e212a6f5a,,2025-04-27T07:25:52+02:00,2025-04-26,486706,Dasysyrphus tricinctus,species,486706,research,1,1,1,0,56.6205782236,9.2544163148,0,Dasysyrphus tricinctus,species,species,2,2,1,1,1,1,0,0,0,1,2,0,0,2025-04-27T05:25:52+00:00,2025-04-27T06:05:57+00:00,0.0,0.67
2025-04,274491442,64abfd25-ab8e-4708-b359-594b7d4ba888,,2025-04-27T10:20:27+02:00,2025-04-27,52965,Sphaerophoria,genus,52965,research,1,2,2,0,49.964927393,8.0540172869,0,Sphaerophoria,genus,genus,3,3,1,2,2,1,0,0,0,1,0,2,0,2025-04-27T08:20:27+00:00,2026-02-17T09:31:11+00:00,0.0,7105.18
2025-04,274729878,47c30c36-86ef-4100-9a01-01b12ba124f7,,2025-04-27T11:07:43-04:00,2025-04-27,126889,Toxomerus marginatus,species,126889,research,1,2,2,0,33.8384783333,-84.5701833333,0,Toxomerus marginatus,species,species,3,3,1,2,2,1,0,0,0,1,2,1,0,2025-04-27T08:07:43-07:00,2025-05-03T19:16:47-07:00,0.0,155.15
2025-04,274784638,cd956980-8317-42a2-8a5e-cf635fb7a63a,,2025-04-27T12:10:04-04:00,2025-04-27,121991,Syrphini,tribe,121991,needs_id,1,1,1,0,38.9148318853,-77.3511469574,1,Syrphini,tribe,other,2,2,1,1,1,1,0,0,0,1,0,0,0,2025-04-27T09:10:04-07:00,2025-05-03T19:26:35-07:00,0.0,154.28
2025-04,274802538,a0bab370-df73-4878-9cc6-4ee975a1cb7d,,2025-04-27T17:31:20+01:00,2025-04-27,52490,Eristalis pertinax,species,52490,research,2,1,1,0,52.41943,-1.44077,0,Eristalis pertinax,species,species,2,2,1,1,1,1,0,0,1,0,2,0,0,2025-04-27T17:56:06+00:00,2025-04-27T18:06:22+00:00,1.41,0.17
2025-04,274833755,affe5cbf-d966-490f-9fbb-5b504c7fb97c,,2025-04-27T19:08:05+02:00,2025-04-27,486706,Dasysyrphus tricinctus,species,486706,research,1,1,1,0,47.1301309562,15.5169389024,0,Dasysyrphus tricinctus,species,species,2,2,1,1,1,1,0,0,0,0,2,0,0,2025-04-27T17:08:05+00:00,2025-04-27T17:55:34+00:00,0.0,0.79
2025-04,274843237,400d2190-5c59-49f2-a1e1-e5b2d4423a71,,2025-04-27T14:19:01-03:00,2025-04-27,479803,Dioprosopa clavata,species,,needs_id,1,0,0,0,-34.4969659,-58.6241705,0,,,none,1,1,1,0,0,0,1,0,0,1,1,0,0,2025-04-27T17:19:01+00:00,2025-04-27T17:19:01+00:00,0.0,0.0
2025-04,274858828,443af35b-9bcd-4203-b19a-3a1dc84886c2,,2025-04-27T18:37:45+01:00,2025-04-27,334407,Platycheirus albimanus,species,334407,research,2,2,2,0,53.7549841991,-0.3633692695,0,Platycheirus albimanus,species,species,3,3,1,2,2,1,0,0,0,1,2,1,0,2025-04-27T18:37:45+01:00,2025-04-27T19:00:16+01:00,0.0,0.38
2025-04,274871083,14515674-2f3f-494e-acf9-747be4551624,,2025-04-27T19:51:44+02:00,2025-04-27,186841,Syrphinae,subfamily,,needs_id,1,0,0,0,40.7860000656,-3.6952897534,0,,,none,1,1,0,1,0,0,1,0,0,1,0,0,0,2025-08-17T09:35:15+02:00,2025-08-17T09:35:15+02:00,2677.73,0.0
2025-04,274934289,b14bb175-0b74-4f25-8584-186ee9d7ab85,,2025-04-27T15:04:31-04:00,2025-04-27,329983,Ornidia obesa,species,322891,needs_id,2,1,1,0,-17.7968307581,-63.1919599324,0,Ornidia,genus,genus,2,2,1,1,1,0,1,0,0,1,1,1,0,2025-04-27T19:04:31+00:00,2025-05-05T01:46:20+00:00,0.0,174.7
2025-04,275004172,ae8c8157-02cc-4b10-ae0a-7f9bd110733f,,2025-04-27T22:23:32+02:00,2025-04-27,883958,Meligramma cincta,species,,needs_id,1,0,0,0,47.29951895,11.46798194,0,,,none,1,1,1,0,0,0,1,0,0,0,1,0,0,2025-04-27T22:23:32+02:00,2025-04-27T22:23:32+02:00,0.0,0.0
2025-04,275028836,7a4ec63d-3fc1-4be6-8950-f7bd57000037,,2025-04-27T22:51:35+02:00,2025-04-26,486881,Chalcosyrphus nemorum,species,486881,research,2,1,1,0,49.745705,6.211455,0,Chalcosyrphus nemorum,species,species,2,2,1,1,1,1,0,0,0,1,2,0,0,2025-04-27T22:51:35+02:00,2026-04-21T15:59:34+02:00,0.0,8609.13
2025-04,275171881,86981b15-cbcd-4d0e-b3eb-30f7312333b5,,2025-04-27T16:40:51-07:00,2025-04-27,424821,Copestylum avidum,species,424821,research,1,1,1,0,32.8178683333,-117.010425,1,Copestylum avidum,species,species,2,2,1,1,1,1,0,0,0,1,2,0,0,2025-04-27T16:40:51-07:00,2025-04-27T16:45:30-07:00,0.0,0.08
2025-04,275387093,990dbfa0-9c58-4153-8dfd-9871b053b4ec,,2025-04-28T06:51:04+01:00,2025-04-27,194786,Merodon equestris,species,194786,research,1,1,1,0,50.7387503213,-1.9809583482,0,Merodon equestris,species,species,2,2,1,1,1,1,0,0,0,1,2,0,0,2025-04-28T05:51:05+00:00,2025-04-28T06:18:48+00:00,0.0,0.46
2025-04,275387926,ce762f45-3dbc-4262-8e9b-0f7023204b3b,,2025-04-28T07:53:22+02:00,2025-04-27,52965,Sphaerophoria,genus,52965,research,1,3,2,1,46.824760289,15.8366203288,0,Sphaerophoria,genus,genus,2,2,1,1,1,0,1,0,1,1,1,1,0,2025-04-28T05:53:22+00:00,2025-12-26T12:28:30+00:00,0.0,5814.59
2025-04,275554975,e00ddb8d-2e13-4541-a7d2-e13ec35c715c,,2025-04-28T13:45:46+02:00,2025-04-28,486854,Pipiza,genus,,needs_id,3,0,0,0,49.2001116,16.6487673,0,,,none,1,1,1,0,0,0,1,0,0,0,0,1,0,2025-04-28T13:45:46+02:00,2025-04-28T13:45:46+02:00,0.0,0.0
2025-04,275619123,e1856150-3191-4e25-a108-c81bb006ee97,,2025-04-28T15:17:36+02:00,2025-04-28,70415,Helophilus trivittatus,species,70415,research,3,1,1,0,48.3759087333,11.6876696,0,Helophilus trivittatus,species,species,2,2,1,1,1,1,0,0,0,0,2,0,0,2025-04-28T17:30:32+02:00,2025-04-30T23:52:28+02:00,2.22,54.37
2025-04,275917553,3a71acd6-bc06-4911-a47e-b02d835dbc8f,,2025-04-28T20:17:59+02:00,2025-04-27,210336,Eupeodes luniger,species,,needs_id,1,0,0,0,52.0852336333,5.8609203667,0,,,none,1,1,1,0,0,0,1,0,0,1,1,0,0,2025-04-28T18:17:59+00:00,2025-04-28T18:17:59+00:00,0.0,0.0
2025-04,276325895,6e72499c-5dae-4b18-8972-e95ed24b4d4e,,2025-04-28T23:09:19-03:00,2025-04-28,186841,Syrphinae,subfamily,,needs_id,1,0,0,0,-19.9232736,-43.9935136,0,,,none,1,1,1,0,0,0,1,0,0,0,0,0,0,2025-04-28T23:09:19-03:00,2025-04-28T23:09:19-03:00,0.0,0.0
2025-04,276508818,59059fec-85bd-4594-a10e-a26dbd8d0072,,2025-04-29T11:46:53+02:00,2025-04-29,49995,Syrphidae,family,,needs_id,3,0,0,0,44.8316257136,-0.581513308,0,,,none,1,1,1,0,0,0,1,0,0,0,0,0,1,2025-04-29T09:46:53+00:00,2025-04-29T09:46:53+00:00,0.0,0.0
2025-04,276517834,1538a066-f6b6-4f7c-bc2e-1a400695009c,,2025-04-29T11:30:12+01:00,2025-04-26,70405,Melanostoma scalare,species,70405,research,3,1,1,0,51.493148369,-2.5432924623,0,Melanostoma scalare,species,species,2,2,1,1,1,1,0,0,0,0,2,0,0,2025-09-24T17:33:36+00:00,2025-09-24T21:20:49+00:00,3559.06,3.79
2025-04,276790372,3674e42f-9395-4481-a3fe-cc8304d8c835,,2025-04-29T18:36:35-04:00,2025-04-25,203627,Palpada pusilla,species,203627,research,1,1,1,0,26.28853,-80.85017,0,Palpada pusilla,species,species,2,2,1,1,1,1,0,0,0,1,2,0,0,2025-04-29T17:36:35-05:00,2025-04-29T17:59:25-05:00,0.0,0.38
2025-04,276982400,0e0f9596-a0da-44ba-a85b-627309a8cd25,,2025-04-30T14:00:36+02:00,2025-04-26,428771,Eristalinus quinquelineatus,species,428771,research,1,2,2,0,-27.9750160058,32.3708170876,0,Eristalinus quinquelineatus,species,species,3,3,1,2,1,2,0,0,0,1,3,0,0,2025-04-30T14:00:36+02:00,2025-12-26T19:48:49+02:00,0.0,5765.8
2025-04,277044773,f96d24c3-29c5-4c20-abfe-e259983aa6b5,,2025-04-30T17:52:32+02:00,2025-04-30,52482,Episyrphus balteatus,species,52482,research,1,2,2,0,48.433974174,-2.0359205653,0,Episyrphus balteatus,species,species,3,3,1,2,1,2,0,0,0,1,3,0,0,2025-04-30T15:52:32+00:00,2025-04-30T18:10:56+00:00,0.0,2.31
2025-05,277541867,397138d6-acac-4a79-adfd-e6a8f7793a02,,2025-05-01T19:14:48-04:00,2025-04-27,126889,Toxomerus marginatus,species,126889,research,1,1,1,0,33.5848233821,-84.0680016331,0,Toxomerus marginatus,species,species,2,2,1,1,1,1,0,0,0,1,2,0,0,2025-05-01T19:14:48-04:00,2025-05-01T19:22:23-04:00,0.0,0.13
2025-05,277713513,04a49c7d-0a53-4408-874c-6a43adc24403,,2025-05-02T14:49:37+01:00,2025-05-02,70405,Melanostoma scalare,species,70405,research,1,1,1,0,52.4413021367,-2.0499499672,0,Melanostoma scalare,species,species,2,2,1,1,1,1,0,0,0,0,2,0,0,2025-05-02T14:49:37+01:00,2025-06-24T17:58:38+01:00,0.0,1275.15
2025-05,277723724,f44e7c7b-0494-40c0-840a-3da7d3be36eb,,2025-05-02T15:28:14+01:00,2025-05-02,55719,Eristalis tenax,species,55719,research,1,1,1,0,38.9353058425,-9.0016272451,0,Eristalis tenax,species,species,2,2,1,1,1,1,0,0,0,1,2,0,0,2025-05-03T11:07:51+01:00,2025-05-03T12:09:31+01:00,19.66,1.03
2025-05,277733002,3c5d4bdc-b247-4186-8bd9-c8019132c782,,2025-05-02T09:01:50-06:00,2025-04-15,1144252,Asemosyrphus mexicanus,species,1144252,research,4,2,2,0,20.7757728605,-103.4279550612,0,Asemosyrphus mexicanus,species,species,3,3,1,2,1,2,0,0,0,1,3,0,0,2025-05-02T11:01:50-04:00,2025-09-12T13:09:35-04:00,0.0,3194.13
2025-05,277857917,22335958-ecca-4c3f-baf6-1ac9fa998ed7,,2025-05-02T23:18:08+01:00,2025-04-25,121991,Syrphini,tribe,121991,research,2,1,1,0,53.3909160671,-2.880688794,0,Syrphini,tribe,other,2,2,1,1,1,1,0,0,0,0,0,0,0,2025-05-02T22:18:08+00:00,2025-05-09T20:06:58+00:00,0.0,165.81
2025-05,277934180,0c0c8978-c365-4764-beb3-6d9739cceebf,,2025-05-03T14:07:53+10:00,2025-05-03,341901,Mesembrius,genus,,needs_id,1,0,0,0,-27.3796015112,153.0383301396,0,,,none,1,1,1,0,0,0,1,0,0,1,0,1,0,2025-05-03T04:07:53+00:00,2025-05-03T04:07:53+00:00,0.0,0.0
2025-05,277978971,b0dcaf2f-2163-4e47-8370-04b59fbd38e4,,2025-05-03T10:49:09+02:00,2025-05-03,55719,Eristalis tenax,species,55719,research,2,1,1,0,45.6828722682,13.7799497321,0,Eristalis tenax,species,species,2,2,1,1,1,1,0,0,0,1,2,0,0,2025-05-03T08:49:09+00:00,2025-05-03T09:04:17+00:00,0.0,0.25
2025-05,277995621,8d5960b7-8e40-4367-8688-9d74dcf7dc7a,,2025-05-03T12:22:01+02:00,2025-04-28,1098608,Paragus,subgenus,311431,needs_id,3,2,2,0,47.114374901,15.4064145241,0,Paragus,genus,genus,3,3,1,2,2,0,1,0,0,1,0,1,1,2025-05-03T12:22:01+02:00,2025-12-18T11:41:25+01:00,0.0,5496.32
2025-05,278114659,833303e2-447b-4c73-b1f8-5cf60db2ead5,,2025-05-03T19:39:24+02:00,2025-05-03,61851,Eristalis similis,species,61851,research,1,1,1,0,51.1057340997,3.7069369,0,Eristalis similis,species,species,2,2,1,1,1,1,0,0,0,1,2,0,0,2025-05-03T17:39:24+00:00,2025-11-11T08:48:21+00:00,0.0,4599.15
2025-05,278174635,59d00722-e831-41a1-a2e6-c2f50244e876,,2025-05-03T22:50:07+02:00,2025-05-03,549147,Mesembrius peregrinus,species,549147,research,1,2,2,0,43.4846499648,4.4225523657,0,Mesembrius peregrinus,species,species,3,3,1,2,2,1,0,0,0,2,2,0,0,2025-05-03T22:50:07+02:00,2026-04-25T22:35:53+02:00,0.0,8567.76
2025-05,278230297,0b5ab579-1879-4e59-a917-6d18a133cd46,,2025-05-04T01:09:22+01:00,2025-05-03,70211,Myathropa florea,species,70211,research,1,1,1,0,51.3105166107,-2.9595093096,0,Myathropa florea,species,species,2,2,1,1,1,1,0,0,0,1,2,0,0,2025-05-04T00:09:22+00:00,2025-05-04T06:00:42+00:00,0.0,5.86
2025-05,278533583,8bacdace-b6ee-4baa-861b-2f14cddc81ac,,2025-05-04T13:44:48-07:00,2025-05-04,179752,Copestylum marginatum,species,179752,research,2,1,1,0,35.3217023422,-120.6865340267,0,Copestylum marginatum,species,species,2,2,1,1,1,1,0,0,0,0,2,0,0,2025-05-07T11:08:20-07:00,2025-05-07T17:36:19-07:00,69.39,6.47
2025-05,278584861,550be497-1b1f-409d-a7dd-d953a07163c8,,2025-05-05T01:38:05+02:00,2025-04-29,486706,Dasysyrphus tricinctus,species,486706,research,2,2,2,0,58.424323,14.1616418,0,Dasysyrphus tricinctus,species,species,3,3,1,2,1,2,0,0,0,1,3,0,0,2025-05-05T01:38:05+02:00,2025-05-06T07:47:54+02:00,0.0,30.16
2025-05,278703254,4bd231ab-d71c-4612-a488-52ea6e3a96bc,,2025-05-05T13:53:01+03:00,2025-05-04,334407,Platycheirus albimanus,species,334407,research,2,1,1,0,51.5684280059,36.0853322628,0,Platycheirus albimanus,species,species,2,2,1,1,1,1,0,0,0,1,2,0,0,2025-05-05T10:53:01+00:00,2025-09-04T19:42:43+00:00,0.0,2936.83
2025-05,278706967,36a9dbb8-a6cb-4a2b-b65d-b1261b874458,,2025-05-05T13:20:52+02:00,2025-05-05,121357,Platycheirus,genus,186841,needs_id,3,1,1,0,51.51033,9.923776,0,Syrphinae,subfamily,other,2,2,1,1,1,0,1,0,0,1,0,1,0,2025-05-05T13:20:52+02:00,2025-06-26T17:55:06+02:00,0.0,1252.57
2025-05,279044480,73861903-7ee6-40b2-847e-ded6088495be,,2025-05-06T21:23:35+02:00,2025-05-01,52490,Eristalis pertinax,species,52490,research,1,2,2,0,45.0901289205,5.5681819145,0,Eristalis pertinax,species,species,3,3,1,2,2,1,0,0,0,2,2,1,0,2025-05-06T19:23:35+00:00,2025-11-19T14:30:09+00:00,0.0,4723.11
2025-05,279180862,52b4d9eb-8332-4c10-8723-bf356350cf9e,,2025-05-07T11:37:57+02:00,2025-05-07,55719,Eristalis tenax,species,55719,research,1,2,2,0,47.41407054,21.78456896,1,Eristalis tenax,species,species,3,3,1,2,2,1,0,0,0,2,2,1,0,2025-05-07T09:37:57+00:00,2025-05-15T21:49:39+00:00,0.0,204.19
2025-05,279241814,34b95e80-7edc-4821-86da-e5151f32ccc1,,2025-05-07T17:31:49+02:00,2024-08-03,186841,Syrphinae,subfamily,,needs_id,1,0,0,0,47.1063216518,12.996479697,1,,,none,1,1,1,0,0,0,1,0,0,1,0,0,0,2025-05-07T15:31:49+00:00,2025-05-07T15:31:49+00:00,0.0,0.0
2025-05,279254323,6831d096-6c5c-4ffb-9f3a-5e174a19847d,,2025-05-07T11:25:20-05:00,2025-05-06,121991,Syrphini,tribe,121991,needs_id,2,3,2,1,47.3818649722,-91.1974529722,0,Syrphini,tribe,other,2,2,1,1,0,0,2,0,1,0,1,1,0,2025-05-07T11:25:20-05:00,2025-05-07T12:35:24-05:00,0.0,1.17
2025-05,279438422,30f1031c-9b1d-47e5-8c4e-bd0c8078ecdb,,2025-05-08T12:41:05+01:00,2025-05-06,486854,Pipiza,genus,486854,research,3,3,2,1,50.7347147565,-2.0509986143,0,Pipiza,genus,genus,2,2,1,1,1,0,1,0,1,0,1,1,0,2025-05-08T11:41:05+00:00,2025-10-06T20:40:33+00:00,0.0,3632.99
2025-05,279440446,7cb95948-f834-4c91-a375-b10eda5926c5,,2025-05-08T08:55:30-03:00,2025-05-08,329983,Ornidia obesa,species,,needs_id,1,0,0,0,-2.4919316667,-44.132815,0,,,none,1,1,1,0,0,0,1,0,0,0,1,0,0,2025-05-08T11:55:30+00:00,2025-05-08T11:55:30+00:00,0.0,0.0
2025-05,279700217,a6152497-d300-47f7-b1c4-9ecd0d4efbf8,,2025-05-09T17:00:10+03:00,2025-05-09,52489,Syrphus,genus,52489,research,2,3,2,1,55.90027203,37.65952394,0,Syrphus,genus,genus,2,2,1,1,1,0,1,0,1,1,1,1,0,2025-05-09T14:00:10+00:00,2025-12-28T10:27:19+00:00,0.0,5588.45
2025-05,279704169,7c877ec1-1c7a-4717-908e-f368106c31eb,,2025-05-09T16:18:05+02:00,2025-05-09,488425,Milesiini,tribe,488425,needs_id,1,3,2,1,49.7024417377,8.937327303,0,Milesiini,tribe,other,2,2,1,1,0,0,2,0,1,0,2,0,0,2025-05-09T16:18:05+02:00,2025-07-27T13:14:22+02:00,0.0,1892.94
2025-05,279752766,67b84bd0-2b18-4d11-8eac-eb5f306f7bd3,,2025-05-09T18:58:30+01:00,2025-05-09,486775,Portevinia maculata,species,486775,research,1,1,1,0,54.9871999274,-1.5867334977,0,Portevinia maculata,species,species,2,2,1,1,1,1,0,0,0,0,2,0,0,2025-05-09T19:58:30+02:00,2025-05-09T20:18:26+02:00,0.0,0.33
2025-05,279784469,a99d4002-3495-47f9-87e9-a9194fe93bf1,,2025-05-09T22:26:44+02:00,2025-05-09,52965,Sphaerophoria,genus,52965,research,1,1,1,0,47.1257861667,15.3721716667,0,Sphaerophoria,genus,genus,2,2,1,1,1,1,0,0,0,1,0,2,0,2025-05-09T20:26:44+00:00,2026-02-05T09:05:56+00:00,0.0,6516.65
2025-05,279800453,4aec137b-822f-4f6d-b570-a094ad19533d,,2025-05-09T23:43:50+02:00,2025-05-09,210336,Eupeodes luniger,species,210336,research,2,1,1,0,52.3193508676,15.747472484,0,Eupeodes luniger,species,species,2,2,1,1,1,1,0,0,0,1,2,0,0,2025-05-09T23:43:50+02:00,2026-08-10T19:42:27+02:00,0.0,10987.98
2025-05,279816961,3132d1e3-85ba-4526-83bb-86f23913fc02,,2025-05-10T00:10:39+01:00,2025-05-09,486778,Rhingia rostrata,species,486778,research,1,1,1,0,51.4711419808,-2.4482353915,0,Rhingia rostrata,species,species,2,2,1,1,1,1,0,0,0,1,2,0,0,2025-05-10T00:10:39+01:00,2025-05-10T10:22:42+01:00,0.0,10.2
2025-05,279909124,7ca23217-0bbe-4592-b745-49b3519828d5,,2025-05-10T13:16:12+02:00,2025-05-10,462191,Xylota segnis,species,462191,research,1,1,1,0,51.6921348572,5.5998029709,0,Xylota segnis,species,species,2,2,1,1,1,1,0,0,0,1,2,0,0,2025-05-10T11:16:12+00:00,2026-01-05T20:31:50+00:00,0.0,5769.26
2025-05,280031638,f5e99cdb-7b7b-4876-82c3-20815a9e93a0,,2025-05-10T12:44:02-07:00,2025-05-10,194786,Merodon equestris,species,194786,research,2,2,2,0,47.7658583333,-122.3381666667,0,Merodon equestris,species,species,3,3,1,2,2,1,0,0,0,1,2,1,0,2025-05-10T12:44:02-07:00,2025-05-13T05:25:25+00:00,0.0,57.69
2025-05,280054489,87e5b39a-11a9-42ad-a612-610fe19cb562,,2025-05-10T23:04:26+02:00,2025-05-05,52488,Syrphus ribesii,species,52488,research,1,1,1,0,53.3267385873,6.185468818,0,Syrphus ribesii,species,species,2,2,1,1,1,1,0,0,0,1,2,0,0,2025-05-10T21:04:26+00:00,2026-01-20T21:03:12+00:00,0.0,6119.98
2025-05,280346947,2b85c435-578b-4dc1-a347-299c491cb3c4,,2025-05-11T22:45:47+02:00,2025-04-17,121991,Syrphini,tribe,121991,needs_id,1,3,2,1,58.3979388889,16.2051527778,0,Syrphini,tribe,other,2,2,1,1,1,0,1,0,1,1,0,1,0,2025-05-11T20:45:47+00:00,2026-01-10T17:02:07+00:00,0.0,5852.27
2025-05,280401882,d5f8224f-7eb1-4aac-8755-d353b650f075,,2025-05-11T17:18:46-07:00,2025-05-11,493594,Eupeodes fumipennis,species,493594,research,1,2,2,0,49.069625,-120.8101366667,0,Eupeodes fumipennis,species,species,3,3,1,2,1,2,0,0,1,0,3,0,0,2025-05-11T18:23:39-07:00,2025-05-12T07:58:53-07:00,1.08,13.59
2025-05,280411484,85ca67a6-5b4b-490c-84b7-25e16c02b04b,,2025-05-11T17:59:58-07:00,2025-05-11,324076,Criorhina,genus,324076,needs_id,3,3,3,0,50.0461055,-125.1731116667,0,Criorhina,genus,genus,3,3,1,2,1,1,1,0,1,1,1,2,0,2025-05-11T19:59:58-05:00,2026-01-08T22:23:04-06:00,0.0,5811.39
2025-05,280636911,439d08dc-f1a6-4c09-8d3a-e36dbc11d373,,2025-05-12T16:00:14-06:00,2025-05-12,62455,Eupeodes,genus,,needs_id,1,0,0,0,19.4165088238,-98.9046657085,1,,,none,1,1,1,0,0,0,1,0,0,0,0,1,0,2025-05-12T22:00:14+00:00,2025-05-12T22:00:14+00:00,0.0,0.0
2025-05,280767739,87994283-8d9f-4841-be31-7662149990c5,,2025-05-13T09:08:59-04:00,2025-05-13,52489,Syrphus,genus,52489,needs_id,1,3,2,1,43.5842485564,-72.5711661365,1,Syrphus,genus,genus,2,2,1,1,1,0,1,0,1,1,1,1,0,2025-05-13T06:08:59-07:00,2025-05-13T23:14:54-07:00,0.0,17.1
2025-05,280786024,e05549a2-5a02-4125-b4c7-56c42fe9e7a7,,2025-05-13T15:40:58+01:00,2025-05-13,52486,Helophilus pendulus,species,52486,research,3,2,2,0,55.0361861111,-6.9228388889,0,Helophilus pendulus,species,species,3,3,1,2,1,2,0,0,0,0,3,0,0,2025-05-13T15:40:58+01:00,2025-05-13T21:09:32+01:00,0.0,5.48
2025-05,280850886,5a6fc660-68b0-4908-ae36-f88ebb9efbc8,,2025-05-13T20:49:16+01:00,2025-05-13,52489,Syrphus,genus,52489,research,1,2,2,0,53.3898277334,-1.5107434667,0,Syrphus,genus,genus,3,3,1,2,1,2,0,0,0,1,0,3,0,2025-05-13T19:49:16+00:00,2025-05-14T07:56:23+00:00,0.0,12.12
2025-05,280970267,f6b15e14-a7f5-4556-a37b-b8fd2f684e65,,2025-05-14T01:58:58-07:00,2025-05-02,980722,Scaeva affinis,species,980722,research,1,2,2,0,50.37782,-121.3982083333,0,Scaeva affinis,species,species,3,3,1,2,2,1,0,0,0,1,2,1,0,2025-05-14T01:58:58-07:00,2025-05-14T12:27:35-07:00,0.0,10.48
2025-05,281011525,4116cdcb-2a31-41ba-b2de-6d7b8d5f600f,,2025-05-14T09:52:50-04:00,2025-05-08,121357,Platycheirus,genus,121357,needs_id,1,3,3,0,44.4119961943,-68.2524971076,2,Platycheirus,genus,genus,4,4,1,3,2,2,0,0,0,1,0,3,0,2025-05-14T10:52:50-03:00,2026-01-28T18:22:24-04:00,0.0,6224.49
2025-05,281092599,c6122821-4f7f-4ec7-b580-4623f40038b5,,2025-05-14T12:52:48-07:00,2025-05-13,338310,Allograpta exotica,species,338310,research,2,1,1,0,33.704459,-118.053281,1,Allograpta exotica,species,species,2,2,1,1,1,1,0,0,0,1,2,0,0,2025-05-14T12:52:48-07:00,2025-05-14T18:57:43-07:00,0.0,6.08
2025-05,281146463,4f25b54d-e169-4313-b254-0937f2c20ef3,,2025-05-14T17:34:39-07:00,2025-05-14,121991,Syrphini,tribe,,needs_id,3,0,0,0,47.5845326719,-122.3836531986,0,,,none,1,1,1,0,0,0,1,0,0,1,0,0,0,2025-05-15T00:34:39+00:00,2025-05-15T00:34:39+00:00,0.0,0.0
2025-05,281714145,8d7fa530-896c-4109-84e1-31389bb5ca8b,,2025-05-17T11:00:31+01:00,2025-05-17,52486,Helophilus pendulus,species,52486,research,1,2,2,0,52.3478384642,-1.2781115714,0,Helophilus pendulus,species,species,3,3,0,3,2,1,0,0,0,1,2,1,0,2025-10-23T14:02:58+01:00,2025-10-26T19:33:29+00:00,3819.04,78.51
2025-05,281831780,2b884968-5d4e-48f7-9684-75dcfddf2f80,,2025-05-17T10:59:44-07:00,2025-05-17,186841,Syrphinae,subfamily,,needs_id,1,0,0,0,37.7899093628,-122.3957290649,0,,,none,1,1,1,0,0,0,1,0,0,1,0,0,0,2025-05-17T17:59:44+00:00,2025-05-17T17:59:44+00:00,0.0,0.0
2025-05,281857051,29a93fe4-b010-41c3-a885-7f15125a5779,,2025-05-17T12:20:20-07:00,2025-02-07,322368,Syrphus opinator,species,322368,research,1,2,2,0,37.87502,-122.2675383333,0,Syrphus opinator,species,species,3,3,1,2,1,2,0,0,0,0,3,0,0,2025-05-17T16:57:08-07:00,2025-05-21T00:21:38-07:00,4.61,79.41
2025-05,282075891,148fcab5-bdad-4482-960c-79342378348b,,2025-05-18T16:39:58+02:00,2025-05-18,52964,Sphaerophoria scripta,species,52964,research,1,1,1,0,45.6961087541,9.1199644159,0,Sphaerophoria scripta,species,species,2,2,1,1,1,1,0,0,0,1,2,0,0,2025-05-18T17:39:58+03:00,2025-05-21T15:52:52+03:00,0.0,70.22
2025-05,282283796,2a67254c-2b9c-45b7-9a0d-ae1326892ed5,,2025-05-18T20:30:00-07:00,2025-05-18,118969,Allograpta,genus,118969,research,1,2,2,0,34.0865321534,-117.8155683271,0,Allograpta,genus,genus,3,3,1,2,1,2,0,0,1,0,0,3,0,2025-05-19T04:19:16+00:00,2025-05-19T15:25:09+00:00,0.82,11.1
2025-05,282327887,02e8f4f5-0a15-485a-b440-e7a163fe9c0c,,2025-05-19T11:40:57+02:00,2025-05-16,52490,Eristalis pertinax,species,52490,research,1,1,1,0,55.3199453826,10.7738851551,0,Eristalis pertinax,species,species,2,2,1,1,1,1,0,0,0,1,2,0,0,2025-05-19T09:40:57+00:00,2025-05-19T12:20:06+00:00,0.0,2.65
2025-05,282338451,8492cbc5-b6a7-400d-8444-7865dbecd546,,2025-05-19T12:02:36+01:00,2025-05-18,70405,Melanostoma scalare,species,70405,research,1,1,1,0,51.2609857422,-2.649992731,0,Melanostoma scalare,species,species,2,2,1,1,1,1,0,0,0,0,2,0,0,2025-05-19T15:28:08+00:00,2025-05-19T15:34:52+00:00,4.43,0.11
2025-05,282439360,9b7818a3-66c8-4cf2-9e9d-e381259873ee,,2025-05-19T19:42:45+01:00,2025-05-19,55719,Eristalis tenax,species,55719,research,1,1,1,0,50.7410783333,-2.0918305,0,Eristalis tenax,species,species,2,2,1,1,1,1,0,0,0,1,2,0,0,2025-05-19T18:42:45+00:00,2025-05-19T18:44:25+00:00,0.0,0.03
2025-05,282635915,e7b92b1f-633a-4ecb-be30-c5f7ad5b4f54,,2025-05-20T16:23:08+02:00,2025-05-15,486414,Sericomyia lappona,species,486414,research,1,1,1,0,60.473404794,5.2911522162,0,Sericomyia lappona,species,species,2,2,1,1,1,1,0,0,0,1,2,0,0,2025-05-20T14:23:08+00:00,2025-05-20T17:19:23+00:00,0.0,2.94
2025-05,282735325,4d7027b9-3073-43a1-ad98-44a97ae17f02,,2025-05-20T14:23:22-07:00,2025-05-20,52965,Sphaerophoria,genus,,needs_id,2,0,0,0,44.79372845,-122.56982557,0,,,none,1,1,1,0,0,0,1,0,0,1,0,1,0,2025-05-20T14:23:23-07:00,2025-05-20T14:23:23-07:00,0.0,0.0
2025-05,282750737,34c54468-5c7c-4f40-9129-886b5c23f822,,2025-05-20T18:39:27-04:00,2025-05-20,486854,Pipiza,genus,486854,needs_id,1,1,1,0,44.1251650365,-78.0382042933,0,Pipiza,genus,genus,2,2,1,1,1,1,0,0,1,0,0,2,0,2025-05-20T23:57:45-04:00,2025-05-21T13:27:11-04:00,5.3,13.49
2025-05,282772191,51fcfd0e-853d-4f2e-8f9c-1d5bcd88791b,,2025-05-20T17:30:10-07:00,2025-05-20,311434,Paragus haemorrhous,species,311434,research,1,1,1,0,38.2517083333,-121.9826133333,0,Paragus haemorrhous,species,species,2,2,1,1,1,1,0,0,0,1,2,0,0,2025-05-20T17:30:10-07:00,2025-05-20T20:47:31-07:00,0.0,3.29
2025-05,282793316,ad86be23-23f8-4781-8232-76d73d14688c,,2025-05-20T22:30:13-04:00,2025-05-20,1144216,Eurimyia stipata,species,1144216,research,3,1,1,0,42.1619158544,-80.0897493666,2,Eurimyia stipata,species,species,2,2,1,1,1,1,0,0,0,1,2,0,0,2025-05-20T21:30:13-05:00,2025-05-20T21:34:28-05:00,0.0,0.07
2025-05,282852420,56745e3f-56e2-4409-be6f-f8567cd07ac2,,2025-05-21T11:28:41+01:00,2025-05-20,324637,Meliscaeva auricollis,species,324637,research,2,1,1,0,50.949067661,-2.8061120213,0,Meliscaeva auricollis,species,species,2,2,1,1,1,1,0,0,0,1,2,0,0,2025-05-21T10:28:41+00:00,2025-05-22T11:26:04+00:00,0.0,24.96
2025-05,282916796,4b99a258-e720-448d-b5d2-7628676ab436,,2025-05-21T11:15:42-05:00,2025-05-21,322357,Eupeodes volucris,species,322357,research,1,1,1,0,35.9902019,-96.1206884,0,Eupeodes volucris,species,species,2,2,1,1,1,1,0,0,0,1,2,0,0,2025-05-21T11:15:42-05:00,2025-05-21T11:19:18-05:00,0.0,0.06
2025-05,282919677,1553d829-77f2-42db-9b90-aabe2c53f3b1,,2025-05-21T11:27:07-05:00,2025-05-08,70406,Melanostoma,genus,,needs_id,1,0,0,0,43.2772565,-87.9637868,0,,,none,1,1,1,0,0,0,1,0,0,1,0,1,0,2025-05-21T16:27:07+00:00,2025-05-21T16:27:07+00:00,0.0,0.0
2025-05,283010736,58ccee7c-fa5d-44bc-8fac-2da76d6c37cd,,2025-05-21T16:24:05-07:00,2025-05-21,81979,Syritta pipiens,species,81979,research,2,1,1,0,44.56747921,-123.26899422,0,Syritta pipiens,species,species,2,2,1,1,1,1,0,0,0,0,2,0,0,2025-05-21T19:16:46-05:00,2025-05-21T21:48:29-05:00,0.88,2.53
2025-05,283226272,b24b236a-14c4-4cb7-9511-97b54944651b,,2025-05-22T21:46:04+01:00,2025-05-21,62455,Eupeodes,genus,62455,research,1,2,2,0,51.2862033894,1.3393862173,0,Eupeodes,genus,genus,3,3,1,2,2,1,0,0,0,0,0,2,1,2025-05-22T21:46:04+01:00,2025-05-23T22:42:14+01:00,0.0,24.94
2025-05,283275770,a0867444-4abd-4e1b-8e00-82172c5843d9,,2025-05-22T18:25:49-07:00,2025-05-22,320786,Eristalis arbustorum,species,52491,needs_id,3,1,1,0,47.5342232434,-122.2727366816,0,Eristalis,genus,genus,2,2,1,1,1,0,1,0,0,1,1,1,0,2025-05-22T20:25:49-05:00,2025-05-22T20:56:15-05:00,0.0,0.51
2025-05,283377736,21df71df-e248-4abb-88c2-ac376dabfef9,,2025-05-23T16:22:54+02:00,2025-05-20,52486,Helophilus pendulus,species,52486,research,1,2,2,0,48.372225,4.5233266667,0,Helophilus pendulus,species,species,3,3,1,2,2,1,0,0,0,1,2,1,0,2025-05-23T14:22:54+00:00,2026-01-02T21:42:47+00:00,0.0,5383.33
2025-05,283383405,539a7f7c-4398-4ce3-9711-69455045da9d,,2025-05-23T16:49:33+02:00,2025-05-23,520015,Rhingiini,tribe,,needs_id,1,0,0,0,47.504688055,8.77191,0,,,none,1,1,1,0,0,0,1,0,0,1,0,0,0,2025-05-23T22:46:07+02:00,2025-05-23T22:46:07+02:00,5.94,0.0
2025-05,283409340,733875dc-40b6-4b29-82ff-73732f1e1620,,2025-05-23T18:40:59+02:00,2025-05-16,62455,Eupeodes,genus,,needs_id,1,0,0,0,46.24511715,13.19826505,0,,,none,1,1,1,0,0,0,1,0,0,1,0,1,0,2025-05-23T16:40:59+00:00,2025-05-23T16:40:59+00:00,0.0,0.0
2025-05,283424238,6b750337-568f-4a56-9e95-2e03fd4f610a,,2025-05-23T18:40:49+01:00,2025-05-23,52482,Episyrphus balteatus,species,52482,research,1,1,1,0,54.9843683654,-1.5844495967,0,Episyrphus balteatus,species,species,2,2,1,1,1,1,0,0,0,0,2,0,0,2025-05-23T18:40:49+01:00,2025-05-23T19:56:26+01:00,0.0,1.26
2025-05,283444811,d7c9d164-b941-45e5-ab96-66c23fedc61e,,2025-05-23T22:06:49+03:00,2025-05-22,194786,Merodon equestris,species,194786,research,1,1,1,0,46.20807,24.7648016667,0,Merodon equestris,species,species,2,2,1,1,1,1,0,0,1,1,2,0,0,2025-05-24T08:07:31+00:00,2025-05-24T14:41:47+00:00,13.01,6.57
2025-05,283690028,17e1895f-8103-45ed-9be0-2c7f53a1fdf3,,2025-05-24T18:35:07+01:00,2025-05-24,486881,Chalcosyrphus nemorum,species,486881,research,2,1,1,0,54.9827496356,-1.5860941261,0,Chalcosyrphus nemorum,species,species,2,2,1,1,1,1,0,0,0,0,2,0,0,2025-05-24T17:35:07+00:00,2025-05-24T19:57:55+00:00,0.0,2.38
2025-05,283845245,5eb39c58-74db-458a-86f8-5ccf623f708e,,2025-05-25T06:26:16+02:00,2025-05-18,55719,Eristalis tenax,species,55719,research,2,1,1,0,40.92131,0.20891,2,Eristalis tenax,species,species,2,2,1,1,1,1,0,0,0,1,2,0,0,2025-05-25T04:26:16+00:00,2025-10-14T10:22:50+00:00,0.0,3413.94
2025-05,283996318,ae277558-4da3-4ee8-a00a-c8cc449c09d1,,2025-05-25T19:49:14+03:00,2025-05-25,186841,Syrphinae,subfamily,47158,needs_id,1,1,1,0,62.2500264902,25.7458436653,0,Insecta,class,other,2,2,1,1,1,0,1,0,0,0,0,0,0,2025-05-25T19:49:14+03:00,2025-05-26T12:04:02+03:00,0.0,16.25
2025-05,284155040,38073d57-fdea-40bc-8f89-58083e6618e7,,2025-05-25T19:34:10-07:00,2025-05-17,980722,Scaeva affinis,species,980722,research,1,1,1,0,37.8421871,-122.272478,1,Scaeva affinis,species,species,2,2,1,1,1,1,0,0,0,1,2,0,0,2025-05-26T02:34:10+00:00,2025-05-26T02:43:31+00:00,0.0,0.16
2025-05,284341244,d2615ba6-fc8b-4bac-a965-ed2ae04607ec,,2025-05-26T14:14:26-05:00,2025-05-25,126532,Toxomerus geminatus,species,58753,needs_id,2,1,1,0,36.1349900975,-93.7717408717,0,Toxomerus,genus,genus,2,2,1,1,1,0,1,0,0,0,1,1,0,2025-05-26T14:14:26-05:00,2025-05-26T14:15:59-05:00,0.0,0.03
2025-05,284343688,c07103e0-639e-4126-99e5-e308f9cfe6f7,,2025-05-26T21:22:19+02:00,2025-05-25,52489,Syrphus,genus,52489,research,1,1,1,0,46.9177206071,15.5775350725,1,Syrphus,genus,genus,2,2,1,1,1,1,0,0,0,0,0,2,0,2025-05-26T19:22:19+00:00,2026-01-17T10:56:43+00:00,0.0,5655.57
2025-05,284501321,ea11b402-3308-4dd4-9c3c-c22e37a3a367,,2025-05-27T10:37:36+02:00,2025-05-25,321476,Parhelophilus,genus,321476,needs_id,2,1,1,0,49.584027586,20.6447980721,0,Parhelophilus,genus,genus,2,2,1,1,1,1,0,0,0,0,0,2,0,2025-05-27T09:08:29+00:00,2026-03-11T09:10:37+00:00,0.51,6912.04
2025-05,284773792,b2f0ebfe-27b5-40af-8823-b0dbeb8e5315,,2025-05-28T12:03:17+02:00,2025-05-06,486737,Megasyrphus erraticus,species,486737,research,5,1,1,0,54.3306886524,18.1391534643,0,Megasyrphus erraticus,species,species,2,2,1,1,1,1,0,0,1,0,2,0,0,2026-01-17T17:59:35+01:00,2026-01-31T20:25:37+01:00,5622.94,338.43
2025-05,284774913,edf36a00-3be9-409d-bad5-2c2ef5a22cb9,,2025-05-28T11:13:23+01:00,2025-05-28,52487,Helophilus,genus,52487,research,2,2,2,0,51.3955056,-2.3505997,0,Helophilus,genus,genus,4,4,1,3,2,2,0,0,0,0,0,3,0,2025-05-30T05:00:41+00:00,2025-07-19T22:00:16+00:00,42.79,1216.99
2025-05,284912497,a8cf9528-8bae-4926-a54b-028d823f552c,,2025-05-28T22:21:06+01:00,2025-05-28,52490,Eristalis pertinax,species,52490,research,3,1,1,0,51.328875,-2.0034972222,0,Eristalis pertinax,species,species,2,2,1,1,1,1,0,0,0,0,2,0,0,2025-05-28T21:21:06+00:00,2025-06-21T11:54:06+00:00,0.0,566.55
2025-05,285239032,e297e9e8-b784-4876-8c92-cd8f8c26f1ff,,2025-05-29T22:50:00-04:00,2025-05-29,126889,Toxomerus marginatus,species,126889,research,3,1,1,0,35.4979783333,-82.609345,1,Toxomerus marginatus,species,species,2,2,1,1,1,1,0,0,0,1,2,0,0,2025-05-29T21:50:00-05:00,2025-06-08T22:17:02-05:00,0.0,240.45
2025-05,285313388,a9574160-75ad-4fb6-9f4c-4e2de70f1cea,,2025-05-30T13:19:25+01:00,2025-05-30,868216,Pipizinae,subfamily,868216,needs_id,3,1,1,0,41.7974283333,-6.7703883333,0,Pipizinae,subfamily,other,2,2,1,1,1,1,0,0,0,0,0,0,0,2025-06-02T06:29:27-10:00,2025-06-04T10:03:37-10:00,76.17,51.57
2025-05,285550810,04aec4aa-ebb2-4209-b3a8-75fbdc6a79d8,,2025-05-31T09:41:10+02:00,2025-05-26,52964,Sphaerophoria scripta,species,52964,research,3,2,2,0,46.1943808235,9.6670360269,0,Sphaerophoria scripta,species,species,3,3,1,2,2,1,0,0,0,1,2,1,0,2025-05-31T07:41:10+00:00,2026-01-31T07:47:04+00:00,0.0,5880.1
2025-05,285578939,0ff1209a-87e1-4818-b586-dc663e228a95,,2025-05-31T06:33:31-04:00,2025-05-27,49995,Syrphidae,family,,needs_id,1,0,0,0,40.6024033333,-73.93235,1,,,none,1,1,1,0,0,0,1,0,0,0,0,0,1,2025-05-31T10:33:31+00:00,2025-05-31T10:33:31+00:00,0.0,0.0
2025-05,285642403,682fb913-6b2a-43b4-bfc6-35b6d6d49081,,2025-05-31T17:09:29+02:00,2025-05-31,52486,Helophilus pendulus,species,52486,research,1,2,2,0,47.7471626096,-3.2262931885,0,Helophilus pendulus,species,species,3,3,1,2,1,2,0,0,0,0,3,0,0,2025-06-01T00:09:29+09:00,2025-07-08T14:47:25+09:00,0.0,902.63
2025-05,285692490,6acb7f96-7ed1-4016-9270-20dd08e0b0ae,,2025-05-31T12:51:32-05:00,2025-05-31,425253,Palpada furcata,species,425253,research,1,1,1,0,29.4080727322,-98.2566167279,0,Palpada furcata,species,species,2,2,1,1,1,1,0,0,0,1,2,0,0,2025-05-31T12:51:32-05:00,2025-05-31T13:14:27-05:00,0.0,0.38
2025-05,285740129,e0a0d187-a0c2-433f-a917-e6651a5ca270,,2025-05-31T22:25:09+02:00,2025-05-31,52480,Volucella pellucens,species,52480,research,1,1,1,0,49.761185,6.227145,0,Volucella pellucens,species,species,2,2,1,1,1,1,0,0,0,1,2,0,0,2025-05-31T22:25:09+02:00,2025-06-01T00:50:12+02:00,0.0,2.42
2025-05,285756633,8310e575-dd1d-4f07-8d1a-6b7ab55b9662,,2025-05-31T23:21:59+02:00,2025-05-21,62455,Eupeodes,genus,121991,needs_id,1,2,2,0,45.7513043691,4.8544811457,0,Syrphini,tribe,other,3,3,0,3,2,0,1,0,0,0,0,1,1,2025-06-01T12:09:24+02:00,2026-01-23T18:43:20+01:00,12.79,5671.57
2025-06,285972390,5d5bf785-eeb6-4b66-a03a-80662882107e,,2025-06-01T16:19:38+01:00,2025-05-28,337019,Chrysotoxum bicinctum,species,337019,research,1,1,1,0,56.5580550691,-5.2552502372,0,Chrysotoxum bicinctum,species,species,2,2,1,1,1,1,0,0,0,1,2,0,0,2025-06-01T15:19:38+00:00,2025-06-01T15:30:18+00:00,0.0,0.18
2025-06,285972768,678f3666-8bca-4d87-9384-1f11416c63c5,,2025-06-01T17:20:41+02:00,2025-06-01,52482,Episyrphus balteatus,species,52482,research,1,2,2,0,46.9947873576,15.9432099866,0,Episyrphus balteatus,species,species,3,3,1,2,2,1,0,0,0,2,2,1,0,2025-06-01T18:20:41+03:00,2025-06-02T13:53:38+03:00,0.0,19.55
2025-06,286022617,c8335d42-c315-412d-bfbe-a4e1bcd7531e,,2025-06-01T14:52:26-03:00,2025-05-03,329983,Ornidia obesa,species,,needs_id,5,0,0,0,-25.5014857672,-49.2349358675,0,,,none,1,1,1,0,0,0,1,0,0,1,1,0,0,2025-06-01T14:52:26-03:00,2025-06-01T14:52:26-03:00,0.0,0.0
2025-06,286233960,2c4622f0-fafe-4fb8-9c09-2df7fd4004df,,2025-06-02T11:34:47+01:00,2025-06-02,1393592,Riponnensia splendens,species,1393592,research,1,1,1,0,51.9402585473,-3.9039378583,0,Riponnensia splendens,species,species,2,2,1,1,1,1,0,0,0,1,2,0,0,2025-06-02T10:34:47+00:00,2025-06-02T10:36:18+00:00,0.0,0.03
2025-06,286285555,70ed7c1b-d6af-43a2-ae87-001b5e0fa518,,2025-06-02T11:03:04-04:00,2025-06-01,126889,Toxomerus marginatus,species,126889,research,1,1,1,0,38.514822194,-78.4322257893,0,Toxomerus marginatus,species,species,2,2,1,1,1,1,0,0,0,1,2,0,0,2025-06-02T10:03:04-05:00,2025-06-02T23:23:45-05:00,0.0,13.34
2025-06,286313759,de951f9e-0e02-436e-b6c3-1b3dd0d0be74,,2025-06-02T22:17:30+05:30,2025-06-01,338192,Eristalinus arvorum,species,145541,needs_id,1,1,1,0,28.4932735272,77.2653213011,0,Eristalinus,genus,genus,2,2,1,1,1,0,1,0,0,2,1,1,0,2025-06-02T16:47:30+00:00,2026-05-18T11:24:39+00:00,0.0,8394.62
2025-06,286593165,40000347-1abc-4444-a34d-95bb540609f7,,2025-06-03T20:39:38+03:00,2025-06-01,70213,Didea,genus,70213,needs_id,2,2,2,0,54.2388435935,24.4756561518,1,Didea,genus,genus,3,3,1,2,2,1,0,0,0,1,0,2,0,2025-06-03T19:39:38+02:00,2026-02-12T20:58:22+01:00,0.0,6098.31
2025-06,286735086,7324dc57-8d73-42ec-8cf0-a466437c6724,,2025-06-03T23:58:38-07:00,2025-05-31,324344,Melanostoma mellinum,species,324344,research,3,1,1,0,48.5374900733,-123.501069146,0,Melanostoma mellinum,species,species,2,2,1,1,1,1,0,0,0,1,2,0,0,2025-06-04T01:58:38-05:00,2025-06-04T10:19:11-05:00,0.0,8.34
2025-06,286761952,7620e3f6-7637-4261-9f12-2a56db015793,,2025-06-04T12:49:51+02:00,2025-06-04,194786,Merodon equestris,species,194786,research,1,1,1,0,54.3493388889,10.1141555556,0,Merodon equestris,species,species,2,2,1,1,1,1,0,0,0,1,2,0,0,2025-06-04T10:49:51+00:00,2026-01-02T12:30:27+00:00,0.0,5089.68
2025-06,286770200,1141d863-f061-4c1b-ae21-57a2ccc4a187,,2025-06-04T14:52:56+03:00,2025-06-04,186841,Syrphinae,subfamily,47158,needs_id,1,1,1,0,55.7394124289,38.8715671375,0,Insecta,class,other,2,2,0,2,1,0,1,0,0,0,0,0,0,2025-06-04T14:54:22+03:00,2025-06-04T15:30:21+03:00,0.02,0.6
2025-06,286850683,623ecfc0-880b-432e-90c5-05320a55e00c,,2025-06-04T20:09:25+02:00,2025-05-10,451465,Chrysotoxum festivum,species,451465,research,1,1,1,0,47.6091957092,19.1998729706,0,Chrysotoxum festivum,species,species,2,2,1,1,1,1,0,0,0,2,2,0,0,2025-06-04T20:09:25+02:00,2025-06-04T21:14:40+02:00,0.0,1.09
2025-06,287010415,3b181c64-36f6-4954-a500-08654d7b5bd0,,2025-06-05T12:28:17+02:00,2025-06-05,325596,Syritta flaviventris,species,,needs_id,3,0,0,0,-34.0592683333,18.4992116667,0,,,none,1,1,1,0,0,0,1,0,0,0,1,0,0,2025-06-05T17:21:10+00:00,2025-06-05T17:21:10+00:00,6.88,0.0
2025-06,287043841,89168b3f-f53c-4e2e-b995-82b1d1592526,,2025-06-05T14:46:57+01:00,2025-02-02,81980,Syritta,genus,,needs_id,2,0,0,0,29.0873725334,-10.3366192064,0,,,none,1,1,1,0,0,0,1,0,0,1,0,1,0,2025-06-05T13:46:57+00:00,2025-06-05T13:46:57+00:00,0.0,0.0
2025-06,287405423,9ee0a7ec-9c0f-4692-bbea-eefb088c213c,,2025-06-06T14:09:35-07:00,2025-06-06,320786,Eristalis arbustorum,species,320786,research,1,2,2,0,49.9157439722,-119.369309,0,Eristalis arbustorum,species,species,3,3,1,2,2,1,0,0,0,1,2,1,0,2025-06-06T16:09:35-05:00,2025-11-20T11:01:48-06:00,0.0,4003.87
2025-06,287532012,d167ee3a-58ba-4a00-9af8-715be904ee3e,,2025-06-07T11:39:11+01:00,2025-06-07,69190,Eupeodes corollae,species,69190,research,1,1,1,0,51.6089584371,-1.4242617041,0,Eupeodes corollae,species,species,2,2,1,1,1,1,0,0,0,0,2,0,0,2025-06-07T11:39:11+01:00,2025-06-07T19:11:26+01:00,0.0,7.54
2025-06,287548706,c0baf3ed-2183-43ad-8293-427a342788c7,,2025-06-07T13:15:37+01:00,2025-06-07,62455,Eupeodes,genus,62455,research,2,3,3,0,52.0832421481,1.3023720682,0,Eupeodes,genus,genus,3,3,1,2,1,1,1,0,1,0,1,2,0,2025-06-07T12:15:37+00:00,2025-07-04T20:17:42+00:00,0.0,656.03
2025-06,287822483,85b6d743-a99b-42bd-8d50-7178467893dc,,2025-06-08T10:56:18+02:00,2025-06-07,52486,Helophilus pendulus,species,,needs_id,2,0,0,0,50.089928,8.677314,0,,,none,1,1,1,0,0,0,1,0,0,1,1,0,0,2025-06-08T08:56:18+00:00,2025-06-08T08:56:18+00:00,0.0,0.0
2025-06,287869205,b0a38a33-c21f-4f6c-9e4a-894b3c0479dd,,2025-06-08T13:59:36+01:00,2025-06-08,52489,Syrphus,genus,52489,research,1,1,1,0,51.5212280451,-0.0962728592,0,Syrphus,genus,genus,2,2,1,1,1,1,0,0,0,1,0,2,0,2025-06-08T12:59:36+00:00,2025-06-27T19:56:59+00:00,0.0,462.96
2025-06,287884096,e92cffe5-49cf-43b8-9ceb-11f7a19342af,,2025-06-08T15:55:42+02:00,2025-06-08,52482,Episyrphus balteatus,species,52482,research,1,1,1,0,49.51156759,6.00917001,0,Episyrphus balteatus,species,species,2,2,1,1,1,1,0,0,0,1,2,0,0,2025-06-09T12:12:05+02:00,2025-06-09T13:07:51+02:00,20.27,0.93
2025-06,287906291,8bf65d80-8aac-41c6-9c7f-14b305a1c6b0,,2025-06-08T11:13:30-04:00,2025-06-07,126889,Toxomerus marginatus,species,,needs_id,1,0,0,0,,,0,,,none,1,1,1,0,0,0,1,0,0,1,1,0,0,2025-06-08T15:13:30+00:00,2025-06-08T15:13:30+00:00,0.0,0.0
2025-06,288011623,f4bd558f-34d5-4a20-bb95-09ac677ec64c,,2025-06-08T17:03:37-04:00,2025-06-08,126532,Toxomerus geminatus,species,126532,research,1,2,2,0,45.3199968939,-79.2241122946,0,Toxomerus geminatus,species,species,3,3,1,2,2,1,0,0,0,1,2,1,0,2025-06-08T21:03:37+00:00,2025-06-09T21:44:00+00:00,0.0,24.67
2025-06,288022063,767854de-3d8b-4731-8aeb-729165e5333a,,2025-06-08T17:42:24-04:00,2024-09-16,963010,Eupeodes americanus,complex,963010,research,1,2,2,0,42.5129866667,-71.2923083333,1,Eupeodes americanus,complex,other,3,3,1,2,2,1,0,0,0,1,0,0,0,2025-06-08T17:42:24-04:00,2025-06-08T18:23:57-04:00,0.0,0.69
2025-06,288211694,76bd36c6-2e9a-483d-aa4f-ec2e7b3e7100,,2025-06-09T15:59:55+01:00,2025-06-09,210336,Eupeodes luniger,species,210336,research,1,2,2,0,51.2392722222,-0.3678361111,0,Eupeodes luniger,species,species,3,3,1,2,2,1,0,0,0,0,2,0,1,2025-06-09T14:59:55+00:00,2025-06-17T16:08:34+00:00,0.0,193.14
2025-06,288234453,d68e0528-bb2d-43a4-8b90-887ef1288040,,2025-06-09T18:32:41+02:00,2025-06-09,486711,Scaeva albomaculata,species,486711,research,1,2,2,0,37.5674005997,14.2816466997,0,Scaeva albomaculata,species,species,3,3,1,2,2,1,0,0,0,1,2,0,1,2025-06-09T16:32:41+00:00,2026-08-06T19:08:13+00:00,0.0,10154.59
2025-06,288429637,ac7c185c-7ffd-40ad-bbb1-44d5de27d3cd,,2025-06-10T05:35:21-05:00,2025-05-18,126889,Toxomerus marginatus,species,126889,research,1,1,1,0,33.2534846,-97.1424998,0,Toxomerus marginatus,species,species,2,2,1,1,1,1,0,0,0,1,2,0,0,2025-06-10T05:35:21-05:00,2025-06-10T08:11:38-05:00,0.0,2.6
2025-06,288472814,924102c5-47f8-4126-9201-cd809fcc94ec,,2025-06-10T16:30:50+02:00,2025-06-10,194786,Merodon equestris,species,194786,research,2,1,1,0,50.0946083333,8.2472083333,1,Merodon equestris,species,species,2,2,1,1,1,1,0,0,0,1,2,0,0,2025-06-10T14:30:50+00:00,2025-07-22T13:35:54+00:00,0.0,1007.08
2025-06,288473417,35f1bde4-62f4-4fd1-a35b-ad20d85ab5f2,,2025-06-10T17:33:25+03:00,2025-06-09,355014,Rhingia campestris,species,355014,research,1,2,2,0,63.13960103,23.2580275165,0,Rhingia campestris,species,species,3,3,1,2,2,1,0,0,0,1,2,1,0,2025-06-10T14:33:25+00:00,2026-01-13T09:42:51+00:00,0.0,5203.16
2025-06,288722171,1a647c0d-ef2c-4971-aab3-7dd17c451d18,,2025-06-11T15:19:59+02:00,2025-06-09,52489,Syrphus,genus,52489,research,1,1,1,0,50.5665909022,2.5572459027,0,Syrphus,genus,genus,2,2,1,1,1,1,0,0,1,0,0,2,0,2026-01-21T13:12:04+01:00,2026-01-31T09:01:24+01:00,5374.87,235.82
2025-06,288885839,ab75cd80-272f-44f6-b461-c007af404c00,,2025-06-11T17:41:42-07:00,2025-06-11,194786,Merodon equestris,species,194786,research,1,2,2,0,49.2652329926,-123.0930116773,0,Merodon equestris,species,species,3,3,1,2,2,1,0,0,0,0,2,1,0,2025-06-11T17:41:42-07:00,2025-06-12T05:55:15+00:00,0.0,5.23
2025-06,289010143,1edcc1ca-09d6-4a33-b8c8-9263d5f0d37a,,2025-06-12T16:40:00+02:00,2025-06-09,70406,Melanostoma,genus,49995,needs_id,4,2,2,0,49.7585983654,10.9352568135,0,Syrphidae,family,other,3,3,1,2,2,0,1,0,0,0,0,1,1,2025-06-12T16:40:00+02:00,2025-09-06T20:21:02+02:00,0.0,2067.68
2025-06,289040261,06ced129-7f3d-4dd9-9b06-62cbe43031ed,,2025-06-12T12:43:25-04:00,2025-06-12,194786,Merodon equestris,species,194786,research,1,1,1,0,43.7972969114,-79.4474961646,0,Merodon equestris,species,species,2,2,1,1,1,1,0,0,0,1,2,0,0,2025-06-12T16:43:25+00:00,2025-06-12T16:48:32+00:00,0.0,0.09
2025-06,289080703,be89265e-5a46-48e7-80aa-7904c9d4595f,,2025-06-12T15:24:38-04:00,2025-06-12,126889,Toxomerus marginatus,species,126889,research,4,1,1,0,40.7399542029,-85.5700518563,0,Toxomerus marginatus,species,species,2,2,1,1,1,1,0,0,0,1,2,0,0,2025-06-12T14:24:38-05:00,2025-06-12T15:30:18-05:00,0.0,1.09
2025-06,289102883,0ee06266-a2b3-4d61-8583-11994b27d163,,2025-06-12T15:46:19-05:00,2025-06-04,486881,Chalcosyrphus nemorum,species,,needs_id,1,0,0,0,42.9636214625,-88.2698041056,0,,,none,1,1,1,0,0,0,1,0,0,1,1,0,0,2025-06-12T20:46:20+00:00,2025-06-12T20:46:20+00:00,0.0,0.0
2025-06,289114147,9c749a51-b6f8-44c2-a3a1-13057effff16,,2025-06-13T00:36:27+03:00,2025-06-12,52964,Sphaerophoria scripta,species,52964,research,1,2,2,0,60.4934535949,21.8252423311,0,Sphaerophoria scripta,species,species,3,3,1,2,2,1,0,0,0,0,2,1,0,2025-06-13T00:36:27+03:00,2025-06-13T09:40:44+03:00,0.0,9.07
2025-06,289278414,0bb6a6b2-60dc-4f85-b054-1ca98aa58c88,,2025-06-13T08:21:39-07:00,2025-06-06,121991,Syrphini,tribe,,needs_id,2,0,0,0,34.4151629722,-117.8365929722,0,,,none,1,1,1,0,0,0,1,0,0,0,0,0,0,2025-06-13T15:21:39+00:00,2025-06-13T15:21:39+00:00,0.0,0.0
2025-06,289293382,48ccdc23-e71f-45d6-8979-2fb8b9db0cf0,,2025-06-13T18:20:15+02:00,2025-06-11,69190,Eupeodes corollae,species,69190,research,1,1,1,0,53.240456474,6.5381226521,0,Eupeodes corollae,species,species,2,2,1,1,1,1,0,0,0,1,2,0,0,2025-06-13T18:20:15+02:00,2025-06-13T18:44:54+02:00,0.0,0.41
2025-06,289392853,7e11e819-7602-4741-8754-062285b811eb,,2025-06-14T01:40:09+02:00,2025-06-11,359374,Volucella inflata,species,359374,research,1,1,1,0,50.7917375997,8.7167759997,0,Volucella inflata,species,species,2,2,1,1,1,1,0,0,0,0,2,0,0,2025-06-14T02:40:09+03:00,2025-06-14T08:59:58+03:00,0.0,6.33
2025-06,289446256,b0c7b3e0-faf9-4b9d-b488-0571d935e6d0,,2025-06-14T07:29:33+02:00,2025-06-12,52233,Eumerus,genus,52233,needs_id,4,2,2,0,52.27092,10.582535,0,Eumerus,genus,genus,3,3,1,2,1,2,0,0,0,0,0,3,0,2025-06-14T07:58:32+02:00,2025-10-30T14:53:28+01:00,0.48,3319.92
2025-06,289512611,98df9dd1-11bd-448b-9422-19eeb4db4ae0,,2025-06-14T07:15:52-06:00,2025-06-14,126889,Toxomerus marginatus,species,126889,research,2,1,1,0,35.9027081897,-106.2718668422,1,Toxomerus marginatus,species,species,2,2,1,1,1,1,0,0,0,1,2,0,0,2025-06-14T08:15:52-05:00,2025-06-14T13:27:18-05:00,0.0,5.19
2025-06,289588552,73057308-a3cf-42a6-95cc-29ec485bac77,,2025-06-14T19:00:12+01:00,2025-06-13,324637,Meliscaeva auricollis,species,324637,research,2,1,1,0,51.7034,0.2461416667,0,Meliscaeva auricollis,species,species,2,2,1,1,1,1,0,0,1,0,2,0,0,2025-06-14T21:46:40+01:00,2025-06-15T21:11:16+01:00,2.77,23.41
2025-06,289646585,41cf3575-e634-461b-8595-1d2da7f3f0fa,,2025-06-14T16:29:20-05:00,2025-06-14,126889,Toxomerus marginatus,species,126889,research,1,2,2,0,44.9157290382,-93.2079847008,0,Toxomerus marginatus,species,species,3,3,1,2,1,2,0,0,0,1,3,0,0,2025-06-14T21:29:20+00:00,2025-06-15T19:06:43+00:00,0.0,21.62
2025-06,289817289,7381f0e8-5345-4109-9083-d801c6427f2c,,2025-06-15T15:30:18+02:00,2025-06-14,52482,Episyrphus balteatus,species,52482,research,1,2,2,0,47.0818055963,15.4570639506,1,Episyrphus balteatus,species,species,3,3,1,2,1,2,0,0,0,0,3,0,0,2025-06-16T10:49:49+02:00,2025-06-20T21:21:12+02:00,19.33,106.52
2025-06,289928800,ad873653-c92c-4fb6-8005-4263a0ea3024,,2025-06-15T13:39:28-06:00,2025-06-15,55719,Eristalis tenax,species,55719,research,1,1,1,0,51.4166297913,-116.2159500122,0,Eristalis tenax,species,species,2,2,1,1,1,1,0,0,0,1,2,0,0,2025-06-15T14:39:28-05:00,2025-06-15T14:46:40-05:00,0.0,0.12
2025-06,289935760,883fc9f6-8856-4fcf-bb75-f49179601cdf,,2025-06-15T16:00:58-04:00,2025-06-15,58753,Toxomerus,genus,,casual,1,0,0,0,,,0,,,none,1,1,1,0,0,0,1,0,0,0,0,1,0,2025-06-15T20:00:58+00:00,2025-06-15T20:00:58+00:00,0.0,0.0
2025-06,289949908,8b2eb091-8e4f-408c-b8b9-99a518fe1e08,,2025-06-15T13:46:57-07:00,2025-06-15,493594,Eupeodes fumipennis,species,493594,research,1,1,1,0,48.866353,-123.334284,1,Eupeodes fumipennis,species,species,2,2,1,1,1,1,0,0,0,0,2,0,0,2025-06-15T21:09:48+00:00,2025-06-15T22:00:43+00:00,0.38,0.85
2025-06,290096366,026ecd50-5d00-4323-aa33-95785f5356e9,,2025-06-16T12:37:40+02:00,2025-06-16,70190,Sericomyia silentis,species,70190,research,1,1,1,0,56.1502910387,10.5292863457,0,Sericomyia silentis,species,species,2,2,1,1,1,1,0,0,0,1,2,0,0,2025-06-16T10:37:40+00:00,2025-06-16T15:36:27+00:00,0.0,4.98
2025-06,290102522,44152006-5259-485a-9ed9-b87ca210b8b9,,2025-06-16T13:20:38+02:00,2025-06-16,52489,Syrphus,genus,52489,research,1,3,3,0,48.5398206997,9.0347129,0,Syrphus,genus,genus,3,3,1,2,1,1,1,0,1,1,1,2,0,2025-06-16T11:20:38+00:00,2026-01-17T22:17:02+00:00,0.0,5170.94
2025-06,290206617,ffdea5ae-60e2-4fd1-8074-c05ba7372da0,,2025-06-16T21:02:55+02:00,2025-06-16,125659,Baccha elongata,species,47822,needs_id,3,2,2,0,51.4311311121,6.98506013,0,Diptera,order,other,3,3,0,3,2,0,1,0,0,1,1,0,0,2025-06-17T02:14:58+05:00,2026-03-15T08:31:20+05:00,2.2,6510.27
2025-06,290514049,c986cb74-b18e-404f-99c3-24285babcecf,,2025-06-17T22:45:59+01:00,2025-06-15,81979,Syritta pipiens,species,81979,research,2,1,1,0,52.5134300463,-3.9795667042,0,Syritta pipiens,species,species,2,2,1,1,1,1,0,0,0,1,2,0,0,2025-06-17T22:45:59+01:00,2025-06-18T11:10:13+01:00,0.0,12.4
2025-06,290617655,6d006ec3-350c-489a-b536-33b639a0f0e6,,2025-06-18T04:36:18-04:00,2025-06-18,55264,Palpada vinetorum,species,,casual,2,0,0,0,40.9852437803,-76.530509046,0,,,none,1,1,1,0,0,0,1,0,0,0,1,0,0,2025-06-18T03:36:18-05:00,2025-06-18T03:36:18-05:00,0.0,0.0
2025-06,290671037,333bde78-37ab-4dda-85c7-80a2dd01d9d4,,2025-06-18T09:23:01-05:00,2025-06-18,126889,Toxomerus marginatus,species,126889,research,1,1,1,0,41.2372633333,-95.9617916667,0,Toxomerus marginatus,species,species,2,2,1,1,1,1,0,0,0,1,2,0,0,2025-06-18T09:23:01-05:00,2025-06-18T20:11:32-05:00,0.0,10.81
2025-06,290793265,f3f56dbd-608f-48b3-b396-751a8f80492d,,2025-06-18T18:54:58-04:00,2025-06-18,126889,Toxomerus marginatus,species,126889,research,3,1,1,0,44.6011827347,-79.4294439788,0,Toxomerus marginatus,species,species,2,2,1,1,1,1,0,0,0,0,2,0,0,2025-06-19T01:31:54+00:00,2025-06-19T01:40:05+00:00,2.62,0.14
2025-06,290869846,36bc95cf-b89b-49c9-9ded-494950420ba2,,2025-06-19T08:36:20+01:00,2025-06-19,52482,Episyrphus balteatus,species,52482,research,1,1,1,0,53.2003855428,-2.8806937956,0,Episyrphus balteatus,species,species,2,2,1,1,1,1,0,0,0,1,2,0,0,2025-06-19T08:36:20+01:00,2025-06-19T08:51:05+01:00,0.0,0.25
2025-06,290871721,a36c2be9-5a12-473c-a915-fc4341b14b58,,2025-06-19T09:50:53+02:00,2025-06-19,52482,Episyrphus balteatus,species,52482,research,1,1,1,0,47.8501736641,2.8402477086,0,Episyrphus balteatus,species,species,2,2,1,1,1,1,0,0,0,1,2,0,0,2025-06-19T10:50:53+03:00,2025-06-19T11:41:57+03:00,0.0,0.85
2025-06,291257627,8757290b-fdb3-4bc9-b317-1742e5c06f85,,2025-06-20T19:52:09+02:00,2025-06-20,326181,Eristalinae,subfamily,,needs_id,2,0,0,0,49.869155,8.678612,0,,,none,1,1,1,0,0,0,1,0,0,1,0,0,0,2025-06-20T17:52:09+00:00,2025-06-20T17:52:09+00:00,0.0,0.0
2025-06,291314580,f219609e-eda5-4950-b45f-d84a4e81a77b,,2025-06-20T14:48:47-07:00,2025-06-20,118968,Allograpta obliqua,species,118968,research,6,2,2,0,38.9750722222,-114.2513583333,0,Allograpta obliqua,species,species,3,3,1,2,2,1,0,0,0,1,2,0,0,2025-06-20T21:48:47+00:00,2026-04-08T19:00:45+00:00,0.0,7005.2
2025-06,291437224,9fbd409c-bd30-4f8c-a05b-ecb9756f79da,,2025-06-21T08:05:15-03:00,2025-05-26,121991,Syrphini,tribe,,needs_id,1,0,0,0,-23.5729070626,-46.7064059526,0,,,none,1,1,1,0,0,0,1,0,0,0,0,0,0,2025-06-21T08:05:15-03:00,2025-06-21T08:05:15-03:00,0.0,0.0
2025-06,291465387,f0fab3ee-78f5-4d21-b8ef-cbc5a3e5684f,,2025-06-21T16:31:33+03:00,2025-06-21,70148,Chrysogaster,genus,,needs_id,1,0,0,0,56.19836903,47.4419235465,0,,,none,1,1,1,0,0,0,1,0,0,1,0,1,0,2025-06-21T13:31:33+00:00,2025-06-21T13:31:33+00:00,0.0,0.0
2025-06,291480994,897b190e-e677-4eea-9f16-c4f37ab09822,,2025-06-21T15:32:07+01:00,2025-06-21,210336,Eupeodes luniger,species,210336,research,1,1,1,0,52.4272346497,-1.7632616758,0,Eupeodes luniger,species,species,2,2,1,1,1,1,0,0,0,1,2,0,0,2025-06-21T15:32:07+01:00,2025-06-21T16:09:25+01:00,0.0,0.62
2025-06,291488890,a47bb6f9-3950-4a08-965c-00eed5748405,,2025-06-21T17:00:40+02:00,,52491,Eristalis,genus,,casual,1,0,0,0,50.0963529812,14.3660854921,0,,,none,1,1,1,0,0,0,1,0,0,0,0,1,0,2025-06-21T15:00:40+00:00,2025-06-21T15:00:40+00:00,0.0,0.0
2025-06,291614493,a036486b-d578-478d-9706-13003e02d920,,2025-06-21T18:25:31-04:00,2025-06-21,963010,Eupeodes americanus,complex,963010,research,1,3,3,0,41.4898048,-81.290156,1,Eupeodes americanus,complex,other,4,4,1,3,1,3,0,0,1,0,0,0,0,2025-06-22T03:07:56+00:00,2025-06-22T19:38:45+00:00,4.71,16.51
2025-06,291763616,67282ffa-9c2e-42a5-8223-1ac17e86aa3e,,2025-06-22T14:55:24+02:00,2025-06-21,70406,Melanostoma,genus,70406,needs_id,1,3,2,1,47.3383466667,-1.3796533333,0,Melanostoma,genus,genus,2,2,1,1,0,0,2,0,1,1,2,0,0,2025-06-22T12:55:24+00:00,2026-04-14T19:51:37+00:00,0.0,7110.94
2025-06,291890451,196a014d-7727-43fa-9b8d-df81e48a4803,,2025-06-22T23:04:38+03:00,2025-06-22,447126,Helophilus hybridus,species,447126,research,2,1,1,0,61.5279907632,21.747982353,0,Helophilus hybridus,species,species,2,2,1,1,1,1,0,0,0,0,2,0,0,2025-06-22T20:04:38+00:00,2025-06-22T20:23:25+00:00,0.0,0.31
2025-06,292217468,a46717d0-3038-4652-a603-558a4abfcae6,,2025-06-23T19:22:52-04:00,2025-06-21,126889,Toxomerus marginatus,species,126889,research,2,2,2,0,44.4826283333,-67.5689916667,1,Toxomerus marginatus,species,species,3,3,1,2,1,2,0,0,0,1,3,0,0,2025-06-23T20:22:52-03:00,2025-09-08T12:58:33-03:00,0.0,1840.59
2025-06,292343228,8e162031-89cd-442f-a217-f545a53fcdeb,,2025-06-24T09:09:12-04:00,2025-06-24,126889,Toxomerus marginatus,species,126889,research,3,1,1,0,42.9554716667,-85.6292116667,0,Toxomerus marginatus,species,species,2,2,1,1,1,1,0,0,0,1,2,0,0,2025-06-24T08:09:12-05:00,2025-06-24T10:04:56-05:00,0.0,1.93
2025-06,292379768,dff3919a-be92-4220-a5ae-df2e61f85246,,2025-06-24T10:49:42-05:00,2025-06-24,126889,Toxomerus marginatus,species,126889,research,1,2,2,0,44.4434083333,-88.0659028333,0,Toxomerus marginatus,species,species,3,3,1,2,2,1,0,0,0,1,2,1,0,2025-06-24T08:49:42-07:00,2025-06-24T21:17:28-07:00,0.0,12.46
2025-06,292441620,7efb3c3e-4c2d-4540-b997-26dd6a04ad16,,2025-06-24T22:06:46+02:00,2025-06-21,52482,Episyrphus balteatus,species,121991,needs_id,1,0,0,0,46.9521483936,7.4453179554,0,Syrphini,tribe,other,2,2,1,1,1,0,1,0,0,1,1,0,0,2025-06-24T22:06:47+02:00,2025-08-04T12:30:39+02:00,0.0,974.4
2025-06,292577988,d3be8ec9-3ac8-4e4b-a963-19aea0e40784,,2025-06-25T11:01:18+01:00,2025-06-25,52482,Episyrphus balteatus,species,52482,research,1,1,1,0,51.2390966667,-1.1543083333,0,Episyrphus balteatus,species,species,2,2,1,1,1,1,0,0,0,1,2,0,0,2025-06-25T10:01:18+00:00,2025-06-25T10:04:50+00:00,0.0,0.06
2025-06,292706408,803f3e0d-55fb-4f92-9126-1a258daae829,,2025-06-25T21:27:06+01:00,2025-06-25,61857,Volucella bombylans,species,61857,research,1,1,1,0,54.0758133814,-2.7305055735,0,Volucella bombylans,species,species,2,2,1,1,1,0,1,0,0,1,1,0,0,2025-06-25T23:27:38+03:00,2025-06-26T12:13:12+03:00,0.01,12.76
2025-06,292760232,17e6daa5-a033-486f-86bf-4fe4b8172861,,2025-06-25T20:53:28-04:00,2025-06-25,121357,Platycheirus,genus,121357,needs_id,2,2,2,0,42.460325,-71.1606277778,0,Platycheirus,genus,genus,3,3,1,2,1,2,0,0,1,0,0,3,0,2025-06-25T19:50:29-07:00,2025-06-25T20:55:52-07:00,1.95,1.09
2025-06,292779302,b4fb2ec3-5b44-452e-982e-025273c052c8,,2025-06-25T22:43:51-04:00,2025-06-25,153418,Xylota,genus,153418,needs_id,1,1,1,0,45.674844041,-73.5071574059,0,Xylota,genus,genus,2,2,1,1,1,1,0,0,1,0,0,2,0,2025-09-13T18:32:51-04:00,2025-09-13T18:40:52-04:00,1915.82,0.13
2025-06,292780385,d0a028f1-6302-448b-8f5c-a31946c432a2,,2025-06-25T19:50:25-07:00,2025-06-25,179752,Copestylum marginatum,species,179752,research,7,1,1,0,36.4552516667,-121.9209033333,1,Copestylum marginatum,species,species,2,2,1,1,1,1,0,0,0,0,2,0,0,2025-06-25T19:55:53-07:00,2025-06-25T20:36:48-07:00,0.09,0.68
2025-06,292801028,d54d543d-03cb-44fa-b166-fbb876a11721,,2025-06-26T13:26:15+08:00,2025-06-25,52483,Episyrphus,genus,,needs_id,1,0,0,0,30.3135328209,120.1187707862,0,,,none,1,1,1,0,0,0,1,0,0,1,0,1,0,2025-06-26T05:26:15+00:00,2025-06-26T05:26:15+00:00,0.0,0.0
2025-06,292932112,0bcc939c-b221-4f3f-8df3-85e583572b0c,,2025-06-26T21:20:55+03:00,2025-06-26,70406,Melanostoma,genus,70406,research,1,1,1,0,54.1146845,24.3026355997,0,Melanostoma,genus,genus,2,2,1,1,1,1,0,0,1,0,0,2,0,2026-04-03T15:29:26+00:00,2026-04-24T03:19:59+00:00,6741.14,491.84
2025-06,292949965,95d6715e-9911-404e-b4a7-46209524d3b8,,2025-06-26T21:34:33+02:00,2025-06-26,311431,Paragus,genus,311431,research,2,1,1,0,39.7284694444,2.6860333333,0,Paragus,genus,genus,2,2,1,1,1,1,0,0,0,0,0,2,0,2025-06-26T21:34:33+02:00,2025-12-16T14:36:02+01:00,0.0,4146.02
2025-06,292992935,f9eea4e1-6b52-476e-8235-874f353b96a4,,2025-06-27T01:57:05+03:00,2025-06-26,52964,Sphaerophoria scripta,species,52964,research,2,1,1,0,56.3002883861,43.9746327571,0,Sphaerophoria scripta,species,species,2,2,1,1,1,1,0,0,0,1,2,0,0,2025-06-26T22:57:05+00:00,2025-06-27T03:25:47+00:00,0.0,4.48
2025-06,293364261,3494fef4-c6e3-4f92-8913-d0b0e05e5751,,2025-06-28T13:17:44+01:00,2025-06-28,70190,Sericomyia silentis,species,70190,research,6,1,1,0,55.3540649768,-4.4726519287,0,Sericomyia silentis,species,species,2,2,1,1,1,1,0,0,0,0,2,0,0,2025-06-28T12:17:44+00:00,2025-06-28T20:24:20+00:00,0.0,8.11
2025-06,293421307,2cf5eefb-2209-45ff-a85c-67071974e9a2,,2025-06-28T10:56:17-05:00,2025-06-27,1352005,Orthonevra pictipennis,complex,1352005,needs_id,3,1,1,0,45.4903759675,-93.6972185238,0,Orthonevra pictipennis,complex,other,2,2,1,1,1,1,0,0,0,1,0,0,0,2025-06-28T23:53:47-05:00,2025-06-29T08:23:09-05:00,12.96,8.49
2025-06,293552064,f81c2efe-9b96-4d2c-bb3c-fcc13167c65d,,2025-06-29T00:52:12+01:00,2025-06-28,334407,Platycheirus albimanus,species,334407,research,4,2,2,0,56.001210486,-2.5680060507,0,Platycheirus albimanus,species,species,4,4,1,3,3,1,0,0,0,1,2,1,1,2025-06-29T00:52:13+01:00,2025-10-22T17:22:18+01:00,0.0,2776.5
2025-06,293688489,497d844c-216e-4444-8c5e-5acde073bb8f,,2025-06-29T11:28:31+01:00,2025-06-29,70147,Chrysogaster solstitialis,species,520021,needs_id,1,1,1,0,53.5359789323,-2.2567848996,0,Brachyopina,subtribe,other,4,4,1,3,3,0,1,0,0,0,1,0,1,2025-06-29T11:28:31+01:00,2026-05-20T23:50:57+01:00,0.0,7812.37
2025-06,293907587,ec8223ee-927a-4715-8838-474279fb2a89,,2025-06-29T19:58:59-04:00,2025-06-29,119997,Chrysotoxum,genus,119997,needs_id,1,3,2,1,44.2965185324,-78.2932795924,0,Chrysotoxum,genus,genus,2,2,1,1,1,0,1,0,1,1,1,1,0,2025-06-29T16:58:59-07:00,2026-05-01T21:08:45-07:00,0.0,7348.16
2025-06,294042732,048dda4a-9487-4a28-a5e7-1528014a01f1,,2025-06-30T15:45:54+02:00,2025-06-28,55719,Eristalis tenax,species,55719,research,2,1,1,0,54.3399660997,10.5345145,0,Eristalis tenax,species,species,2,2,1,1,1,1,0,0,0,1,2,0,0,2025-06-30T15:45:54+02:00,2025-06-30T22:11:10+02:00,0.0,6.42
2025-06,294100738,c20863cf-0fab-4916-85b8-275c4716310f,,2025-06-30T17:32:27+00:00,2025-06-30,52964,Sphaerophoria scripta,species,52964,research,2,2,2,0,38.5375163748,-28.4455082193,1,Sphaerophoria scripta,species,species,3,3,1,2,1,2,0,0,0,1,3,0,0,2025-06-30T17:32:27+00:00,2025-07-01T09:09:03+00:00,0.0,15.61
