observation_id,identification_id,identification_uuid,identifier_user_id,identifier_login,created_at,taxon_id,taxon_rank,category,current,own_observation,vision,disagreement,previous_observation_taxon_id,current_taxon,hidden
259416984,760273063,bf4ff1d2-d24e-4fee-ab25-c49ce51f8cd0,9944161,afivewave,2026-02-10T19:00:15+08:00,1118121,species,supporting,True,False,False,False,1118121,True,False
257384934,747730353,b79f4ac5-a4c0-4294-b4a3-db2aeda0682b,3565390,matthewvosper,2026-01-07T21:59:34+00:00,462191,species,supporting,True,False,False,False,462191,True,False
258387487,746728346,59626815-c187-4e2d-83cf-9d4987bd79dc,1527518,a_emmerson,2026-01-05T09:07:31+00:00,486780,genus,supporting,True,False,False,True,486782,True,False
260277338,744754665,e216f4b6-b4a3-4d4f-be93-322d5c0f7585,4124065,marcthibault,2025-12-31T12:26:13+01:00,1098608,subgenus,supporting,True,True,False,False,1098608,True,False
259419924,743576361,ed65ee38-224c-4d64-874a-fe82772a1c26,5764889,grid33,2025-12-28T17:49:12+01:00,342901,species,supporting,True,False,False,False,342901,True,False
259419924,743199334,279797b9-2ce3-4940-9c06-19762b6c6024,7179915,sirhck,2025-12-27T21:02:25+01:00,342901,species,improving,True,False,True,False,324638,True,False
260277338,739027932,2eb24e9f-50e4-4e4a-a679-b308fd3236ec,1922575,gerrit_oehm,2025-12-16T21:42:17+01:00,1098608,subgenus,improving,True,False,False,False,311431,True,False
258387487,736091316,c86025f5-f96f-4d86-850d-8954dd8bbc51,4472993,jballam,2025-12-09T08:37:19+00:00,486780,genus,supporting,True,False,False,False,486782,True,False
257382091,629309459,2bb8c752-6d67-4989-a828-7ef76fee319c,1368185,skay,2025-05-09T15:46:58-03:00,479803,species,supporting,True,False,False,False,479803,True,False
259801373,602925657,23a81ccc-12a6-451e-94ee-6abed67a9786,11700,phycus,2025-03-18T23:00:19-07:00,322891,genus,supporting,True,False,False,False,322891,True,False
257150061,600909193,b3d88af6-0a8f-431a-9ac9-d5f1951ac6a4,8639643,jonne_v,2025-03-13T02:13:56+01:00,605666,species,leading,True,False,False,False,194793,True,False
257043489,599641120,f5f8c09b-5bd2-4879-81ef-a2928cfc8b0c,1674710,flo-dycob,2025-03-08T18:00:46-10:00,52964,species,supporting,True,False,False,False,52964,True,False
260277338,599160527,8b8af1da-648a-405d-bddf-7735bed32360,11700,phycus,2025-03-07T20:49:06+01:00,311431,genus,supporting,True,False,False,False,311431,False,False
260572012,599141045,c4a90acc-01b5-4948-8108-c5c3ab7fc117,11700,phycus,2025-03-07T11:00:36-08:00,506537,genus,supporting,True,False,False,False,506537,True,False
260703598,598749079,a9fce200-9055-416f-a405-a0a1507210f6,11700,phycus,2025-03-06T12:26:20-08:00,506537,genus,supporting,True,False,False,False,506537,True,False
259331458,595209990,be519977-386c-4c08-aa8b-b7d18dd48c8f,4989360,lccg,2025-02-23T02:39:42+00:00,362610,species,supporting,True,False,False,False,362610,True,False
258814678,591635273,294effb6-1e91-4ca8-b972-d84d95ba7c8a,3916,sandyrae,2025-02-11T22:19:27+00:00,118969,genus,supporting,True,False,False,False,121991,True,False
257687135,591599443,3d0ce2a1-d0cd-4ed0-8223-33385c22c5db,1343198,renko,2025-02-11T21:00:17+01:00,210336,species,supporting,True,False,False,False,210336,True,False
260572012,590398574,b839c7ec-2dea-4b6b-a5ed-718135810f42,5125561,ethanec,2025-02-07T14:57:51-08:00,506537,genus,improving,True,True,False,,732958,True,False
260700096,590257965,92d2ed95-cd27-4939-863e-2593cb6ea5f8,7931641,cicadaexplorermore,2025-02-07T12:53:08+00:00,52480,species,supporting,True,True,False,False,52480,True,False
260756354,590131408,ce3e92c8-aa6a-49bd-a7a0-8f39900afd34,8927801,allicat276,2025-02-06T17:50:19-06:00,963010,complex,supporting,True,True,False,False,121991,True,False
260756354,590075338,f799ad25-76ac-4575-8dfb-3f169c0ec67b,1976574,catherine_g,2025-02-06T13:43:04-06:00,963010,complex,improving,True,False,False,True,52489,True,False
260756354,589862269,0451d4c1-b2a8-4c73-b296-ec1c60e04fd2,8927801,allicat276,2025-02-05T17:55:35-06:00,52489,genus,maverick,False,True,True,,52489,False,False
260700096,589799442,e7321a21-8fcf-44c4-90e7-298766ddb2c0,396990,kostaszontanos,2025-02-05T19:38:04+00:00,52480,species,supporting,True,False,False,False,52480,True,False
260700096,589726227,37514e5f-3bb7-4c80-9004-5d7956eeab93,5384547,exonie,2025-02-05T14:27:12+00:00,52480,species,improving,True,False,True,False,47822,True,False
260703598,589709582,94415c3d-0343-49a9-8602-670a0854a68a,3380195,enricotosto96,2025-02-05T05:18:26-08:00,506537,genus,supporting,True,False,False,False,506537,True,False
260703598,589706504,e007a4ec-2574-4717-835c-eee448f1545e,2356698,rafaelmrosa,2025-02-05T05:03:16-08:00,506537,genus,improving,True,True,True,,506537,True,False
260700096,589694841,a4f7fecc-de73-4ff2-9749-95da5f265010,7931641,cicadaexplorermore,2025-02-05T11:59:37+00:00,47822,order,improving,False,True,False,,47822,False,False
260687860,589661225,737d1017-b313-4fd2-871d-2b31949c9dcd,4519358,dixonlau,2025-02-05T08:04:58+00:00,481322,species,leading,True,True,True,,481322,True,False
260395314,589563089,8ebc7940-d925-4746-a4ed-69c168c83de5,11700,phycus,2025-02-04T15:03:39-08:00,52233,genus,supporting,True,False,False,False,52233,True,False
258881244,589517448,1f962ec1-6bc3-4db4-9544-9ac5a299f0a4,1976574,catherine_g,2025-02-04T13:05:32-07:00,859117,species,supporting,True,False,False,False,859117,True,False
260612179,589482905,c1a7c807-9e4a-4a93-a749-4d0ed2213945,7179915,sirhck,2025-02-04T18:01:24+00:00,70211,species,supporting,True,False,False,False,70211,True,False
260618029,589463687,7a919b26-9aa9-4875-aa34-9bb4e7aeb895,3881550,gen_outdoors,2025-02-04T16:35:51+00:00,145541,genus,leading,True,True,True,,145541,True,False
260612179,589446868,37b9b986-e3f3-4973-ac45-e6b18c500c12,4988676,amaneko,2025-02-04T15:26:30+00:00,70211,species,improving,True,True,False,,70211,True,False
260572012,589333637,f2818e87-94a2-4a55-8a87-9606785c675b,5125561,ethanec,2025-02-03T20:57:19-08:00,732958,species,leading,False,True,True,,732958,False,False
258683777,589017643,237268e6-831e-4225-89c6-7ae046a94eec,8566710,wren-falcon,2025-02-02T23:11:01-05:00,55719,species,supporting,True,False,False,False,55719,True,False
260439382,588949256,58da2027-4038-4abe-bc10-d1fe6e95f682,441072,chris_otahal,2025-02-02T13:16:44-10:00,493594,species,leading,True,True,False,,62455,True,False
260439382,588948429,31868c51-d45c-4748-b2bd-1161c66945d0,441072,chris_otahal,2025-02-02T13:12:48-10:00,62455,genus,leading,False,True,True,,62455,False,False
260426407,588920071,ef5b219e-08e8-4706-aa9b-b8fa9e184f71,1976574,catherine_g,2025-02-02T11:22:40-10:00,154762,species,supporting,True,False,False,False,154762,True,False
260426407,588918444,2d4a8f5d-8cc9-425c-b7c8-dd678b0beca0,441072,chris_otahal,2025-02-02T11:16:25-10:00,154762,species,supporting,True,True,False,,154762,True,False
260426407,588918095,bf035921-79b0-4994-aab2-ecf770efb4e1,441072,chris_otahal,2025-02-02T11:15:02-10:00,154762,species,improving,False,True,True,,154762,True,False
260318564,588918034,96f138cc-45ac-48e8-86c0-67cd6ed24f49,1976574,catherine_g,2025-02-02T15:14:50-06:00,121357,genus,leading,True,False,False,True,311434,False,False
259356543,588871739,7f437ff4-ea9f-44a7-bbc2-dfdbf25457f9,5521474,chaym_turak,2025-02-02T21:25:50+03:00,52482,species,supporting,True,False,False,False,52482,True,False
260395314,588839015,d8b9d9fa-852f-478b-9600-d9459104d114,4157319,ttimmy,2025-02-02T08:29:37-08:00,52233,genus,improving,True,True,False,,52233,True,False
260286474,588783189,0fc75cd8-af6a-499c-8287-b6f53ecddf1a,3565390,matthewvosper,2025-02-02T12:24:37+00:00,52488,species,supporting,True,False,False,False,52488,True,False
259958012,588779874,bf7da01f-78cb-4e82-8e5a-c67a5b6d3217,662120,philipmarkosso,2025-02-02T11:58:41+00:00,322366,species,supporting,True,True,False,False,322366,True,False
260286474,588724483,32d7b2fa-e828-41cb-a209-3d2e47f30fee,7179915,sirhck,2025-02-02T06:47:51+00:00,52488,species,improving,True,False,True,False,52489,True,False
260277338,588679511,608165d8-8995-46bf-a629-17da2066a73f,3916,sandyrae,2025-02-02T04:15:35+01:00,311431,genus,supporting,True,False,False,False,311431,False,False
260269406,588638629,0749e215-39ba-401e-9028-7e7cc6833727,2032730,waldgeist,2025-02-02T01:02:56+01:00,70415,species,supporting,True,False,False,False,70415,True,False
260318564,588637561,81fffbf7-a68a-4b65-a4b9-bed374775b90,1120738,saries99,2025-02-01T17:57:23-06:00,311434,species,leading,True,True,False,,311434,False,False
260277353,588564422,3de81c03-149b-49c3-bff2-cb17f90fb1e1,7179915,sirhck,2025-02-01T19:03:52+00:00,52160,species,supporting,True,False,False,False,52160,True,False
260286474,588557620,e2b08e54-9584-4881-9122-3ad629d88d89,1467478,sokolkov2002,2025-02-01T18:36:18+00:00,52489,genus,improving,True,True,True,,52489,False,False
260279056,588549211,16fd371c-6dbd-40d5-9d89-0901b68d8732,5521474,chaym_turak,2025-02-01T21:02:44+03:00,52482,species,supporting,True,False,False,False,52482,True,False
260279056,588547520,852638c0-cc01-4834-924a-dfd91ff6223c,1547979,paulbowyer,2025-02-01T20:55:22+03:00,52482,species,supporting,True,False,False,False,52482,True,False
260279056,588540640,b5c76d20-fdc2-47f4-8fd3-19ccaff16ee7,8454164,riotdiscovery,2025-02-01T20:25:36+03:00,52482,species,improving,True,True,True,,52482,True,False
260277353,588537010,01198079-e827-4450-88c7-e31a2c2bcc99,4124065,marcthibault,2025-02-01T17:09:18+00:00,52160,species,improving,True,True,False,,52160,True,False
260277338,588536989,e31d583f-191d-4b15-a1c3-427374d9ab5a,4124065,marcthibault,2025-02-01T18:09:15+01:00,311431,genus,improving,False,True,False,,311431,False,False
260269406,588529078,b1d1e8ed-ef77-44ca-bfea-4d45f40dda7f,7179915,sirhck,2025-02-01T17:34:49+01:00,70415,species,improving,True,False,True,False,52487,True,False
260269406,588517551,beb167ad-60e4-4dd3-a3e9-d2a15af76402,2736196,martina_poeltl,2025-02-01T16:50:05+01:00,52487,genus,improving,True,True,True,,52487,False,False
260175815,588327761,1f1c32a4-0c5a-4cf5-a3dd-645e27071b3b,7179915,sirhck,2025-01-31T22:46:12+00:00,52482,species,supporting,True,False,False,False,52482,True,False
260195722,588317464,666e1eb9-6bf1-45d2-9a53-fd703eb4c034,4438600,marc_doherty,2025-01-31T22:05:11+00:00,146632,species,leading,True,True,False,,146632,True,False
260175815,588308716,a685a1fb-3912-4d81-9dd4-004f5015b39a,396990,kostaszontanos,2025-01-31T21:28:35+00:00,52482,species,improving,True,False,False,False,49995,True,False
257651680,588264173,be6fc494-d238-4c59-b1fe-81815143daf5,1944084,pepijnz,2025-01-31T18:26:08+00:00,394128,species,supporting,True,False,False,False,394128,True,False
260175815,588261537,780371d3-68ae-4a96-833d-8b941e9dcb71,8915969,kaireiter,2025-01-31T18:17:16+00:00,49995,family,improving,True,True,False,,49995,False,False
258814678,588260128,80eb51bc-b708-448e-822a-f16f4664b7e9,1944084,pepijnz,2025-01-31T18:12:54+00:00,118969,genus,supporting,True,False,False,False,121991,True,False
260073973,588010399,838bb6be-0af0-48c6-b3a3-e80a46433a86,8566710,wren-falcon,2025-01-30T15:17:22-05:00,491047,species,leading,True,False,False,False,52491,True,False
260001878,587972860,88a4daae-d01b-4185-b11e-5302ded2990b,3979629,mananaamadocosta,2025-01-30T14:50:22-03:00,329983,species,supporting,True,True,False,False,329983,True,False
260073973,587971033,8baf4a3b-2dee-4957-96df-947d7d8358cf,2091359,rebeccareaderlee,2025-01-30T12:42:04-05:00,52491,genus,improving,True,True,True,,52491,False,False
260001878,587957363,d18cdc2d-ea10-4953-ac40-876715fb2444,2956565,luanmazzeo,2025-01-30T13:37:56-03:00,329983,species,improving,True,False,False,False,322891,True,False
260022035,587834473,a7f8d4a4-12cf-437f-aea5-e52d2ca09359,692058,tony_d,2025-01-30T14:13:35+11:00,603244,species,leading,True,False,False,False,47822,True,False
260022035,587819554,4d4c4bfb-4377-4a29-ba00-519306f08ee1,8802498,specedex,2025-01-30T13:04:17+11:00,47822,order,improving,True,True,False,,47822,False,False
260001878,587771155,e4910583-7df0-44c5-adc3-07a659343c5e,11700,phycus,2025-01-29T19:07:18-03:00,322891,genus,supporting,True,False,False,False,322891,False,False
260001878,587768375,8164aeb9-3fd3-4eec-8fb0-87028571cd03,3979629,mananaamadocosta,2025-01-29T18:55:32-03:00,322891,genus,improving,False,True,True,,322891,False,False
259801373,587702055,d44e5c0e-dedf-49f7-a050-224a55ebe0cc,2956565,luanmazzeo,2025-01-29T09:39:52-08:00,322891,genus,supporting,True,False,False,False,322891,True,False
259958012,587671574,cfaacc9c-d539-4402-bfc0-44b5692b9335,1853409,ophrys,2025-01-29T15:28:24+00:00,322366,species,supporting,True,False,False,False,322366,True,False
259944032,587644038,021ce0cb-660a-4207-949d-257a9b52f862,1922575,gerrit_oehm,2025-01-29T14:20:51+01:00,346004,genus,supporting,True,False,False,False,346004,True,False
259958012,587643232,8b705f60-384a-483b-a691-5e8b4c7cf00e,1922575,gerrit_oehm,2025-01-29T13:17:50+00:00,322366,species,improving,True,False,False,False,52489,True,False
259958012,587639404,33242032-a7f2-4596-b7fa-fda3ec269d1f,662120,philipmarkosso,2025-01-29T12:57:02+00:00,52489,genus,improving,False,True,False,,52489,False,False
259944032,587603050,acfbbfb6-1ef6-4629-a943-799965c3dd9a,6690469,emty,2025-01-29T09:59:32+01:00,346004,genus,improving,True,True,False,,346004,True,False
259915040,587580630,8f50189b-dc42-4fdf-b3ed-ecf2b5dc0ac4,175522,sirfi2,2025-01-29T07:09:15+01:00,1098608,subgenus,leading,True,False,False,False,311431,True,False
259915040,587577008,6e6cab1f-ebb0-4ddb-bc6e-7cc9bc3bdfc9,11700,phycus,2025-01-29T06:41:59+01:00,311431,genus,supporting,True,False,False,False,311431,False,False
259927698,587570800,f0249622-eb07-4b6d-9776-a0da684564c2,6327185,antoinette63,2025-01-29T04:57:51+00:00,397192,species,supporting,True,False,False,False,397192,True,False
259927698,587558831,3b9e12b1-020d-4752-bc6d-cac52b47e7c4,6289318,isie,2025-01-29T03:39:04+00:00,397192,species,improving,True,True,True,,397192,True,False
259915040,587523339,37df867e-c865-4c13-9273-0044a38896f0,5282703,ilia_ogol,2025-01-29T01:40:02+01:00,311431,genus,improving,True,True,True,,311431,False,False
259504002,587437084,e0347fc4-a6f6-4151-80bc-6822354c0379,7179915,sirhck,2025-01-28T18:23:07+00:00,52480,species,supporting,True,False,False,False,52480,True,False
259801373,587191959,dc1cb6b7-c668-4252-9ab3-15fe2e290d2b,545946,thevargases,2025-01-27T14:17:53-08:00,322891,genus,improving,True,True,True,,322891,True,False
259768742,587091731,c0b9d4d0-79cd-4414-9418-add11c7b9968,698561,danilougrnov,2025-01-27T15:49:51+00:00,505657,species,leading,True,True,True,,505657,True,False
259694318,586867474,1f08e665-bbde-4ec7-88ad-6c870d140155,1343198,renko,2025-01-26T21:57:25+00:00,417898,species,leading,True,True,False,,417898,True,False
259680763,586866872,f8b1b69d-5eea-4110-ab79-3430f3e01cff,7179915,sirhck,2025-01-26T21:55:02+00:00,70190,species,supporting,True,False,False,False,70190,True,False
259680763,586832640,a40bd8bd-f3e7-4687-affa-32fef9f7c402,2986423,jenselm,2025-01-26T19:49:27+00:00,70190,species,improving,True,True,True,,70190,True,False
259616605,586664171,b1419a7c-04ac-4195-8503-ccea6f9fbbfc,6365585,ale-jan-dra,2025-01-26T06:52:01+00:00,49995,family,leading,True,True,True,,49995,True,False
259560114,586534000,f909f1a8-c70a-4d21-bb1a-9eee911c4cf2,5521474,chaym_turak,2025-01-25T20:11:43+00:00,52482,species,supporting,True,False,False,False,52482,True,False
259560114,586522216,ac702b8f-c9e9-4f1a-af86-ea8ad7e603bd,5551272,teuthis,2025-01-25T19:20:17+00:00,52482,species,supporting,True,False,False,False,52482,True,False
259560114,586521403,6b434fb4-ea18-450a-894a-e5cbd534d638,8282334,crocus51,2025-01-25T19:17:05+00:00,52482,species,improving,True,True,False,,52482,True,False
259504002,586378960,4b9a62a9-0e93-4201-88d3-51c4559f6a3f,5766075,natakite,2025-01-25T06:26:06+00:00,52480,species,improving,True,True,True,,52480,True,False
259364296,586162958,b5e0e308-57d2-40d4-9340-1277d4e5a60f,5934861,traianbertau,2025-01-24T13:18:02+00:00,145541,genus,leading,True,False,False,True,52491,False,False
259419924,586144243,f1c79361-3a36-406f-ad8f-8b8b30ddecd0,5473919,klabapop,2025-01-24T12:02:04+01:00,324638,genus,improving,True,True,True,,324638,False,False
259416984,586136884,e69a445c-22d9-4ff2-bc5b-81b063d1c8ca,3678274,clintsteel,2025-01-24T18:02:37+08:00,1118121,species,improving,True,True,False,,1118121,True,False
259350955,586063253,1fa4848d-350d-497c-a314-d26bc21d82dc,4919596,rodcat13,2025-01-24T01:50:46+00:00,121357,genus,supporting,True,False,False,False,121357,True,False
259350955,585995213,ae2c97ac-0506-4734-8c12-a55b3be20d68,4861227,rodrigo_barahona_13,2025-01-23T20:52:49+00:00,121357,genus,supporting,True,False,False,False,121357,True,False
259364296,585978648,c275d545-9987-4443-80ec-23918a9883fd,883453,rcswart,2025-01-23T21:04:20+01:00,52491,genus,leading,True,True,False,,52491,False,False
259356543,585963064,4ddffbf0-bf5e-43c1-87c5-0f54a3826b1f,5555239,aurearamon,2025-01-23T21:56:46+03:00,52482,species,supporting,True,False,False,False,52482,True,False
259356543,585956211,7577438e-3bec-490f-a749-5cd393e90e3f,5415990,allegra15,2025-01-23T21:25:43+03:00,52482,species,improving,True,True,True,,52482,True,False
259350955,585938345,39a9ba3d-40cc-4cc8-be63-70aae08c4f06,19435,abr,2025-01-23T17:09:52+00:00,121357,genus,improving,True,True,True,,121357,True,False
259295568,585933383,b99db1b8-418d-488b-a5b3-a6c53da6e04c,1518277,boazsolorio,2025-01-23T16:50:12+00:00,322357,species,supporting,True,False,False,False,322357,True,False
259295568,585887052,7d736f04-5942-4a8f-8c84-3686564c5e4b,1976574,catherine_g,2025-01-23T12:54:50+00:00,322357,species,supporting,True,False,False,False,322357,True,False
259331458,585879649,2527a5f8-b02a-4885-ac74-cf2dae3ff165,3918489,lissiemegs,2025-01-23T12:10:10+00:00,362610,species,improving,True,True,True,,362610,True,False
259314650,585836624,119b8ded-b999-44be-81bb-de5d6139d0a4,5521474,chaym_turak,2025-01-23T10:02:15+03:00,52964,species,supporting,True,False,False,False,52964,True,False
259314650,585833446,530b7c37-1993-4b73-8451-7180edaa9e89,1135676,cristinacraioveanu,2025-01-23T09:40:57+03:00,52964,species,improving,True,True,True,,52964,True,False
259295568,585775007,2af3f224-71bb-4c38-8925-5210ad52c389,497764,naturephotosuze,2025-01-23T01:47:07+00:00,322357,species,improving,True,True,True,,322357,True,False
259223745,585721023,f6a5ad75-cc1e-4324-99fe-f211f9b4dc73,1976574,catherine_g,2025-01-22T15:37:27-06:00,324344,species,supporting,True,False,False,False,324344,True,False
259223745,585540916,e7fb9fd3-f436-4c4c-87fa-89aa1f3227b1,2285053,abbyhyde,2025-01-22T00:43:26-06:00,324344,species,improving,True,True,True,,324344,True,False
259207835,585494474,23221513-9e03-422f-b7de-8fcf390ba1fb,8829177,mayconsilva,2025-01-22T02:11:34+00:00,55265,genus,leading,True,True,True,,55265,True,False
258387487,585118255,9995172b-bb29-43b0-83e3-aef36dcc0cc8,3916,sandyrae,2025-01-20T19:59:48+00:00,486780,genus,supporting,True,False,False,False,486782,True,False
258929116,584773754,9132e760-2aa8-4a12-bfd6-4c090937654e,5521474,chaym_turak,2025-01-19T20:43:41+03:00,52482,species,supporting,True,False,False,False,52482,True,False
258929116,584698055,a1eaaf0b-04b3-4e2f-9246-4c4af445433d,7179915,sirhck,2025-01-19T15:13:21+03:00,52482,species,supporting,True,False,False,False,52482,True,False
258929116,584677227,b5182f49-bc03-4ce8-be4c-a568835498b1,8153168,iwona_dembicz,2025-01-19T13:01:25+03:00,52482,species,improving,True,True,True,,52482,True,False
258881244,584555142,82a9562b-5935-4d26-a1a0-de2ba5c93b5e,7140675,douglas75180,2025-01-18T15:26:41-07:00,859117,species,improving,True,True,False,,859117,True,False
258387487,584523070,a7cab2a9-58f3-4f7f-a240-5d403923fc06,3565390,matthewvosper,2025-01-18T20:22:27+00:00,486780,genus,improving,True,False,False,False,486782,True,False
258814678,584501789,2ddbce7a-175d-41ed-af43-fd1ec29dc5ad,58307,steve_kerr,2025-01-18T18:52:40+00:00,118969,genus,improving,True,False,False,True,338505,True,False
258819594,584399351,77d3f7ba-a1c6-44bf-8351-bdc13245e268,2591601,brudermann,2025-01-18T10:05:54+00:00,469386,species,leading,True,True,False,,469386,True,False
258814678,584386564,5c6822be-5ec0-420a-8efb-0200f03c23cc,8362763,stevennz,2025-01-18T08:32:14+00:00,338505,species,maverick,True,True,True,,338505,False,False
258683777,584010675,1b7a3147-9521-43ae-8f46-592f4004bfa3,2774896,mvz-juangonzalezromero,2025-01-16T16:22:20-05:00,55719,species,improving,True,True,True,,55719,True,False
258682869,584007964,e2cda539-68b2-4710-973d-a343492b2174,3008219,jacob_chisausky,2025-01-16T15:09:44-06:00,425253,species,leading,True,True,True,,425253,True,False
257970027,583880982,05896d53-46d9-4c6b-9404-e9c27be6f513,396990,kostaszontanos,2025-01-16T12:54:26+02:00,354672,genus,leading,True,False,False,False,49995,True,False
258591287,583737379,4a669b28-8b2c-4d07-b247-ed3b0cae26d9,7179915,sirhck,2025-01-15T21:17:01+00:00,55719,species,supporting,True,False,False,False,55719,True,False
258591287,583736920,b8d35a91-365d-4a65-9543-e545841b86af,1883184,jonatan_antunez,2025-01-15T21:15:19+00:00,55719,species,improving,True,True,True,,55719,True,False
258581818,583707695,25d76b23-35c0-4274-b19d-e2811445d785,1945726,turo,2025-01-15T19:07:35+00:00,1144214,genus,leading,True,True,True,,1144214,True,False
258515005,583497649,340b2003-4db8-4143-97cb-aba5fd3f2293,2526234,muuushrooms,2025-01-14T17:07:49-08:00,118968,species,leading,True,True,False,,118968,True,False
258507575,583477918,cfd1e781-e8cf-4c67-aac6-04e6806544d0,495142,portioid,2025-01-14T23:36:28+00:00,58753,genus,leading,True,True,True,,58753,True,False
258343683,583465915,edee8634-cbc4-4070-a7e1-3b56db39ea8e,8566710,wren-falcon,2025-01-14T17:38:51-05:00,55719,species,supporting,True,False,False,False,55719,True,False
258490756,583464723,87c46376-74eb-474d-86d5-86e5e45357b0,8169041,rzeczpospolita,2025-01-15T07:34:31+09:00,355837,species,supporting,True,False,False,False,355837,True,False
258490756,583426711,fadbf212-2610-4ac3-85d6-82cd0e594b7c,7597531,takumi_,2025-01-15T04:50:08+09:00,355837,species,improving,True,True,True,,355837,True,False
258223520,583265466,1c2663c2-1975-41f2-8b03-613f8c927fdb,8738408,jeroenvansoolingen,2025-01-14T06:21:23+01:00,344020,species,supporting,True,False,False,False,344020,True,False
258359758,583182771,062e1c27-1605-4cfd-bc34-d5ceca3e8da9,5153874,tristantas,2025-01-13T22:31:22+00:00,55719,species,supporting,True,False,False,False,55719,True,False
258387487,583109206,e5525eda-1953-4d02-ab3c-35039a763334,1006407,bazwal,2025-01-13T17:34:42+00:00,486782,species,leading,True,True,False,,486782,False,False
258323038,583056198,977b31fb-d447-408e-95a2-5c6c84405ec5,435100,cleaversintexas,2025-01-13T07:57:43-06:00,126889,species,supporting,True,True,False,False,126889,True,False
258359758,583018450,c2a95ee7-4a0c-458e-877e-836a3018b0c2,1947915,suecee,2025-01-13T10:11:28+00:00,55719,species,improving,True,True,True,,55719,True,False
258323843,582995078,178359c8-5b82-468d-8c59-1373bd11a707,1163777,trinaroberts,2025-01-12T23:21:29-08:00,121357,genus,supporting,True,False,False,False,121357,True,False
258323038,582995068,6ae195a2-f6a2-44f6-b205-0ce74ff902f4,1163777,trinaroberts,2025-01-13T01:21:25-06:00,126889,species,supporting,True,False,False,False,126889,True,False
258343683,582981199,c288a7f7-8b42-4e6a-8822-76f63bd647a8,11700,phycus,2025-01-13T00:58:59-05:00,55719,species,supporting,True,False,False,False,55719,True,False
258343683,582973842,0c613afa-1395-4505-9ae2-23f64bf4dd3f,3360661,cacunningham,2025-01-13T00:21:07-05:00,55719,species,improving,True,True,True,,55719,True,False
258336049,582968708,590f6382-655d-4e9a-ad8c-20f31a6caaf7,58307,steve_kerr,2025-01-13T17:52:01+13:00,380279,species,supporting,True,False,False,False,380279,True,False
258337088,582956760,25e39d9d-3da1-4e27-b9b3-61e9046583a5,111241,lovebirder,2025-01-12T21:50:13-06:00,322357,species,supporting,True,True,False,False,322357,True,False
258337088,582955875,b829aeb0-d6ec-4f12-96f8-7fc56a316e55,1976574,catherine_g,2025-01-12T21:45:51-06:00,322357,species,improving,True,False,False,False,62455,True,False
258337088,582955387,0b194a31-bf15-403e-96e9-96932f1fc741,111241,lovebirder,2025-01-12T21:43:35-06:00,62455,genus,improving,False,True,True,,62455,False,False
258336049,582952707,897355b9-0fa5-4405-b47d-a190f8cc7e89,184173,aalbertrebergen,2025-01-13T16:30:23+13:00,380279,species,improving,True,True,False,,380279,True,False
258261846,582935275,3590a09c-2026-4e88-88ed-6aaed99e4ab6,1976574,catherine_g,2025-01-12T21:12:31-05:00,81979,species,supporting,True,False,False,False,81979,True,False
258323038,582933371,3a6140e5-d062-446d-a96c-a8ad17f554d6,1976574,catherine_g,2025-01-12T20:04:57-06:00,126889,species,improving,True,False,False,False,58753,True,False
258323843,582933339,f85b7b1d-d37f-42a2-ad9d-09a7e266bfd6,1976574,catherine_g,2025-01-12T18:04:48-08:00,121357,genus,supporting,True,False,False,False,121357,True,False
258323038,582930765,5ef0b67e-cddc-4e09-9286-fd47baef7f83,6755552,leifcollectsbugs,2025-01-12T19:53:36-06:00,58753,genus,supporting,True,False,False,False,58753,False,False
258323843,582920992,2cd32509-9c34-406f-9416-3ccbd1f010f8,1498340,kriseth7,2025-01-12T17:16:26-08:00,121357,genus,improving,True,True,True,,121357,True,False
258323038,582919160,548cdf39-4b5d-4773-bfbb-9dc88753e5a1,435100,cleaversintexas,2025-01-12T19:07:34-06:00,58753,genus,improving,False,True,False,,58753,False,False
258285608,582849197,67cc8bd7-0ffa-4d0e-8db0-2430bab79ca5,5384547,exonie,2025-01-12T22:22:27+02:00,119997,genus,leading,True,False,True,False,49995,True,False
258285608,582834239,b6c85d7f-dfff-49f3-90d6-0f660a4edb81,8435168,bichil,2025-01-12T21:29:10+02:00,49995,family,improving,True,False,False,False,47822,False,False
258285608,582817216,664ab19e-8163-4ab1-b1df-e26f3564fad5,5593047,nuria67,2025-01-12T20:26:15+02:00,47822,order,improving,True,True,False,,47822,False,False
258261846,582758899,56c2ea8b-1f31-4a56-80d3-d1e5c0623e77,12158,erikamitchell,2025-01-12T10:12:31-05:00,81979,species,improving,True,True,False,,81979,True,False
258223520,582667557,ba16b4e1-624d-46f6-b4ca-7e51cf330ef0,7179915,sirhck,2025-01-12T09:10:13+01:00,344020,species,improving,True,False,True,False,136599,True,False
258223520,582665979,727120eb-a634-44fe-b196-ede8cbab65fd,6657421,floraarrabonica,2025-01-12T08:59:24+01:00,136599,genus,improving,True,True,True,,49995,False,False
258223520,582665281,34e2a358-3e20-49d0-b94e-a4d6dba695a3,6657421,floraarrabonica,2025-01-12T08:55:10+01:00,49995,family,improving,False,True,False,,49995,False,False
258127646,582380609,6ddc7cc2-aaa3-4bd8-b1db-1064869f76a7,1458591,rustyrosemark,2025-01-11T11:56:39+00:00,70210,genus,leading,True,True,True,,70210,True,False
257950534,582147676,f04d89ce-5ef4-42ab-b366-32e0bd932cb0,2815061,aworsey,2025-01-10T16:01:02+00:00,342901,species,supporting,True,False,False,False,342901,True,False
257970027,581949299,c5f9cceb-e9e7-4506-9224-fe8699bea6d5,1790012,sbushes,2025-01-09T21:55:16+00:00,49995,family,improving,True,True,False,,49995,False,False
257950534,581914984,53503d53-87f5-4eab-84e2-3497f6f06cb9,8032177,aldercat92,2025-01-09T20:24:43+00:00,342901,species,improving,True,True,True,,342901,True,False
257885670,581707750,573befa5-7f53-49f7-82d4-165c38ebfb02,144,trekman,2025-01-08T23:28:12-03:00,118969,genus,leading,True,True,False,,118969,True,False
257771194,581403009,66f3eb9a-9447-42a9-b4d6-2a98f68c0ede,621330,smithsqrd,2025-01-08T07:01:04+00:00,1364214,species,supporting,True,True,False,False,1364214,True,False
257771194,581401706,5a46e3e7-7321-4816-b5bb-c4be9e92c3e8,11700,phycus,2025-01-08T06:52:31+00:00,1364214,species,improving,True,False,False,False,520020,True,False
257771194,581396107,6c5ad74e-9fa0-4afc-ab66-a1d2bebeeed8,621330,smithsqrd,2025-01-08T06:11:48+00:00,520020,subtribe,improving,False,True,True,,47158,False,False
257771194,581385010,3d6ea2a7-4035-4d6b-b31e-8133b0f454a9,621330,smithsqrd,2025-01-08T05:06:47+00:00,47158,class,improving,False,True,False,,47158,False,False
257690249,581298886,697fe630-f318-49c7-a9d1-185e1050831e,2629441,coddiwompler,2025-01-07T22:22:03+00:00,745823,species,supporting,True,True,False,False,47822,True,False
257690249,581292487,c3dc82a3-7183-4693-8067-5319ed6e1b35,5225110,jeremyjones_pix,2025-01-07T21:59:23+00:00,745823,species,improving,True,False,False,False,184884,True,False
257690249,581176554,fcbd6d05-36ba-4846-975a-bcfa6c923070,5929079,elenao1,2025-01-07T14:20:48+00:00,47822,order,supporting,True,False,False,False,184884,False,False
257690249,581165612,967961c1-e93a-44b1-a68a-eb66ffcac47a,5404169,henri_s,2025-01-07T13:35:11+00:00,47822,order,improving,True,False,False,True,84643,False,False
257690249,581141867,20e7961a-1f0c-434f-95a5-660e9dc37bdc,2629441,coddiwompler,2025-01-07T11:33:05+00:00,84643,suborder,maverick,False,True,False,,84643,False,False
257687135,581132579,e9ce985a-1eaa-483b-b8fb-b47418297677,3128612,ddutrey,2025-01-07T11:29:00+01:00,210336,species,improving,True,True,True,,210336,True,False
257651680,581062361,186565b8-5120-469b-a66b-5c8ac50bb5b9,58307,steve_kerr,2025-01-07T03:30:05+00:00,394128,species,improving,True,False,False,False,49995,True,False
257651680,581029146,a1129db0-05c8-4ef0-8cfb-22d54a10908c,57863,sdjbrown,2025-01-07T00:58:42+00:00,49995,family,improving,True,False,False,False,184884,False,False
257651680,581025838,526f65a2-c063-4100-9690-a8a9bf76e23b,7168461,oliviaediriweera,2025-01-07T00:43:09+00:00,184884,subclass,improving,True,True,False,,184884,False,False
257547089,580875793,fd655970-2af1-4315-9d3f-22c25cfd5f5e,5521474,chaym_turak,2025-01-06T18:34:00+03:00,52482,species,supporting,True,False,False,False,52482,True,False
257576542,580803177,62a16b9d-ede2-4e88-b3cc-8898867a20b1,8429719,georgelcs,2025-01-06T10:58:58+00:00,55265,genus,leading,True,True,True,,55265,True,False
257558280,580758005,66e83cd3-4ade-4efe-a13d-406ee2a78676,58307,steve_kerr,2025-01-06T19:23:21+13:00,186841,subfamily,supporting,True,False,False,False,186841,True,False
257558280,580749938,c04ee000-c089-4382-bac6-7c5980ba06c6,58645,naturewatchwidow,2025-01-06T18:37:07+13:00,186841,subfamily,improving,True,True,True,,186841,True,False
257547089,580719680,0439da01-aa96-42ab-a6de-671c4b2d7059,7744487,jymj,2025-01-06T06:10:38+03:00,52482,species,supporting,True,False,False,False,52482,True,False
257547089,580718930,12f5a81a-2e0d-4059-86d7-f9c4155e6bc2,8197162,mirkkanoro,2025-01-06T06:07:16+03:00,52482,species,improving,True,True,True,,52482,True,False
257476342,580536464,b333f87c-311d-46db-88c7-5834c385ed6c,7179915,sirhck,2025-01-05T16:01:46+00:00,55719,species,supporting,True,False,False,False,55719,True,False
257476342,580524751,900caf1b-1d27-4bb9-809f-5a435e120fbb,3916,sandyrae,2025-01-05T15:12:57+00:00,55719,species,improving,True,True,False,,55719,True,False
257349695,580461349,cb7b667e-2a33-4ea7-84b6-bf5ba342f4fd,2883211,rkl,2025-01-05T10:32:14+00:00,70147,species,supporting,True,False,False,False,70147,True,False
257454494,580456905,c98af88d-566a-4777-957d-75d5825e835c,5651798,jianstargazer,2025-01-05T18:07:57+08:00,49995,family,leading,True,True,False,,49995,True,False
257197588,580433771,850d0ff1-1e42-4291-b213-3450becfd2b4,3565390,matthewvosper,2025-01-05T07:56:53+00:00,55719,species,supporting,True,False,False,False,55719,True,False
257408602,580372718,7c2bdbde-b973-43db-a342-a19145a4b7c9,1976574,catherine_g,2025-01-04T20:36:11-06:00,203627,species,leading,True,False,False,False,55265,True,False
257408602,580329675,4df28cdd-e014-49ac-b56d-87bac2db99f6,5000505,michellesloan,2025-01-04T17:38:49-06:00,55265,genus,improving,True,True,True,,55265,False,False
257368748,580293012,a5f51bc4-e4cd-4d52-b1e8-62974ae78288,5167030,wstevens,2025-01-04T21:54:17+00:00,55719,species,supporting,True,False,False,False,55719,True,False
257360639,580263759,9f475b3e-fb45-4b85-938b-e4d6df757743,7179915,sirhck,2025-01-04T20:33:46+00:00,52160,species,supporting,True,False,False,False,52160,True,False
257361987,580263231,a6038dfb-2e8e-404e-a197-802d5c84508f,7179915,sirhck,2025-01-04T20:31:46+00:00,70190,species,supporting,True,False,False,False,70190,True,False
257389692,580262124,329f6b65-d999-482c-9fd7-801567d581a8,6362622,filipe_lopes,2025-01-04T17:27:45-03:00,55264,species,leading,True,True,False,,55264,True,False
257384934,580249463,5cf39312-c0ed-4b1f-9005-67148b28d15d,8492342,marcinpisula,2025-01-04T19:44:43+00:00,462191,species,improving,True,True,False,,462191,True,False
257382091,580242290,5f1dd607-bac5-46c7-9d7e-b1ab7cf38205,3815185,coninat,2025-01-04T16:18:22-03:00,479803,species,improving,True,True,True,,479803,True,False
257366181,580241889,9ac8de72-0c89-49e6-8209-c321c3da2aba,309263,tedrake,2025-01-04T11:16:38-08:00,1102276,species,supporting,True,True,False,False,1102276,True,False
257368748,580223624,3cd7ddfe-6f46-4cea-aa2a-5b389e7680e4,7179915,sirhck,2025-01-04T18:11:27+00:00,55719,species,supporting,True,False,False,False,55719,True,False
257366181,580204546,d9bb7500-1889-415a-802c-da785eed5deb,1976574,catherine_g,2025-01-04T09:06:16-08:00,1102276,species,improving,True,False,False,False,128846,True,False
257368748,580201559,cc494095-37d3-443c-99ca-9c3e72106ef1,2512111,silviupetrovan,2025-01-04T16:54:30+00:00,55719,species,improving,True,True,True,,55719,True,False
257366181,580194628,2692fb3c-acb8-45e7-95bc-5201845b1778,309263,tedrake,2025-01-04T08:29:11-08:00,128846,genus,improving,False,True,True,,128846,False,False
257361987,580182804,b371900e-2aa6-43bc-b2ce-0010e76baf28,8492342,marcinpisula,2025-01-04T15:41:38+00:00,70190,species,improving,True,True,False,,70190,True,False
257360639,580179334,afe5de73-82d5-4361-9fa4-8e7c2c6ddf30,8492342,marcinpisula,2025-01-04T15:28:19+00:00,52160,species,improving,True,True,False,,52160,True,False
257349695,580148931,ffa275be-1aaa-4bfc-be0a-784a0d8c8ea9,1006407,bazwal,2025-01-04T13:21:17+00:00,70147,species,improving,True,True,False,,70147,True,False
257342310,580138550,7b991ee3-2789-4231-9a1f-25227cecf1ae,8775657,syrphidae-of-poland,2025-01-04T13:26:16+01:00,52486,species,supporting,True,False,False,False,52486,True,False
257342310,580129125,e127fc5d-5a52-4b68-849c-1578d420ad47,3254589,irinabutorina,2025-01-04T12:39:50+01:00,52486,species,improving,True,True,True,,52486,True,False
257308742,580046620,221ee4b7-d21c-44fa-857c-028eae390a6d,7822975,tanzena,2025-01-04T13:28:00+10:00,357781,species,leading,True,True,False,,357781,True,False
257198792,580026170,bdc3eebc-914d-4449-9ed3-fe0b8274dc4b,4989360,lccg,2025-01-04T12:56:04+11:00,397192,species,supporting,True,False,False,False,397192,True,False
257293866,580025712,c7467cac-e2ef-4aa6-802d-168e0e781696,4989360,lccg,2025-01-04T01:53:50+00:00,362610,species,leading,True,False,False,False,70210,True,False
257293866,580009307,3d614af0-c35d-4cca-b7e7-8f9e0b402c4c,5825715,funkynature,2025-01-04T00:40:23+00:00,70210,genus,improving,True,True,True,,70210,False,False
257198792,579984018,00409120-04c7-42d3-a0f5-2d94d0bbb8f5,7712798,beris1,2025-01-04T09:47:20+11:00,397192,species,improving,True,True,True,False,47158,True,False
257198792,579768164,dc5bbbb6-a4be-4de3-abd3-fae9ffcde4e3,7939273,grampianshiker,2025-01-03T17:56:29+11:00,47158,class,improving,True,False,False,,,False,False
257197588,579730491,4eaa0b72-62a1-4870-84ad-017494df2ca0,5129473,macca2,2025-01-03T03:28:50+00:00,55719,species,improving,True,True,False,,55719,True,False
257153966,579656957,7481546f-4cab-4c29-b22d-32c29320d6a1,5521474,chaym_turak,2025-01-03T01:15:06+03:00,145540,species,supporting,True,False,False,False,145540,True,False
257156193,579655342,c7decbd5-82de-4e49-941d-a4cf2b640e7c,5521474,chaym_turak,2025-01-03T01:09:56+03:00,52482,species,supporting,True,False,False,False,52482,True,False
257049957,579652206,30985522-3cf6-4878-81a0-54f80f5bb76e,3565390,matthewvosper,2025-01-02T21:58:31+00:00,121357,genus,improving,True,False,False,True,486669,True,False
257153966,579650161,67307366-109e-43cd-be53-f5277b4cbef6,2032730,waldgeist,2025-01-03T00:51:26+03:00,145540,species,supporting,True,False,False,False,145540,True,False
257156193,579645424,5f0ac616-e028-4747-add6-1a3e0240251c,4127182,gehazett,2025-01-03T00:33:13+03:00,52482,species,supporting,True,False,False,False,52482,True,False
257156193,579624098,6042c070-4496-4c98-92ca-86b73be7bc57,7204236,audili,2025-01-02T22:58:02+03:00,52482,species,improving,True,True,False,,52482,True,False
257153966,579619056,ada2e43b-fce8-43e9-b84a-3b6ae231baf6,1790012,sbushes,2025-01-02T19:38:16+00:00,145540,species,improving,True,True,True,,145540,True,False
257150061,579608730,7df81a42-0af8-470c-9a28-33fdb4812af1,7901652,onnkar,2025-01-02T19:51:34+01:00,194793,genus,improving,True,True,True,,194793,False,False
256950389,579401358,a740fbbb-8348-45a6-ba32-47bd00da58e7,4989360,lccg,2025-01-02T02:17:06+00:00,362610,species,supporting,True,False,False,False,362610,True,False
257049957,579336835,1ddb7770-9270-4c9d-bcb0-5c450a31c7e3,8492342,marcinpisula,2025-01-01T22:11:13+00:00,486669,species,leading,True,True,False,,486669,False,False
257043489,579332360,6eaf21f6-3155-4407-a34d-a8bbccbc91ef,5521474,chaym_turak,2025-01-01T11:58:16-10:00,52964,species,supporting,True,False,False,False,52964,True,False
257043489,579319414,c6434701-8a96-445c-a365-e21abbda3819,396990,kostaszontanos,2025-01-01T11:17:58-10:00,52964,species,supporting,True,False,False,False,52964,True,False
257043489,579318798,90cf4033-ed83-4322-951b-c1831786cd88,5052019,theochass,2025-01-01T11:16:08-10:00,52964,species,improving,True,True,True,,52964,True,False
257043066,579317463,9d15c397-312d-4d67-8f47-1ab597523a9b,8492342,marcinpisula,2025-01-01T21:11:59+00:00,486782,species,leading,True,True,False,,486782,True,False
257037617,579303124,5deb9b24-7012-4c61-86a7-ce13216fa8c8,8492342,marcinpisula,2025-01-01T20:21:34+00:00,324344,species,leading,True,True,False,,324344,True,False
257028323,579277010,eff3ec70-43f1-4890-a60a-b8f592359999,8492342,marcinpisula,2025-01-01T18:49:20+00:00,210336,species,leading,True,True,False,,210336,True,False
257028305,579276987,923b64ae-fd71-4ac4-917e-83bdaaa5eb3f,8492342,marcinpisula,2025-01-01T18:49:15+00:00,210336,species,leading,True,True,False,,210336,True,False
256950389,579074303,926d27ac-1bce-45f0-b24b-71de8bb5d967,8847379,gordoncanstrayan,2025-01-01T01:35:42+00:00,362610,species,improving,True,True,False,,362610,True,False
261298822,866116255,d17fbd04-de42-460e-9d61-5b511352f98c,6974781,averyfaeo,2026-08-07T00:59:50-04:00,910322,species,supporting,True,True,False,False,910322,True,False
261298822,858451624,4c61df6f-b870-435a-9ee9-a0772c812340,10531466,coldrefrigerator,2026-07-26T09:56:15-04:00,910322,species,improving,True,False,True,False,58753,True,False
261318262,856938029,e1d8b318-aa45-46d8-9a64-d92beebf08f5,8694277,joebu,2026-07-24T07:52:39+02:00,1304238,complex,supporting,True,True,False,False,1304238,True,False
261318262,856935886,a527343f-3d62-4e67-893e-b02610a029ea,3565390,matthewvosper,2026-07-24T07:46:41+02:00,1304238,complex,improving,True,False,False,False,121357,True,False
262496842,825871588,6c1f2ce1-6e02-4b29-b1a9-c33c6084e6fa,3069707,bdagley,2026-06-05T20:57:50+00:00,742975,species,supporting,True,False,False,False,742975,True,False
261023566,825412952,18ab7087-f7e0-4a31-912f-df869dff370b,10531466,coldrefrigerator,2026-06-05T02:51:28+00:00,1229961,complex,leading,True,False,True,False,58753,True,False
262496842,825154564,1e0aa8de-031a-4b74-926a-beafd676d3c4,1436437,jayantdeshpande,2026-06-04T17:29:39+00:00,742975,species,supporting,True,True,False,False,372853,True,False
262496842,795205712,d2100a9c-d497-4b24-a1c0-b7df4520306b,42908,sankararaman,2026-04-24T15:22:04+00:00,742975,species,improving,True,False,False,True,61893,True,False
262723481,786989306,33be454e-5e50-4985-a318-e0c7a64d109b,2956565,luanmazzeo,2026-04-10T22:50:46+00:00,1127772,genus,leading,True,False,False,False,121991,True,False
261429609,727607980,5d107e91-12d7-4740-898b-abc7f0da6baa,3565390,matthewvosper,2025-11-18T12:40:24+00:00,320786,species,supporting,True,False,False,False,320786,True,False
262130786,709426192,6d9160ea-26c9-409e-930c-9e83d8109169,472970,upupa-epops,2025-10-08T09:40:29-04:00,58753,genus,improving,True,False,False,True,910322,True,False
264980952,708552978,f76bf61d-8f70-40c6-8223-ef82c0f417e7,472970,upupa-epops,2025-10-06T11:57:25-04:00,716867,species,supporting,True,False,False,False,716867,True,False
261999633,678059831,5f4f40cd-4587-428a-a8cd-c793ce2decb1,7204079,nature_yb,2025-08-07T20:05:36+02:00,52482,species,supporting,True,False,False,False,52482,True,False
262723481,663286929,e289c00c-4d89-416d-8828-b4e4b390de5a,2956565,luanmazzeo,2025-07-11T17:39:29+00:00,121991,tribe,supporting,False,False,False,False,121991,False,False
263356841,635634469,ee1eae4f-2259-42f3-8704-709cd8d506c1,528996,kevin_cheng,2025-05-21T14:21:45+01:00,55719,species,leading,True,False,False,False,364082,True,False
263855429,618271792,da7afbce-6e5a-4735-ad53-720ce6c07101,5368363,n_fagotto14,2025-04-25T18:21:00+00:00,486873,species,supporting,True,False,False,False,486873,True,False
260877749,616320156,452dfdf9-2ad4-4680-9903-5d3c1d128643,7257623,ornatus,2025-04-22T08:35:56+00:00,326181,subfamily,leading,True,False,False,False,47822,True,False
262242678,614698588,7351a0a5-515d-46b5-993c-3b88b33a8a1e,3375570,spoleretzky,2025-04-18T19:35:33-04:00,354671,species,leading,True,True,False,,121991,True,False
263467514,607984710,300b8d0e-974c-4119-8779-88ebc77f0e7b,3465995,moira_fitzpatrick,2025-04-02T09:11:30+02:00,1364214,species,supporting,True,True,False,False,1364214,True,False
263467514,607960218,1af22bf0-3dc6-4547-87de-1c07b9293cb7,11700,phycus,2025-04-02T06:49:33+02:00,1364214,species,supporting,True,False,False,False,1364214,True,False
263436997,607524214,9c81d12e-7654-4176-b278-40a993adb891,5606497,joseesgenial2,2025-03-31T23:41:40+00:00,469063,species,leading,True,True,False,,55265,True,False
262109393,606123479,12de01ad-ced7-4b45-875e-fdc46dfa5016,4020155,xespok,2025-03-28T16:01:46+01:00,52233,genus,supporting,True,False,False,False,52233,True,False
265401547,604735950,24cc3fd5-96fa-4c61-bc10-46651b60cbab,90178,rjpretor,2025-03-24T15:09:52+02:00,475430,genus,supporting,True,False,False,False,475430,True,False
261984876,603933340,cf84210d-3751-4b25-8a0a-ed00a5a6f9c3,9029364,galapt,2025-03-22T11:14:02+00:00,81980,genus,supporting,True,False,True,False,81980,True,False
263782864,603411200,a3fc1e4f-1f53-4bd0-8d25-1c5f5d4f78e1,3565390,matthewvosper,2025-03-20T19:19:52+00:00,337925,species,supporting,True,False,False,False,337925,True,False
264037849,603247276,baa0db65-b0f2-41a1-b4d0-bfbb78ff9338,5885981,enane,2025-03-20T07:28:09+01:00,52491,genus,supporting,True,False,False,False,52491,True,False
264037849,603161054,53051a35-2365-4bea-af32-10857f5e4633,7257623,ornatus,2025-03-20T00:12:56+01:00,52491,genus,improving,True,False,False,False,48091,True,False
265525189,602918697,07c89c61-e1c7-4c66-86ee-ce0ba216b857,11700,phycus,2025-03-18T22:15:58-07:00,450564,species,leading,True,False,False,False,124483,True,False
265571348,602513614,3f335f81-262c-4fa5-87c7-b9e74c80eb7b,1148241,orlandomontes,2025-03-17T19:34:18-03:00,479803,species,supporting,True,False,False,False,479803,True,False
265571348,602432881,4f6e8aac-a52c-4e7f-90ed-d84f79bce8dd,4861227,rodrigo_barahona_13,2025-03-17T14:28:21-03:00,479803,species,improving,True,False,False,False,366269,True,False
265571348,602270251,31963415-9990-4bb8-9ea3-81ecc116c961,11700,phycus,2025-03-17T02:19:03-03:00,366269,genus,supporting,True,False,False,False,366269,False,False
265571348,602158690,25e8f479-cd61-44c8-ab94-6b4223c18887,5267187,aparra007,2025-03-16T20:54:28-03:00,366269,genus,improving,True,True,True,,,False,False
265611291,602128495,efa4c246-7f15-4789-a5e1-b1def90b698f,1416674,rhondab77,2025-03-16T15:04:15-07:00,322357,species,supporting,True,False,False,False,322357,True,False
265611291,602122599,d20fac0c-2c18-4a71-ad08-0aea156027ac,497764,naturephotosuze,2025-03-16T14:45:31-07:00,322357,species,improving,True,True,True,,49995,True,False
265611291,602122361,c4d43afd-38dd-4649-8758-3689263af20a,497764,naturephotosuze,2025-03-16T14:44:42-07:00,49995,family,improving,False,True,True,,49995,False,False
265525189,601932580,1b307dfc-72cb-4b28-ada8-ef3adae358c1,4456081,egon_lind,2025-03-16T02:46:55-07:00,124483,genus,improving,True,True,True,,124483,False,False
264494740,601892693,928b2b5f-25e3-4f3d-ad31-f19086136a22,11700,phycus,2025-03-15T23:03:03-07:00,349217,species,supporting,True,False,False,False,349217,True,False
265401547,601676656,fb71cc7e-bcde-476f-b222-08544e490d51,2197353,cornerautenbach,2025-03-15T17:32:50+02:00,475430,genus,supporting,True,True,False,False,475430,True,False
265401547,601667559,52f09121-1b94-498a-8ff2-f89921724554,5934861,traianbertau,2025-03-15T14:59:42+00:00,475430,genus,improving,True,False,False,False,121991,True,False
265401547,601650536,4da287a4-a221-4f89-8c38-9d4c84b4a024,2197353,cornerautenbach,2025-03-15T15:47:06+02:00,121991,tribe,improving,False,True,True,,121991,False,False
264989323,601566923,a1cd313e-1714-4378-be68-18d8327724d9,11700,phycus,2025-03-14T22:48:53-07:00,488420,subtribe,leading,True,False,False,False,326181,False,False
265346198,601559117,c4d16a31-2804-4496-9e82-19f85c42968f,11700,phycus,2025-03-14T22:02:17-07:00,119561,species,supporting,True,False,False,False,119561,True,False
265349303,601558556,81737db2-aa39-404d-b59d-61ab0a86751d,11700,phycus,2025-03-14T22:00:03-07:00,126889,species,supporting,True,False,False,False,126889,True,False
265349303,601501623,37bd8cfe-df5c-4d08-9348-a99f66d2babd,5563726,brittanyb2,2025-03-14T19:02:14-07:00,126889,species,improving,True,True,False,,126889,True,False
265346198,601492149,65c9122d-a9f7-4aaf-a71f-8d2b769b4742,449307,fieldfalcon,2025-03-14T18:24:39-07:00,119561,species,improving,True,True,True,,119561,True,False
265300422,601383207,7484aa8f-15f1-4896-a2a8-ef9f61e7fd92,4752764,soysmelliot,2025-03-14T17:36:19+00:00,186841,subfamily,leading,True,True,False,,186841,True,False
264023438,600791691,8f0e1d1e-3ffe-4ff6-a96e-f09fc4175c10,4018062,danielmorton,2025-03-12T12:55:08-04:00,425250,species,supporting,True,False,False,False,425250,True,False
264989323,600581656,b39fc728-3358-4105-a5bd-ee3e6b814757,1421255,btk,2025-03-11T16:30:35-07:00,326181,subfamily,improving,True,True,True,,326181,True,False
264980952,600561200,4caa097f-f100-4a04-bef2-3b6cd3b54261,303165,kyukich,2025-03-11T18:11:53-04:00,716867,species,improving,True,True,True,,716867,True,False
264845400,600234173,3c603a35-600a-4aa8-954d-5f96b57daf23,796280,eleggua,2025-03-10T14:56:43-07:00,179752,species,supporting,True,False,False,False,179752,True,False
264845400,600210084,efd6b18e-1f4c-4fa1-93a6-b769e455f805,150454,david99,2025-03-10T13:34:44-07:00,179752,species,improving,True,True,False,,128846,True,False
264845400,600206324,3afbf4db-2131-4645-b991-40ef1a847440,150454,david99,2025-03-10T13:19:51-07:00,128846,genus,improving,False,True,True,,128846,False,False
264721195,600017830,801463bd-8ad2-4764-8d9a-b5e6852ca26e,7915653,urspeter,2025-03-10T06:21:56+00:00,52482,species,supporting,True,False,False,False,52482,True,False
264721195,599915724,8ae0d429-5c05-446d-bfc7-276ae3593efe,5521474,chaym_turak,2025-03-09T22:48:40+00:00,52482,species,supporting,True,False,False,False,52482,True,False
264721195,599894150,0524d738-d71d-49fd-bc4a-d06dcf9e2d8f,396990,kostaszontanos,2025-03-09T21:42:23+00:00,52482,species,supporting,True,False,False,False,52482,True,False
264721195,599892866,f0f8008d-65b2-4029-b28a-600528d2f6d8,736072,jaroschacht,2025-03-09T21:37:31+00:00,52482,species,improving,True,True,True,,52482,True,False
263758248,599632267,cf297bd7-c570-4095-b410-2c31fe36b535,1674710,flo-dycob,2025-03-08T17:23:02-10:00,52489,genus,supporting,True,False,False,False,52489,True,False
264494740,599388435,8e9215f7-e85d-43bd-900f-cd1277a6b461,7618908,ufeldo,2025-03-08T02:59:00-08:00,349217,species,improving,True,True,True,,349217,True,False
263855429,599134793,68c5e8b7-399d-4161-9e5a-167281596506,11700,phycus,2025-03-07T18:42:24+00:00,486873,species,supporting,True,False,False,False,486873,True,False
264343413,599113049,2aab61f2-9781-46cf-b1b1-19b357c2a112,6928722,murderspagurder,2025-03-07T17:40:09+00:00,121991,tribe,leading,True,True,True,,121991,True,False
260828018,599086494,1a47d9c3-0f02-482d-8d19-944ceefa9007,766506,mikecameron,2025-03-07T18:29:54+02:00,475430,genus,supporting,True,True,False,False,475430,True,False
264158504,599017600,c77f472c-439d-460e-8516-29372f2d1903,1976574,catherine_g,2025-03-07T07:19:57-06:00,179752,species,leading,True,False,False,False,128846,True,False
264158504,598893917,692d8bed-8f52-49cc-b4da-37f8e220b900,11700,phycus,2025-03-07T00:20:01-06:00,128846,genus,improving,True,False,False,False,49995,False,False
264158504,598821716,d494e8c1-b328-410f-a954-1227dcc51f7d,1022003,austindude,2025-03-06T20:11:31-06:00,49995,family,improving,True,True,False,,49995,False,False
264139835,598782269,b3bc0489-518a-48ad-b362-513d9f556fa5,7179915,sirhck,2025-03-06T22:54:22+00:00,52160,species,supporting,True,False,False,False,52160,True,False
264139835,598774324,fa283475-1f77-4585-81d5-33333a405845,8931038,hortus-multiplex,2025-03-06T22:16:36+00:00,52160,species,improving,True,True,True,,52160,True,False
264117364,598732764,5cc1e06a-c93f-46a8-a920-bf6f9a12f3d0,1976574,catherine_g,2025-03-06T13:22:49-06:00,121357,genus,improving,True,False,False,True,1043258,True,False
264117364,598716414,8f7e229b-bedf-4b11-b242-26930a6068cd,6802248,geepeachy,2025-03-06T12:15:06-06:00,1043258,species,leading,True,True,True,,1043258,False,False
264023438,598664659,ecd690d3-0eb3-4417-9fa5-03059bc04189,1976574,catherine_g,2025-03-06T09:33:43-05:00,425250,species,improving,True,False,False,False,52491,True,False
264023438,598588583,ed8a7719-b9dd-4667-a2a9-48ba3e8c37e7,11700,phycus,2025-03-06T02:14:53-05:00,52491,genus,supporting,True,False,False,False,52491,False,False
264023438,598576291,ac8b71e1-aef1-4b89-bd21-aef6e3d871ef,7179915,sirhck,2025-03-06T00:56:05-05:00,52491,genus,improving,True,False,True,False,47822,False,False
264037849,598532245,54138ebe-d6f2-4956-bc8b-11a183365da4,8930299,anakinhass,2025-03-06T03:02:08+01:00,47158,class,improving,True,False,False,,47221,False,False
264037849,598532045,cce9460a-58f1-4a27-9c7c-be22c3d82cfa,8930299,anakinhass,2025-03-06T03:01:16+01:00,47221,family,maverick,False,False,False,,47221,False,False
264023438,598483992,66e962bd-e76c-484b-897c-cd039a8d22b4,8376098,bigskysadie,2025-03-05T17:24:33-05:00,47822,order,improving,True,True,False,,47822,False,False
260914912,598458840,2431c69c-d0b1-4416-884f-c080a287506a,3262040,pollinatorweb,2025-03-05T13:32:50-07:00,859117,species,supporting,True,True,False,False,326181,True,False
263855438,598045060,6af3e7cc-b3b2-4790-a427-860315694e00,6610921,carlo_dal_cin,2025-03-04T10:41:25+00:00,488420,subtribe,leading,True,True,False,,488420,True,False
263855429,598045049,d5981b48-8c7b-4ba9-8a22-3efe55f5d297,6610921,carlo_dal_cin,2025-03-04T10:41:24+00:00,486873,species,improving,True,True,True,,486873,True,False
263657079,598034625,ec72c2bc-f2c6-49d9-8a6c-a31bdc73d9c5,6880103,antonva,2025-03-04T09:25:37+00:00,486777,species,supporting,True,True,False,False,486777,True,False
263657079,597957964,c6adc046-2fe5-4468-9d32-e043832d05be,5052019,theochass,2025-03-04T02:00:01+00:00,486777,species,supporting,True,False,False,False,486777,True,False
263657079,597914396,8617ae8b-4636-47be-a605-0f5756def086,1674710,flo-dycob,2025-03-03T23:21:12+00:00,486777,species,supporting,True,False,False,False,344028,True,False
263781977,597841753,a7ce115a-b59c-4749-8020-c2aae9ee248c,7179915,sirhck,2025-03-03T18:36:09+00:00,55719,species,supporting,True,False,False,False,55719,True,False
263782864,597839756,fda90cf9-6846-45b5-8c9b-660273723b0d,6496562,juan0111,2025-03-03T18:28:02+00:00,337925,species,improving,True,True,False,,337925,True,False
263781977,597836970,b788cdde-c99d-44dd-8a4f-9abe28cd30b8,419068,theworldofpaolo,2025-03-03T18:16:26+00:00,55719,species,improving,True,True,True,,55719,True,False
263758248,597776297,1f2309f1-b38d-4ae7-af49-877443252f83,5052019,theochass,2025-03-03T04:15:11-10:00,52489,genus,improving,True,True,True,,52489,True,False
263657079,597725815,c636ee58-ebc3-44d4-873f-9de1953b4805,6880103,antonva,2025-03-03T09:13:29+00:00,344028,genus,supporting,False,True,False,False,486777,False,False
263467514,597695932,ce30b9e6-8edb-4812-91da-24489309bf94,5934861,traianbertau,2025-03-03T06:05:09+00:00,1364214,species,improving,True,False,False,False,355838,True,False
260914912,597687093,ae5cbcce-9e44-474a-8ed4-81d995f2c49c,11700,phycus,2025-03-02T22:25:44-07:00,859117,species,supporting,True,False,False,False,326181,True,False
261415063,597684081,761c90fb-55d9-43d6-be98-a1a5cabd7195,11700,phycus,2025-03-02T21:15:57-08:00,341901,genus,supporting,True,False,False,False,341901,True,False
263620113,597654332,0d984b40-2e7d-4a55-a24f-5f4524a4b537,11700,phycus,2025-03-03T05:11:06+02:00,339938,genus,leading,True,False,False,True,145541,True,False
263621287,597654270,aa79fab4-4ef5-4883-b359-808a2469b0d8,11700,phycus,2025-03-02T19:10:49-08:00,1023976,species,supporting,True,False,False,False,1023976,True,False
263657079,597652578,f81f5bbf-17c2-4652-ba6c-7f768e32b489,11700,phycus,2025-03-03T03:03:01+00:00,344028,genus,supporting,True,False,False,False,486777,False,False
263675508,597651269,98ea714b-5034-4978-bfc0-a6304eba727c,11700,phycus,2025-03-02T18:58:03-08:00,55719,species,supporting,True,False,False,False,55719,True,False
263675508,597561166,d836abe1-9513-4c7e-8286-4a66056f5da1,2522691,elaundlini,2025-03-02T13:11:14-08:00,55719,species,improving,True,True,False,,55719,True,False
263657079,597552870,61a33f4e-85b7-40ac-adad-1e9e87bcfeb7,7179915,sirhck,2025-03-02T20:44:25+00:00,344028,genus,supporting,True,False,True,False,486777,False,False
263657079,597528735,ec4b1885-e2bf-47f8-8b4b-638b8e37d0ad,6880103,antonva,2025-03-02T19:21:24+00:00,486777,species,improving,False,True,False,,344028,True,False
263657079,597518257,d8892a76-c0ae-483c-a0c9-e514178e022a,6880103,antonva,2025-03-02T18:42:19+00:00,344028,genus,improving,False,True,True,,344028,False,False
263651200,597505019,d912a8fa-0f27-4a65-8292-8ad5b7f45b5c,8698367,yanamanion,2025-03-02T17:53:42+00:00,451465,species,leading,True,True,True,,451465,True,False
263636509,597471196,d6b63690-eded-497f-a508-415219643da5,796058,attatexana1,2025-03-02T15:52:08+00:00,58753,genus,leading,True,True,True,,58753,True,False
263621287,597436855,edbef02b-1d07-4c80-b374-93d436e3143a,254559,tmurray74,2025-03-02T05:30:16-08:00,1023976,species,improving,True,True,False,,1023976,True,False
263620113,597434426,c9691612-afd4-41ae-a93e-4601aafa95eb,979691,phoekman,2025-03-02T15:20:21+02:00,145541,genus,leading,False,True,True,,145541,False,False
263467514,597360126,178b9a87-3f09-4d11-8b58-70873bdbdf1a,11700,phycus,2025-03-02T08:10:42+02:00,355838,genus,supporting,False,False,False,False,355838,False,False
263488652,597149786,1ac020b4-41ab-441a-ac7b-2773a093eb7b,2883211,rkl,2025-03-01T15:29:52+00:00,70405,species,supporting,True,False,False,False,70405,True,False
263488652,597124651,781d635d-dcc2-4052-90b0-619b0c01455d,4115701,julianoliver,2025-03-01T13:32:41+00:00,70405,species,improving,True,True,True,,70405,True,False
263467514,597092184,5e244feb-c15c-4dd4-87f5-0c92e8438ee5,7179915,sirhck,2025-03-01T12:09:46+02:00,355838,genus,improving,True,False,False,False,520020,False,False
263474362,597089996,5fb3d634-bb96-420e-b206-6ffe0a7383d3,7946537,anselmus,2025-03-01T09:54:49+00:00,62455,genus,leading,True,True,True,,62455,True,False
263467514,597072712,bf2a650b-984c-4fad-a5ed-def9fa25bb45,3465995,moira_fitzpatrick,2025-03-01T09:56:51+02:00,520020,subtribe,improving,False,True,True,,520020,False,False
263436997,596984195,adb18490-8d16-4028-935d-d3d57aa5bfaf,5606497,joseesgenial2,2025-03-01T00:42:33+00:00,55265,genus,leading,False,True,False,,55265,False,False
263399498,596890825,87d471b5-3652-4443-83a9-ca1a8003f18b,7179915,sirhck,2025-02-28T17:50:14+00:00,52490,species,supporting,True,False,False,False,52490,True,False
263399498,596890467,e402099b-c5c5-4f71-9182-cab674594be4,1527518,a_emmerson,2025-02-28T17:48:48+00:00,52490,species,improving,True,True,True,,52490,True,False
263370643,596864577,17d61130-2c06-4ed8-9b12-f7604ea8ea7f,4601836,anamoraesphoto,2025-02-28T16:04:22+00:00,55265,genus,supporting,True,True,False,False,184884,True,False
263370643,596864302,e6f6098a-d684-44d7-9417-dde23266469b,5523157,wasplover,2025-02-28T16:03:07+00:00,55265,genus,supporting,True,False,False,False,184884,True,False
263370643,596816671,52f320f2-65bb-4b3b-b6bb-9f9f61ab14b6,927137,josev_ge,2025-02-28T12:16:21+00:00,55265,genus,improving,True,False,False,True,538904,True,False
263370643,596813983,24acd903-e76f-4a11-837b-3919ef235f20,4601836,anamoraesphoto,2025-02-28T12:01:24+00:00,538904,tribe,maverick,False,True,False,,538904,False,False
263356841,596774330,adbfd2b1-74f0-42b0-890a-2cd131ac2180,1531858,marscancer,2025-02-28T07:27:24+00:00,364082,tribe,improving,True,True,True,,364082,False,False
263096544,596409658,783948f9-c83e-46cd-b038-d3f817686520,11700,phycus,2025-02-26T16:34:56-08:00,322891,genus,supporting,True,False,False,False,322891,True,False
263148759,596264542,6153ffb6-1cb9-40b1-9a0b-65b1462372ec,5521474,chaym_turak,2025-02-26T17:36:42+03:00,145540,species,supporting,True,False,False,False,145540,True,False
263145951,596239392,8d266f54-aa8d-4da2-bd08-5c2f99e317f5,7179915,sirhck,2025-02-26T12:36:14+00:00,55719,species,supporting,True,False,False,False,55719,True,False
263148759,596235005,1f725d57-4276-4552-9a21-f6f2ca77e77c,747360,dhricenak,2025-02-26T15:10:37+03:00,145540,species,supporting,True,False,False,False,145540,True,False
263148759,596234171,13e3eb3d-6db3-48eb-b4aa-d84d9d3526d4,4278317,omrilium_greenstep,2025-02-26T15:05:31+03:00,145540,species,improving,True,True,False,,145540,True,False
263134452,596228626,4c533a4f-90dd-4152-a341-970c6b8b2440,2325264,michaelcincotta,2025-02-26T11:29:53+00:00,397192,species,supporting,True,False,False,False,397192,True,False
263145951,596226382,f92cd9f6-cb78-4f39-9dcd-3428c69b3187,2883211,rkl,2025-02-26T11:14:07+00:00,55719,species,supporting,True,False,False,False,55719,True,False
263145951,596226224,cedaf036-bb55-4197-acc8-fcbce06f4cfc,3917678,peterallenbds,2025-02-26T11:13:00+00:00,55719,species,improving,True,True,True,,55719,True,False
260828018,596198355,04dd93e2-648f-4275-bdde-94b3d3390ac2,90178,rjpretor,2025-02-26T09:56:27+02:00,475430,genus,supporting,True,False,False,False,121991,True,False
263134452,596194419,4d5b45a4-98ff-43e1-afbb-da4e10ebfd32,222137,reiner,2025-02-26T07:34:33+00:00,397192,species,improving,True,True,True,,397192,True,False
261633501,596143200,887439db-ade5-418b-9c70-8833e996b027,1976574,catherine_g,2025-02-25T20:52:24-06:00,118968,species,supporting,True,False,False,False,118968,True,False
263096868,596132069,d9d23850-1858-42d6-a5f0-25e490992f56,1976574,catherine_g,2025-02-25T19:57:24-06:00,466380,species,supporting,True,False,False,False,466380,True,False
263107724,596118035,c59e0dc2-7b84-424c-89c5-6774b1af36c9,2612631,lucyuu,2025-02-26T00:50:50+00:00,354671,species,leading,True,True,True,,354671,True,False
263096544,596105368,288e0f57-5ba6-46bd-ae46-be270ea7b090,7805427,mtart2120,2025-02-25T15:49:24-08:00,322891,genus,supporting,True,False,False,False,322891,True,False
263096868,596088933,54fa2488-6031-4ed2-93b4-6c5243434c3b,302852,dirtnkids,2025-02-25T16:35:37-06:00,466380,species,improving,True,True,True,,466380,True,False
263096544,596088075,dfd6fa3c-73f0-4885-8d72-ad9f0e887401,6587797,leodan4,2025-02-25T14:31:50-08:00,322891,genus,improving,True,True,True,,322891,True,False
262851221,596037946,9352c3c3-9aa3-4aac-b633-520258b7d5dd,11700,phycus,2025-02-25T10:59:46-08:00,128846,genus,supporting,True,False,False,False,128846,True,False
263000387,595832818,85bc7fea-129d-4a2c-9439-be823fda759c,1044235,leoguy,2025-02-25T00:54:07+00:00,121991,tribe,leading,True,True,True,,121991,True,False
262868896,595680058,985bc83b-d1d9-4ba0-806c-925f6c6224cc,7179915,sirhck,2025-02-24T14:25:28+00:00,55719,species,supporting,True,False,False,False,55719,True,False
262868896,595593711,9bced8f0-61eb-41a5-9295-2189185e28ee,396990,kostaszontanos,2025-02-24T06:19:28+00:00,55719,species,improving,True,False,False,False,52491,True,False
262867112,595505906,019e69b8-4ded-4d11-a53a-a72e480e873a,1976574,catherine_g,2025-02-23T17:38:26-06:00,322357,species,supporting,True,False,False,False,322357,True,False
262868896,595484863,79734fe8-4c22-4d02-ad85-3d1f61f0485c,7266805,invasive_nerd,2025-02-23T22:23:38+00:00,52491,genus,improving,True,True,False,,52491,False,False
262867112,595479773,d947b6dc-9ce6-4a02-8e18-84d720e45bc5,7619262,mrknox,2025-02-23T16:04:23-06:00,322357,species,improving,True,True,False,,322357,True,False
262851221,595440705,d2161bb9-c007-4ebc-972c-328a19da852f,5303022,juanmaguey,2025-02-23T11:53:56-08:00,128846,genus,improving,True,True,True,,128846,True,False
262817326,595374451,29d4ea68-ed3b-479c-ad30-3f51b5b594cc,8928899,holler_gruenzeug,2025-02-23T17:25:42+01:00,70415,species,supporting,True,True,False,False,70415,True,False
262817326,595365661,f47a05c5-1fe2-4348-8ff0-ce0401525cf7,396990,kostaszontanos,2025-02-23T16:53:15+01:00,70415,species,supporting,True,False,False,False,70415,True,False
262817326,595361312,0795a38a-5f54-40b6-ac79-e709fb60a2b6,7179915,sirhck,2025-02-23T16:37:06+01:00,70415,species,improving,True,False,True,False,52487,True,False
262817326,595350515,babbb784-e9fc-411c-b1b2-6f9ae5c6797b,8928899,holler_gruenzeug,2025-02-23T15:54:50+01:00,52487,genus,improving,False,True,True,,52487,False,False
262803647,595326614,7b454048-eaf7-4a91-8611-0836b58212f4,396990,kostaszontanos,2025-02-23T15:03:31+02:00,55719,species,supporting,True,False,False,False,55719,True,False
262803647,595316963,9358dc7f-8c5b-44b8-ab85-2d8bc6afdec3,7179915,sirhck,2025-02-23T14:10:52+02:00,55719,species,improving,True,False,True,False,52491,True,False
262803647,595315760,5e038ae5-1a54-4006-9fd3-9953f33cbf19,6863759,conifera,2025-02-23T14:02:36+02:00,52491,genus,improving,True,True,True,,52491,False,False
262797591,595305657,40381295-3e72-4fdb-85fd-672e6fe3fbf1,7179915,sirhck,2025-02-23T11:04:17+00:00,55719,species,supporting,True,False,False,False,55719,True,False
262797591,595300894,1d40f2a6-2f73-4671-9e47-0bb39714eb29,8928899,holler_gruenzeug,2025-02-23T10:35:14+00:00,55719,species,improving,True,True,True,,55719,True,False
262723481,595120069,83cefb3f-77ce-4e56-8316-fde4144553f0,11700,phycus,2025-02-22T21:00:50+00:00,121991,tribe,supporting,True,False,False,False,121991,False,False
262726846,595119346,a7a661b4-d813-4ebf-9735-3ba7db570f90,11700,phycus,2025-02-22T12:58:09-08:00,124483,genus,supporting,True,False,False,False,124483,True,False
262723481,595103113,1d4c60f5-b03c-4738-b1a7-970fed690391,3380195,enricotosto96,2025-02-22T20:03:53+00:00,121991,tribe,improving,True,False,False,False,49995,False,False
262726846,595097493,a3b56438-6807-492a-ab0c-26de38be3147,6708595,hazerider,2025-02-22T11:45:57-08:00,124483,genus,improving,True,True,False,,124483,True,False
262723481,595088913,3cd12508-8eb7-440b-8818-ee99fce3863a,1750172,brunomathgomes,2025-02-22T19:18:09+00:00,49995,family,improving,True,True,False,,49995,False,False
261770522,594989484,7eee1c03-f8a7-45eb-82a0-6cad841883b8,1976574,catherine_g,2025-02-22T06:54:15-06:00,119561,species,supporting,True,False,False,False,119561,True,False
262649724,594929265,0073f356-6337-422c-8621-d7d9e6440db8,2859524,gecko9,2025-02-22T06:54:50+00:00,362610,species,supporting,True,False,False,False,362610,True,False
262649724,594891816,2110427b-99f1-4794-87f1-8eb419dbfbcd,2481352,carranya,2025-02-22T03:12:17+00:00,362610,species,improving,True,True,True,,362610,True,False
260957623,594837838,a37a947f-eec0-4531-a1e7-775cdeb77683,1976574,catherine_g,2025-02-21T17:38:17-06:00,118968,species,supporting,True,False,False,False,118968,True,False
260914912,594835484,255b25e3-426e-4763-b577-bd197892cd56,1976574,catherine_g,2025-02-21T16:29:50-07:00,859117,species,improving,True,False,False,True,52491,True,False
261222749,594824166,b7e93e6b-5f80-4a2a-82d5-398ea6b319c3,1976574,catherine_g,2025-02-21T16:54:36-06:00,963010,complex,supporting,True,False,False,False,963010,True,False
262619671,594812653,2ebef3df-24ac-46fe-b00d-96e4a65728a2,2384020,paddy18,2025-02-22T11:31:06+13:00,338505,species,supporting,True,True,False,False,338505,True,False
262619671,594808789,8debc930-dbb1-45c6-8681-d50766d4ca6b,58307,steve_kerr,2025-02-22T11:22:02+13:00,338505,species,improving,True,False,False,False,70210,True,False
262619671,594807009,656f7fbf-6e35-458f-a236-93c87d135d1a,2384020,paddy18,2025-02-22T11:17:44+13:00,70210,genus,improving,False,True,True,,70210,False,False
262576304,594778478,b9042bb2-6215-429b-99cc-943807f85eca,8254636,muhummedh,2025-02-21T20:51:26+00:00,70405,species,supporting,True,False,False,False,70405,True,False
262576304,594722016,7cd2d25b-ab07-4b52-9ccf-3bab02933539,3917678,peterallenbds,2025-02-21T18:02:50+00:00,70405,species,improving,True,True,True,,70405,True,False
262574994,594718330,20b24ffd-c7c9-43c1-8e38-ebc3050febb3,4711293,paularomano,2025-02-21T17:46:57+00:00,58753,genus,leading,True,True,True,,58753,True,False
262496842,594715672,8176c565-68aa-4cae-9483-3787e6e7c835,1436437,jayantdeshpande,2025-02-21T17:34:56+00:00,61893,family,maverick,False,True,False,False,184884,False,False
262496842,594679843,05622fef-bfb0-4535-abc2-82d9c392b40a,3069707,bdagley,2025-02-21T15:41:46+00:00,61893,family,maverick,False,False,False,True,538237,False,False
262354101,594660811,d247ccc3-3dcd-4b80-a577-498fb725c8ae,6960417,zehra_kybs,2025-02-21T14:46:04+00:00,121991,tribe,supporting,True,True,False,False,121991,True,False
262496842,594581352,fa4ea6af-f40e-4208-bb80-2d86251011f3,1436437,jayantdeshpande,2025-02-21T10:47:21+00:00,538237,species,maverick,False,True,True,,538237,False,False
262463228,594481678,61fd80f5-fed4-4265-8458-bc731454229f,69405,jaguargozandoselva,2025-02-21T01:15:23+00:00,118969,genus,leading,True,True,True,,118969,True,False
262354101,594302380,2856dc85-3b65-4be3-b99b-bd66723d82b9,7179915,sirhck,2025-02-20T14:37:49+00:00,121991,tribe,improving,True,False,False,False,49995,True,False
262354101,594290640,3d9c97b7-c6dc-433c-88e4-e2a51cde265e,6960417,zehra_kybs,2025-02-20T13:42:27+00:00,49995,family,improving,False,True,False,,62455,False,False
262322064,594236439,bfb2e18d-5075-47ad-9026-3500cb1bd310,7179915,sirhck,2025-02-20T08:08:41+00:00,52490,species,supporting,True,False,False,False,52490,True,False
262359156,594235629,fd66cb36-ddb5-4a39-b701-b742a4a97bc3,8798882,gululululu,2025-02-20T08:03:29+00:00,49995,family,leading,True,True,True,,49995,True,False
262354101,594219014,ce73f078-6e1b-46be-a6c2-577a4ddd0d77,6960417,zehra_kybs,2025-02-20T06:19:20+00:00,62455,genus,leading,False,True,False,,62455,False,False
262344969,594193016,346b8b54-a531-4ccb-b149-dbf1da955fe7,1013900,chinaberryhuang,2025-02-20T03:29:38+00:00,186841,subfamily,leading,True,True,True,,186841,True,False
262322064,594136812,3f40e0e2-e791-4941-9c7e-09fa651cd07f,3128977,enrico_giussani,2025-02-19T23:07:23+00:00,52490,species,improving,True,True,True,,52490,True,False
262242678,593930563,20eb8e50-9dc6-4a98-98f5-5964bf5e6fec,3375570,spoleretzky,2025-02-19T02:58:57-05:00,121991,tribe,leading,False,True,False,,121991,False,False
262109393,593736862,2e6f85e2-3f80-4291-9ea7-a5ab0aabf34c,11700,phycus,2025-02-18T22:50:50+01:00,52233,genus,supporting,True,False,False,False,52233,True,False
262144062,593678029,dc1f6483-295e-4c48-9e57-e2c1b9ad5d21,3380195,enricotosto96,2025-02-18T18:48:17+00:00,55265,genus,supporting,True,False,False,False,55265,True,False
262144062,593677812,dce764a2-e0a1-48e1-91b5-cfc29e95265e,7531681,gabiskereski,2025-02-18T18:47:30+00:00,55265,genus,improving,True,True,True,,55265,True,False
262130786,593636284,115bd91e-a1c3-4ca2-b0ed-fa324e7f6f11,8951616,nicole87254,2025-02-18T11:01:34-05:00,910322,species,leading,True,True,False,,910322,False,False
262109393,593569628,8728b07d-de72-4236-ab21-f004641ba8ca,795334,ornisamu,2025-02-18T11:59:21+01:00,52233,genus,improving,True,True,True,,52233,True,False
261984876,593516286,23d0ebeb-d86f-4645-84a9-5c04de34c4ec,1309786,elizabethmorgulis,2025-02-18T06:31:04+00:00,81980,genus,supporting,True,False,False,False,81980,True,False
262043880,593406168,19213299-de90-4ec2-b540-0521d8d6dcf3,8923356,heitor_18,2025-02-17T22:16:20+00:00,322891,genus,leading,True,True,True,,322891,True,False
261999633,593376373,194e455a-2f9d-48fb-911e-4f289481ca29,5521474,chaym_turak,2025-02-17T22:03:32+01:00,52482,species,supporting,True,False,False,False,52482,True,False
261999633,593360190,c42dd169-9e26-47e7-b251-e30417d20b72,7179915,sirhck,2025-02-17T21:03:35+01:00,52482,species,supporting,True,False,False,False,52482,True,False
261999633,593315554,da5d3eb2-8c89-497b-8d41-aaa6c34e2d4c,7463119,kristianoevrum,2025-02-17T19:04:41+01:00,52482,species,improving,True,True,False,,52482,True,False
261984876,593287918,b6005d2e-fc37-42c4-91c2-d9bc698988ff,5521474,chaym_turak,2025-02-17T16:16:50+00:00,81980,genus,supporting,True,False,False,False,81980,True,False
261986070,593275728,0162f2f4-a07c-4fe7-8b22-84f1083c447e,5167516,muddphoto,2025-02-17T15:32:17+00:00,49995,family,leading,True,True,False,,49995,True,False
261984876,593272814,e2cc385c-7bf9-4816-a394-2fa7f1bb8371,7780640,itay_berger,2025-02-17T15:20:45+00:00,81980,genus,improving,True,True,True,,81980,True,False
260877749,593092947,1e4637ff-3024-4aeb-a311-efa857cf62f0,7569479,blue-banded-bee,2025-02-17T00:39:45+00:00,47822,order,supporting,False,True,False,False,47822,False,False
261731522,593024283,bdac0e3f-00ad-4a40-a99b-a5a253b752ac,8606007,ruedi5,2025-02-16T20:51:50+00:00,52482,species,supporting,True,True,False,False,52482,True,False
261754628,592939510,564855ee-5965-4cc0-89fc-9fc8dec4e0cb,5970586,michelcournoyer,2025-02-16T15:47:55+00:00,126532,species,supporting,True,False,False,False,126532,True,False
261818591,592866729,ef6abb4b-64ee-4da3-aa7d-976f3af4be20,7670163,naturalist97663,2025-02-16T09:42:06+00:00,354671,species,supporting,True,True,False,False,354671,True,False
261818591,592864986,2b51dc68-8398-4fc2-b11d-ecdb97343220,8195879,ssttt,2025-02-16T09:30:42+00:00,354671,species,improving,True,False,True,False,354672,True,False
261818591,592848652,4d58ac08-90f0-4dbf-afa9-4c25268700fd,7670163,naturalist97663,2025-02-16T07:50:20+00:00,354672,genus,improving,False,True,True,,354672,False,False
261770522,592725001,941985e1-bc52-45be-941f-4d075ef3fe77,7180679,michaelcnewlon,2025-02-15T15:47:02-06:00,119561,species,improving,True,True,True,,119561,True,False
261731522,592706064,4e8b56a7-c8eb-45dc-b736-74122b2956e4,7179915,sirhck,2025-02-15T20:37:30+00:00,52482,species,supporting,True,False,False,False,52482,True,False
261737148,592704602,26210fe8-b3d6-4739-b989-a67c3f1659a5,7179915,sirhck,2025-02-15T20:32:34+00:00,55719,species,supporting,True,False,False,False,55719,True,False
261754628,592682938,0a37c6c7-a142-4111-be6d-01a1bb561ccb,1044235,leoguy,2025-02-15T19:20:11+00:00,126532,species,improving,True,True,False,,126532,True,False
261606235,592640748,45711ab6-c6d0-48fb-b1fa-a7acaaec84c0,5521474,chaym_turak,2025-02-15T19:37:04+03:00,52482,species,supporting,True,False,False,False,52482,True,False
261731522,592638236,0a547120-0c51-4138-afe0-029371b1aaa5,396990,kostaszontanos,2025-02-15T16:26:38+00:00,52482,species,supporting,True,False,False,False,52482,True,False
261737148,592637996,35827bb4-9b6c-43ac-aee3-79bdf3c597e3,396990,kostaszontanos,2025-02-15T16:25:33+00:00,55719,species,supporting,True,False,False,False,55719,True,False
261737148,592637622,d1a47232-4f22-4d25-b709-cf9b8fd7b941,7381167,urenzal,2025-02-15T16:24:02+00:00,55719,species,improving,True,True,True,,55719,True,False
261731522,592628623,cba2bc78-e27b-4db3-af48-1465a962549e,3565390,matthewvosper,2025-02-15T15:47:07+00:00,52482,species,improving,True,False,False,False,52483,True,False
261731522,592620584,7b20f768-4217-4b24-a765-f98d129a6a94,8606007,ruedi5,2025-02-15T15:17:27+00:00,52483,genus,improving,False,True,True,,52483,False,False
261633501,592367232,c02812c2-8ae7-4fad-bbe8-8cf7f859abbe,8750913,khanuki,2025-02-14T09:42:00-06:00,118968,species,improving,True,True,False,,118968,True,False
261089362,592289124,2c69b88b-47cb-4e28-a964-f775451d5988,222137,reiner,2025-02-14T07:47:32+00:00,362610,species,supporting,True,False,False,False,362610,True,False
261606235,592280524,c5cd3493-531d-48c7-9a98-725a17db1b1d,8362598,greenechen,2025-02-14T09:44:56+03:00,52482,species,improving,True,True,False,,52482,True,False
261580323,592238878,0306be83-ba28-434e-8770-af5e3222b519,8481227,dredshark,2025-02-13T21:19:54-05:00,338310,species,supporting,True,False,False,False,338310,True,False
261580323,592233680,a706a46d-0c2e-445e-b1d4-9d89be66908a,5733359,pburka,2025-02-13T20:54:37-05:00,338310,species,improving,True,True,True,False,118969,True,False
261580323,592232338,489d9258-5e0f-4342-b055-4415456f2f94,5797918,angerwhale,2025-02-13T20:49:17-05:00,118969,genus,supporting,True,False,False,False,118969,False,False
261580323,592214596,f5e3ba20-bbd9-4610-8579-2f00c61d4be9,8481227,dredshark,2025-02-13T19:14:00-05:00,118969,genus,improving,False,False,True,False,49995,False,False
261580323,592209015,da155c07-f6cd-44b0-8858-ec0d88a352cc,5733359,pburka,2025-02-13T18:42:40-05:00,49995,family,improving,False,True,False,,49995,False,False
261543375,592162268,49b66849-96f6-4262-acec-6d4db4682cf0,5521474,chaym_turak,2025-02-13T23:12:33+03:00,52482,species,supporting,True,False,False,False,52482,True,False
261543375,592097036,8f3a8d73-74c2-44cb-a21d-bb44d548e622,94627,amarzee,2025-02-13T18:38:59+03:00,52482,species,improving,True,True,True,,52482,True,False
261429609,591884964,b72fcc7c-4f40-45cf-93f3-55de48c70bf2,396990,kostaszontanos,2025-02-12T20:15:21+00:00,320786,species,improving,True,False,True,False,52491,True,False
261429609,591757716,84beaed4-714d-493c-afea-be4451ab6fa1,2916874,petra0,2025-02-12T10:02:17+00:00,52491,genus,improving,True,True,True,,52491,False,False
261415063,591710735,97dbe542-860d-4395-a611-fa964e120420,3507224,snowdennis,2025-02-11T20:40:11-08:00,341901,genus,improving,True,True,True,,341901,True,False
260828018,591475013,9014a98f-ad51-4cc9-85ec-9270a7358545,67590,wynand_uys,2025-02-11T13:21:50+02:00,475430,genus,supporting,True,False,False,False,121991,True,False
261222749,591438339,bffdd907-c67d-4876-8995-c852e8080e6b,1163777,trinaroberts,2025-02-11T01:22:30-06:00,963010,complex,improving,True,False,False,False,49995,True,False
260877749,591426384,0e8b6c2f-49b5-4a1a-8cf1-a2323e47db6f,1849807,vireyajacquard,2025-02-11T06:00:07+00:00,47822,order,improving,True,False,False,False,48460,False,False
261318262,591416489,fb132393-9357-4deb-9401-56d88f9d8945,8694277,joebu,2025-02-11T05:50:34+01:00,121357,genus,improving,False,True,True,,121357,False,False
261298822,591364843,5bffaee7-651c-4b97-aa84-e48b302598d2,6974781,averyfaeo,2025-02-10T19:32:41-05:00,58753,genus,improving,False,True,False,,58753,False,False
261222749,591137860,6aa0c4cf-8339-46a9-b438-8f2196ff2fbb,1117406,evanaturalist,2025-02-10T00:54:37-06:00,49995,family,improving,True,True,False,,49995,False,False
261197864,591073662,337b34a0-e3b5-4dea-8cae-9f46869f790a,18701,apgarm,2025-02-09T20:47:43-05:00,126889,species,supporting,True,False,False,False,126889,True,False
261197864,591069916,8a579461-717e-4c29-921c-ac38c4f240c8,582522,annebekker,2025-02-09T20:36:01-05:00,126889,species,improving,True,True,False,,126889,True,False
261187447,591059717,373b184e-a159-463d-8326-d0210abeb155,191857,johnklymko,2025-02-09T20:52:58-04:00,81979,species,supporting,True,False,False,False,81979,True,False
261187447,591044884,2f3de742-db54-4d4f-b487-4ac6fbf03159,1044235,leoguy,2025-02-09T19:43:20-04:00,81979,species,improving,True,True,False,,81979,True,False
260877749,590827630,47587f94-bcdf-4a15-b210-55fe9b59c2e0,7569479,blue-banded-bee,2025-02-09T10:27:05+00:00,48460,stateofmatter,supporting,False,True,False,False,48460,False,False
260828018,590821205,a89a5c9c-c303-4a71-b780-07ed09879f5b,5934861,traianbertau,2025-02-09T09:47:36+00:00,475430,genus,improving,True,False,False,True,664706,True,False
261090198,590788642,ca9b22fb-f93a-46aa-9257-20ac3b3f1c75,4552200,ihuangwen,2025-02-09T14:20:59+08:00,121991,tribe,leading,True,True,False,,121991,True,False
261089362,590785857,a9e70a7b-de15-4614-88c1-4f6316a861fa,381881,blackangus,2025-02-09T06:02:41+00:00,362610,species,improving,True,True,True,,362610,True,False
260824086,590671848,e77a2fb3-d3e7-492c-a303-53736c9e5e48,5521474,chaym_turak,2025-02-09T01:00:15+03:00,145540,species,supporting,True,False,False,False,145540,True,False
261023566,590621112,d72f1cf1-dbc1-42a2-8bb9-fb725a0427bf,1602111,crisbolochio,2025-02-08T18:42:15+00:00,58753,genus,improving,True,True,True,,58753,False,False
260973439,590495116,8630a958-658c-4cf8-931b-c53812c13949,5545056,snsso,2025-02-08T18:41:27+11:00,397192,species,supporting,True,False,True,False,397192,True,False
260973439,590489872,00efa338-f612-4e1f-b60b-f25cc5565e1a,7631144,quitechoughed,2025-02-08T18:07:04+11:00,397192,species,improving,True,True,True,,397192,True,False
260957623,590445162,4f6e8c29-16f3-4864-b150-7e775d8dffeb,1964716,dmfraser,2025-02-07T20:40:32-06:00,118968,species,improving,True,True,True,,118968,True,False
260914912,590327426,ae7c3a4a-79ca-4258-9c3a-9ec709d92259,3262040,pollinatorweb,2025-02-07T10:55:07-07:00,52491,genus,maverick,False,True,False,,52491,False,False
260898318,590326233,3fb56c9a-3614-4fda-a80e-e95f975afe0f,7179915,sirhck,2025-02-07T17:50:06+00:00,55719,species,supporting,True,False,False,False,55719,True,False
260898318,590309056,84017345-2ca7-4419-b5c4-88dfe293a59e,1922575,gerrit_oehm,2025-02-07T16:41:55+00:00,55719,species,supporting,True,False,False,False,55719,True,False
260898318,590274666,3cd03f6b-5c83-450e-bd6b-e01b01644899,973249,pluvialis,2025-02-07T14:13:39+00:00,55719,species,improving,True,True,True,,55719,True,False
260868439,590237519,7de0fd9a-60b9-4797-9682-ed29640cded2,382941,lrubio7,2025-02-07T08:03:16-03:00,963555,genus,supporting,True,False,False,False,963555,True,False
260877749,590233233,5fa22095-2b83-4d27-aa1c-09c4cf680f98,8900142,lizard-of-oz,2025-02-07T10:36:10+00:00,48460,stateofmatter,improving,True,False,False,,,False,False
260868439,590180861,cf4c0f48-f4ef-4892-96b8-503ec1efe2ae,550350,dougnaturalist,2025-02-07T00:58:35-03:00,963555,genus,improving,True,True,True,,963555,True,False
260845073,590121468,e34f0ff5-326b-4f45-ac01-5d0c5ea0abbe,1549899,primel,2025-02-06T22:59:59+00:00,49995,family,leading,True,False,False,False,47822,True,False
260845073,590115303,6b40be3d-1ea6-4d50-82ec-ccaebab4779a,2458118,kenializeth,2025-02-06T22:33:59+00:00,47822,order,improving,True,True,False,,47822,False,False
260828018,590067702,3f56484c-c8f3-43fa-9f68-7f000b7ca25e,766506,mikecameron,2025-02-06T21:09:03+02:00,664706,species,maverick,False,True,True,,664706,False,False
260824086,590061484,bf1d2f74-d192-439f-a7f6-b400ae286f2d,7179915,sirhck,2025-02-06T21:40:20+03:00,145540,species,supporting,True,False,False,False,145540,True,False
260824086,590056404,ae488893-d886-40bf-a7e4-ab5d8b03e107,299530,jensbokelaar,2025-02-06T21:16:39+03:00,145540,species,improving,True,True,True,,145540,True,False
260803486,590042725,ca9899d9-a8dc-4056-9aba-dd0165f8b006,2883211,rkl,2025-02-06T17:19:29+00:00,324637,species,supporting,True,False,False,False,324637,True,False
260806226,590003037,c4e79b6d-2638-4709-a94d-77f1c1c348cd,2075560,donnadugan,2025-02-06T14:32:34+00:00,493594,species,leading,True,True,True,,493594,True,False
260803486,589994355,d994b428-83ef-40fd-8cee-97a6b7ea5739,8512427,kieope19,2025-02-06T13:50:57+00:00,324637,species,improving,True,True,True,,324637,True,False
260801320,589987847,6b86cd22-bea6-4cbb-8b9b-91ff9a608849,2468551,csbandi,2025-02-06T18:48:06+05:30,121991,tribe,leading,True,True,True,,121991,True,False
272079774,871430736,1a445ceb-710e-46fa-a460-113d1420cddc,3106727,billdean,2026-08-15T15:47:49+01:00,486733,species,leading,True,False,False,False,133099,True,False
268513810,825820355,af7d3233-d647-4dff-b024-9059667ed268,5185459,patricklm35,2026-06-05T21:19:14+02:00,52488,species,supporting,True,False,False,False,52488,True,False
270924358,815270117,da2965c1-2883-4050-be2c-257a5df11211,7179915,sirhck,2026-05-20T10:20:05+00:00,359895,species,supporting,True,False,False,False,359895,True,False
272645098,793715378,f3af36b0-1b85-4bcf-b7cd-784363563cbb,4899573,deadmau5,2026-04-22T12:34:20+00:00,125658,genus,leading,True,False,False,True,1029443,False,False
273174158,749877030,2d648ba9-5415-4a1b-b04f-27f1dd579284,7179915,sirhck,2026-01-13T12:31:17+00:00,355014,species,supporting,True,False,False,False,355014,True,False
267104740,749702654,17a0490d-4d9d-4c1e-9dd5-07d995bf66a9,3565390,matthewvosper,2026-01-12T23:10:21+00:00,322366,species,leading,True,False,False,False,52489,True,False
268513810,748750912,dc711757-6fbd-4bbf-8a3a-e9e7c3fba23a,3565390,matthewvosper,2026-01-10T16:47:28+01:00,52488,species,improving,True,False,False,False,52489,True,False
271569547,734510807,af828dd8-0cc5-4c3e-880a-ecb47dc2dedd,396990,kostaszontanos,2025-12-05T11:14:34+02:00,55719,species,supporting,True,False,False,False,55719,True,False
267517738,732372270,c10ac9a1-f3ee-43ec-9ba0-139ad48c0a67,915588,scoutingforplants,2025-11-29T17:43:26-05:00,126532,species,supporting,True,False,False,False,126532,True,False
271569547,730744411,245a95b0-0a04-4491-964f-21f647a34749,3565390,matthewvosper,2025-11-25T23:55:13+02:00,55719,species,improving,True,False,False,False,52491,True,False
271668984,722229466,58517407-3f78-4f17-99bb-37dc477cd21e,3565390,matthewvosper,2025-11-05T11:20:59+00:00,61851,species,supporting,True,False,False,False,61851,True,False
267044097,715250504,39d607be-a7c3-49e9-9afe-eeb99374e824,4472993,jballam,2025-10-21T08:34:21+01:00,486755,species,supporting,True,False,False,False,486755,True,False
266030360,711509546,b5974ea5-3540-41aa-a849-1ff2f161b078,9417113,alansch0,2025-10-12T18:54:12-07:00,118968,species,supporting,True,False,False,False,118968,True,False
272645098,709698052,ff3cb371-e3b8-423b-a2cd-88c89e79e181,5523157,wasplover,2025-10-09T02:35:06+00:00,1029443,genus,leading,True,False,False,False,49995,False,False
272645098,709697703,f0e2c173-e761-465f-84a9-5fe3cf21adbb,5523157,wasplover,2025-10-09T02:33:54+00:00,49995,family,improving,False,False,True,False,47822,False,False
266886872,698237924,cac5eb24-3749-44ff-a0bf-aee834fafa1f,7180655,noammorad,2025-09-15T22:46:59+03:00,55719,species,supporting,True,False,False,False,55719,True,False
267044097,696888116,3d56fd0a-8076-468f-b458-114337e8d017,3565390,matthewvosper,2025-09-13T11:30:46+01:00,486755,species,improving,True,False,False,False,124483,True,False
266852886,696497639,59e3e655-9960-4680-96fc-ea96f014ac3f,2663055,b_louboutin,2025-09-12T16:50:06+02:00,564955,species,supporting,True,False,False,False,564955,True,False
269646915,687499279,ac115f03-a03f-45cb-bfc1-aeeb1812a815,3565390,matthewvosper,2025-08-25T20:42:10+00:00,70406,genus,improving,True,False,False,True,70405,True,False
270209310,679015667,b2d42ade-2649-4ffb-b872-07f06e4eccd1,9093745,darya23097,2025-08-09T17:00:33+00:00,346004,genus,leading,True,True,False,,346004,True,False
272645098,661399550,7d0a914b-fb28-4ef2-8ecd-6cd02b424bd4,1858505,lrussoutk,2025-07-08T01:53:02+00:00,47822,order,improving,True,False,False,,,False,False
270170932,637463067,dcd4f3d8-1ab1-4aff-8b22-74c0c70aed52,3565390,matthewvosper,2025-05-24T20:46:23+00:00,52489,genus,supporting,True,False,False,False,52489,True,False
272092983,633444928,3858a0d7-e77f-4439-b70a-5d30b12e3383,3029117,liamsteele,2025-05-17T06:38:09-07:00,324344,species,supporting,True,True,False,False,324344,True,False
272092983,633293128,ee38f67b-9c6c-4776-a9f1-2dc4c8987065,1163777,trinaroberts,2025-05-16T22:03:29-07:00,324344,species,improving,True,False,False,False,49995,True,False
272079774,630634372,9c67fee8-2d74-4f77-8cea-f8846d7dd8b2,1163777,trinaroberts,2025-05-12T07:38:00+01:00,133099,genus,improving,True,False,False,False,121991,False,False
272170459,630631963,be01a3c5-396a-4da6-98de-68151752d8a5,1163777,trinaroberts,2025-05-11T23:29:16-07:00,491845,species,supporting,True,False,False,False,491845,True,False
268997088,629357455,d1baa048-1faa-45b9-9344-fa4808838c24,8204969,adam_leigh_,2025-05-09T21:36:54+01:00,52489,genus,supporting,True,False,False,False,52489,True,False
270170932,628831615,d39bc0e1-5da5-4ed4-8e70-0323ec4bb5a6,8204969,adam_leigh_,2025-05-08T19:03:38+00:00,52489,genus,improving,True,False,False,False,49995,True,False
273221394,618251252,c34493a9-7512-4d32-b2f5-aa4504306b42,2883211,rkl,2025-04-25T18:57:41+01:00,52486,species,supporting,True,False,False,False,52486,True,False
273221394,618203869,e5142340-20dd-40a0-8e92-70803555c427,5455567,atalanta20,2025-04-25T18:02:51+01:00,52486,species,improving,True,True,False,,52486,True,False
273174158,618142289,598fba0c-a932-4f45-a22f-bddce292a639,5185459,patricklm35,2025-04-25T15:50:50+00:00,355014,species,improving,True,True,True,,355014,True,False
272844652,617726280,62dad4bf-9ff4-4301-b665-ba0e1ff1dcdb,349183,joemdo,2025-04-24T19:25:35-07:00,329983,species,supporting,True,False,False,False,329983,True,False
272844652,617710188,e8247b21-2a2d-4fbf-928c-6eeab63fbf4e,6869289,almansa,2025-04-24T18:47:34-07:00,329983,species,improving,True,True,True,,329983,True,False
272820365,617671870,6ddb07fe-5a9e-4408-af79-9c28ddc32c67,1976574,catherine_g,2025-04-24T19:09:43-05:00,326908,species,supporting,True,False,False,False,326908,True,False
272820365,617667330,17a123c5-8e43-495c-b139-9a6ec019f2a1,1059514,dhcox57,2025-04-24T18:57:23-05:00,326908,species,improving,True,True,True,,326908,True,False
271551404,617419146,d2f29370-7ac6-4c2e-9c2d-152cfbaf037d,995945,dorothydesigns,2025-04-24T07:24:40-07:00,322357,species,supporting,True,True,False,False,322357,True,False
271551404,617288773,9fd185bc-1ef7-4034-b8f2-a6a4eef8c52f,1163777,trinaroberts,2025-04-23T23:36:59-07:00,322357,species,supporting,True,False,False,False,322357,True,False
271551404,617170459,8a432ae7-4d7f-4183-972c-407b70e7c655,1976574,catherine_g,2025-04-23T17:17:59-07:00,322357,species,improving,True,False,False,False,62455,True,False
272436293,616945503,37bfe50c-68b1-46f9-92ac-5e21b351e56c,2883211,rkl,2025-04-23T15:46:35+01:00,70405,species,supporting,True,False,False,False,70405,True,False
272436293,616919613,1a1c538c-5af6-4c03-9df2-49905a490d70,4472993,jballam,2025-04-23T14:43:04+01:00,70405,species,improving,True,True,True,,70405,True,False
272170459,616350936,1f2b7f7f-1dfc-4389-9a95-f8c966dbdd36,1980298,lantinantoine,2025-04-22T03:52:14-07:00,491845,species,improving,True,True,False,,491845,True,False
271099846,616254619,ec326538-06b3-4ede-a55c-f9ae49b9df20,1976574,catherine_g,2025-04-21T23:00:54-05:00,126532,species,supporting,True,False,False,False,126532,True,False
272092983,616173358,c6dd4192-5ebb-4499-902f-d22eefa6d7b7,3029117,liamsteele,2025-04-21T17:03:07-07:00,49995,family,improving,False,True,False,,49995,False,False
272079774,616146953,77538658-42f6-4c7a-b0eb-532527941404,2450426,mo-no,2025-04-21T23:44:53+01:00,121991,tribe,improving,True,True,True,,121991,False,False
272011885,616016708,0cc98ad5-8f85-4d3a-a70e-3bb9afdf1f57,28,tiwane,2025-04-21T17:31:03+00:00,52161,genus,leading,True,True,True,,52161,True,False
271891247,615771621,79e83d47-2c8c-4038-ac43-9566f8d1ab9f,1976574,catherine_g,2025-04-20T23:29:39-05:00,126889,species,supporting,True,False,False,False,126889,True,False
271891247,615767194,879fd439-031c-4483-9eb3-bea5e045bb45,1117406,evanaturalist,2025-04-20T23:14:07-05:00,126889,species,improving,True,True,True,,126889,True,False
271794188,615661694,2d2eae46-3320-4cc4-9a4e-646cf7f388e5,8022317,merestoo,2025-04-20T23:22:40+00:00,145436,species,supporting,True,False,False,False,145436,True,False
271794188,615618033,d08ed868-4a12-4d5c-b045-58e48f0b4e9b,1976574,catherine_g,2025-04-20T21:38:16+00:00,145436,species,supporting,True,False,False,False,145436,True,False
271794188,615580708,cd42434e-cfa0-402d-90b8-5780033cb57a,2122807,snowmie700,2025-04-20T20:16:40+00:00,145436,species,improving,True,True,True,,145436,True,False
271668984,615353307,9828cecc-348f-4507-88c4-adcbafc3c24c,4092969,jennrose,2025-04-20T11:01:59+00:00,61851,species,improving,True,True,True,,61851,True,False
271569547,615155891,901dddfb-44ae-4dfc-83bb-946298aaddec,3473153,afonsopetr0,2025-04-20T02:02:57+03:00,52491,genus,improving,True,True,True,,52491,False,False
271559312,615136733,7246169e-9933-4877-8d58-5378d8c11946,6869289,almansa,2025-04-19T15:11:15-07:00,910322,species,leading,True,True,True,,910322,True,False
271551404,615121661,bf0de7b5-cfee-405f-adfe-b71c5d093060,995945,dorothydesigns,2025-04-19T14:34:50-07:00,62455,genus,improving,False,True,True,,62455,False,False
271444756,614935190,639e83be-b499-4b1f-9743-8d390aab2c2b,2741410,eliegaget,2025-04-19T14:29:12+00:00,334407,species,leading,True,True,True,,334407,True,False
270273125,614273844,998e8cdc-1a80-4e9f-a813-f79a98ccf2a7,5521474,chaym_turak,2025-04-18T03:14:23+03:00,52482,species,supporting,True,False,False,False,52482,True,False
271099846,614242999,bd21ad71-7d4a-43dc-b6c5-4c1d8465f534,1044235,leoguy,2025-04-17T17:29:04-05:00,126532,species,improving,True,True,False,,126532,True,False
270924358,613876152,70776d02-fd9d-4f9a-9863-aebf5dbb7ad9,6834136,kanapol99,2025-04-17T00:32:35+00:00,359895,species,improving,True,True,True,,359895,True,False
270471914,613687092,f634092b-3314-4bd1-ad68-cc80eb255785,8454191,teddydolstra,2025-04-16T15:15:30+00:00,61851,species,supporting,True,True,False,False,518212,True,False
270702443,613417449,effcbdfc-8391-439b-85b8-011321b1d92a,1976574,catherine_g,2025-04-15T16:53:35-05:00,126532,species,supporting,True,False,False,False,126532,True,False
270702443,613405696,a5e28cb9-8b3e-4729-8cc9-41bd44cac837,5955908,restodrood,2025-04-15T16:17:53-05:00,126532,species,improving,True,True,True,,126532,True,False
270471914,613130938,79ed5ed2-b9c8-4be9-94d3-24c1a432f062,396990,kostaszontanos,2025-04-15T06:00:45+00:00,61851,species,improving,True,False,False,True,52490,True,False
270491929,613002059,52db122b-4358-4e64-9af0-547d88f3f551,1976574,catherine_g,2025-04-14T22:07:15+00:00,194786,species,supporting,True,False,False,False,194786,True,False
270512811,612998448,9dd55f69-1bfb-4214-add2-558d230a2bf7,382941,lrubio7,2025-04-14T18:55:31-03:00,118969,genus,leading,True,False,False,False,121991,True,False
270512811,612996922,bfb22539-4ef4-495b-bd32-4de6ac291d26,9132665,fermin52705,2025-04-14T18:51:07-03:00,121991,tribe,improving,True,True,True,,121991,False,False
270491929,612957041,072c4d42-31e7-4eab-b548-c86d6a096c48,14060,carol-in-maine,2025-04-14T20:06:47+00:00,194786,species,improving,True,True,True,,194787,True,False
270491929,612954363,1c32f7e8-8f9a-4cdf-8010-0baec09d88db,14060,carol-in-maine,2025-04-14T15:00:30-05:00,194787,genus,improving,False,True,False,,194787,False,False
270471914,612912345,c09d108c-e1b6-41c6-b3dc-b74f6fcbd8a4,8454191,teddydolstra,2025-04-14T18:16:05+00:00,52490,species,maverick,False,True,True,,52490,False,False
269583701,612570397,55d267b3-b12a-490d-89d7-6358cea797cb,8529011,bigmancahill,2025-04-14T00:13:27+01:00,342901,species,supporting,True,False,False,False,342901,True,False
270273125,612518405,0038e37b-d98d-4500-be77-564e8a554358,7179915,sirhck,2025-04-14T00:01:27+03:00,52482,species,supporting,True,False,False,False,52482,True,False
270273125,612507164,7b58d0ab-5a88-41c5-bb50-ad11bff860c2,396990,kostaszontanos,2025-04-13T23:33:45+03:00,52482,species,improving,True,False,False,False,52483,True,False
270273125,612507093,4310fe0f-f1e7-40f7-9fcb-debafc23f9f7,396990,kostaszontanos,2025-04-13T23:33:31+03:00,52483,genus,supporting,False,False,False,False,52483,False,False
270273125,612497575,7c407302-958e-4541-b74e-de6585f7a76e,137919,sofia-b,2025-04-13T23:11:19+03:00,52483,genus,improving,True,True,True,,52483,False,False
270250738,612453378,0bd348ff-5748-4ae8-807e-658f7a8afd4e,8247410,hfleck995,2025-04-13T13:34:23-05:00,119561,species,leading,True,True,False,,119561,True,False
270170932,612294960,eb70afa9-7fe0-41c1-87ff-5d49bbbc5cb8,481431,megakylie,2025-04-13T11:51:29+00:00,49995,family,improving,True,True,False,,49995,False,False
270138344,612232459,740db34d-7b71-48a0-adac-c190b9b5fc77,396990,kostaszontanos,2025-04-13T10:21:52+03:00,52482,species,supporting,True,False,False,False,52482,True,False
270138344,612232292,0be9931c-4095-43d7-bd90-7ad10be0d9c2,2741410,eliegaget,2025-04-13T10:20:59+03:00,52482,species,improving,True,True,False,,52482,True,False
270051334,612192392,5504941c-34a6-4392-8009-808d14bacaab,11700,phycus,2025-04-12T21:22:47-07:00,70211,species,supporting,True,False,False,False,70211,True,False
270051334,612051575,18607224-51ec-47c6-a83e-1aa131329916,6402003,tastyrna,2025-04-12T13:43:39-07:00,70211,species,improving,True,True,True,,70211,True,False
269815314,611605515,1f7a703f-041f-4da3-9dfa-d900f560ea09,7179915,sirhck,2025-04-11T18:19:33+00:00,52490,species,supporting,True,False,False,False,52490,True,False
269815314,611580570,f79bea5a-f514-481e-b568-3f0aaaf637e6,1125847,jerry2018,2025-04-11T17:05:34+00:00,52490,species,improving,True,True,True,,52490,True,False
269646915,611186009,96cb6c81-aede-4cf6-a93f-07d5df6f952b,7056940,squirrel1,2025-04-10T17:40:42+00:00,70405,species,leading,True,True,True,,70405,False,False
269583701,611056158,f5e5d7b0-7fef-4335-a022-19110be64e44,8492342,marcinpisula,2025-04-10T11:03:26+01:00,342901,species,improving,True,True,True,,342901,True,False
269470733,610828143,38c3920a-1524-4913-902c-a2e42cc520c0,7179915,sirhck,2025-04-09T16:40:10+00:00,52482,species,supporting,True,False,False,False,52482,True,False
269470733,610817585,9cd10dd6-25aa-4f59-ab4a-3b1bbed9899f,3104863,jesshov,2025-04-09T16:03:56+00:00,52482,species,improving,True,True,True,,52482,True,False
269436894,610791349,c0a7a843-f94d-4328-86b2-72864bcaef92,7179915,sirhck,2025-04-09T14:39:05+00:00,52486,species,supporting,True,False,False,False,52486,True,False
269436894,610743288,6382926a-259d-49ad-bb71-2e28bea8face,4472993,jballam,2025-04-09T11:27:11+00:00,52486,species,improving,True,True,True,,52486,True,False
269425258,610716339,286b9b68-35d7-4e7d-a439-1f746bb77ea8,6355090,heichuan_,2025-04-09T09:13:57+00:00,69190,species,leading,True,True,True,,69190,True,False
269318319,610492283,59e7e274-afdc-4817-a59b-3e59ca05d270,7179915,sirhck,2025-04-08T18:25:43+00:00,70211,species,supporting,True,False,False,False,70211,True,False
269318319,610483018,0648aa44-e29a-4d60-8288-55275d463167,2883211,rkl,2025-04-08T17:57:56+00:00,70211,species,supporting,True,False,False,False,70211,True,False
269318319,610478348,1195da7b-2a5a-4f09-9104-038165f1d028,8204969,adam_leigh_,2025-04-08T17:42:09+00:00,70211,species,improving,True,True,False,,70211,True,False
268697523,610295130,10ab0825-fe6d-4187-94a3-2ea8b9017dd8,396990,kostaszontanos,2025-04-08T08:00:24+03:00,61847,species,supporting,True,False,False,False,61847,True,False
268439979,610205063,681cb346-22f7-4349-97e2-1b7529486ad3,8225839,tendingmygarden,2025-04-07T23:12:49+00:00,58753,genus,supporting,True,True,False,False,58753,True,False
269078203,610099092,0353f41a-9378-4ca8-8256-868a76b6d6a4,8838566,jhday,2025-04-07T17:51:47+00:00,322357,species,supporting,True,True,False,False,121991,True,False
268997088,610077617,2436a75e-1550-4c6d-929e-fe2671e478d5,6654846,sandwich31,2025-04-07T17:48:35+01:00,52489,genus,supporting,True,True,False,False,52489,True,False
269078203,610004202,453b52a4-5fea-4f70-9621-3b1fcd938a77,1976574,catherine_g,2025-04-07T13:00:31+00:00,322357,species,improving,True,False,False,True,428810,True,False
268997088,609933412,e72c62bc-6fee-4c9b-b749-01f4d56bea85,2883211,rkl,2025-04-07T08:12:40+01:00,52489,genus,improving,True,False,False,True,322366,True,False
269078203,609912708,c134c71f-c518-40f4-a7f7-81092ca16423,8838566,jhday,2025-04-07T05:34:15+00:00,428810,species,maverick,False,True,True,,428810,False,False
268991533,609842519,2baabc65-15ec-43b9-9ebe-1706b4f9043a,4058142,christopherbentley04,2025-04-07T01:04:39+00:00,329984,species,supporting,True,False,False,False,329984,True,False
268439979,609818349,f26edcba-1b07-4024-aa22-24ae31b4557b,1976574,catherine_g,2025-04-06T23:50:42+00:00,58753,genus,improving,True,False,False,True,146632,True,False
268991533,609759295,2b3981ce-bcec-4de8-a861-e21b9a257489,1976574,catherine_g,2025-04-06T20:49:06+00:00,329984,species,supporting,True,False,False,False,329984,True,False
268997088,609739210,367f8b17-a72f-467f-86e6-239c31ee05d0,6654846,sandwich31,2025-04-06T21:01:03+01:00,322366,species,leading,False,True,True,,322366,False,False
268991533,609728329,8b74bd31-e262-407b-82e2-319a02210f03,2613625,jankolk,2025-04-06T19:34:41+00:00,329984,species,improving,True,True,True,,329984,True,False
266886872,609356200,c887ef59-2373-4fa1-83ea-bd2e8db0983b,5521474,chaym_turak,2025-04-06T00:57:57+03:00,55719,species,improving,True,False,True,False,52491,True,False
268761534,609255525,d6c83ac8-5436-465a-b1f9-c55a98263912,2883211,rkl,2025-04-05T18:41:47+01:00,52490,species,supporting,True,False,False,False,52490,True,False
268761534,609247827,98a186ac-39b1-419d-893f-06db8ebd80d9,5021598,yewshey,2025-04-05T18:24:40+01:00,52490,species,improving,True,True,True,,52490,True,False
268703560,609123873,0863250a-7f77-4b3b-a4e8-1b20ab4f0d81,5083981,coleoreteh,2025-04-05T11:24:51+00:00,70406,genus,leading,True,True,False,,70406,True,False
268697523,609114268,b2183a89-b6bb-41a6-b664-57a3964301f3,7179915,sirhck,2025-04-05T13:30:27+03:00,61847,species,improving,True,False,True,False,52491,True,False
268697523,609112848,eab44822-5251-4cfa-8483-e25247cc7f03,419068,theworldofpaolo,2025-04-05T13:22:36+03:00,52491,genus,improving,True,True,True,,52491,False,False
268630035,609036795,2c24adb4-8518-4f99-a5df-8fb649e514b1,1976574,catherine_g,2025-04-04T22:38:45-05:00,179752,species,supporting,True,False,False,False,179752,True,False
268630035,608960326,6ad99099-6643-4708-8341-8a6d3c7265aa,1151756,proullard,2025-04-04T17:54:55-05:00,179752,species,improving,True,True,True,,179752,True,False
267679429,608872737,dcc5d4dd-5cd0-4387-bfbb-3e6c803a441c,11700,phycus,2025-04-04T11:12:08-07:00,486883,species,supporting,True,False,False,False,486883,True,False
268549308,608797363,0c801c2e-7fe3-40e6-8f08-bfa3ef92e6cb,1076217,caracalshan,2025-04-04T16:22:36+02:00,486753,species,leading,True,True,False,,486753,True,False
268513810,608718090,cac50d34-28e5-4f84-a6df-2c1c7c7d5534,7946198,hayemarie,2025-04-04T10:31:09+02:00,52489,genus,improving,True,True,True,,52489,False,False
267364044,608710304,e1f6cc03-b6be-4e4a-bd62-d7b774926d0d,5521474,chaym_turak,2025-04-04T10:41:57+03:00,52482,species,supporting,True,False,False,False,52482,True,False
267224988,608662288,77ce6ea4-277c-465e-817e-1a647366e703,1976574,catherine_g,2025-04-03T22:33:39-05:00,563565,species,leading,True,False,False,False,128846,True,False
268439979,608549062,6ad03322-de20-4be2-9699-6bfb4dc66bf9,8225839,tendingmygarden,2025-04-03T20:36:36+00:00,146632,species,leading,False,True,True,,146632,False,False
268396718,608475154,6081a4c7-400b-4f5f-bed5-38b625e92411,7179915,sirhck,2025-04-03T18:51:41+02:00,447104,species,supporting,True,False,False,False,447104,True,False
268384596,608475152,a3e3f8db-fe5b-4ff1-b3b5-d602ed01c615,1976574,catherine_g,2025-04-03T11:51:41-05:00,121991,tribe,supporting,True,False,False,False,121991,True,False
268396718,608455629,610c4234-df4e-48ed-b2ad-bb14517a6785,699971,hermanberteler,2025-04-03T17:49:51+02:00,447104,species,improving,True,True,False,,447104,True,False
268384596,608431767,2394b84e-101f-4ce0-a429-1ca4cbb8ff76,43807,keimwj,2025-04-03T09:28:42-05:00,121991,tribe,improving,True,True,False,,121991,True,False
267384667,608389245,b6a1a57a-294a-4c54-b203-4ccce58ff5ec,9087968,ndorchin,2025-04-03T14:45:48+03:00,520017,tribe,supporting,True,False,False,False,520017,True,False
268275121,608185410,0c4da438-6aad-4847-8669-5e795a639722,1728029,laneely,2025-04-02T20:17:20+00:00,361290,species,leading,True,True,True,,361290,True,False
267882296,608058447,1e6c5e31-c0a6-4c2f-b238-83e7b8219b7a,1200544,brunoornitologia,2025-04-02T10:15:25-03:00,128846,genus,supporting,True,True,False,False,128846,True,False
267882296,607700099,eea9a652-a18b-444b-b0a9-884427213349,3380195,enricotosto96,2025-04-01T10:23:31-03:00,128846,genus,improving,True,False,False,False,49995,True,False
267800034,607661461,eb414886-fb97-43fb-b771-eb948b913edf,7179915,sirhck,2025-04-01T10:26:09+00:00,488425,tribe,leading,True,False,False,True,52491,False,False
267686079,607601386,c1746162-7e2d-41aa-973e-a2edaaf8ca36,396990,kostaszontanos,2025-04-01T07:59:33+03:00,52490,species,supporting,True,False,False,False,52490,True,False
267941539,607434301,38677e79-c14b-48d3-89a5-6f9aca413e12,5454050,frandecordoba,2025-03-31T18:37:10+00:00,324638,genus,leading,True,True,True,,324638,True,False
267926948,607420944,8fdaf12a-be8b-4821-9531-897b0699637a,2883211,rkl,2025-03-31T18:53:57+01:00,486753,species,supporting,True,False,False,False,486753,True,False
267923976,607419361,dd381ef2-c441-4510-b22b-a2972001dbed,8180686,craigscribbles,2025-03-31T18:48:58+01:00,52490,species,supporting,True,True,False,False,52491,True,False
267923976,607409342,ae61a2d1-6bd8-4fd5-b8ba-9e85b2ed5fb8,7179915,sirhck,2025-03-31T18:19:41+01:00,52490,species,improving,True,False,True,True,55719,True,False
267926948,607403543,e6b7d704-de8b-4779-956a-a7967ada3fd0,6189973,mothdragon,2025-03-31T18:01:28+01:00,486753,species,improving,True,True,True,,486753,True,False
267923976,607397098,bb49d469-3574-47db-9c20-6d62f0cfd6ff,8180686,craigscribbles,2025-03-31T17:42:44+01:00,55719,species,maverick,False,True,True,,55719,False,False
267878796,607344521,c063a1a7-318d-4f3a-a2b5-7aa93312c234,8855956,glume,2025-04-01T00:58:14+11:00,55719,species,supporting,True,False,False,False,55719,True,False
267882296,607313710,e7bcf407-729f-416c-9e0e-f80290b0e509,3919397,daniel_schelesky,2025-03-31T08:59:03-03:00,49995,family,improving,True,False,False,False,47822,False,False
267882296,607307155,c3dc875f-48c9-4018-80f3-63a81b56e25e,1200544,brunoornitologia,2025-03-31T08:31:00-03:00,47822,order,improving,False,True,False,,47822,False,False
267878796,607298866,83aab96c-cc47-4024-b1e0-e8f63e16621f,317165,lazza,2025-03-31T21:46:10+11:00,55719,species,improving,True,True,True,,55719,True,False
267384667,607285080,22158570-767a-4aab-ba16-375f89548849,1309786,elizabethmorgulis,2025-03-31T12:40:25+03:00,520017,tribe,improving,True,False,False,False,326181,True,False
267800034,607118410,98902b2a-5294-4bd7-bafb-18a4dc2ee5e7,7871381,borjitaaa,2025-03-30T22:22:14+00:00,52491,genus,leading,True,True,True,,52491,False,False
267686079,606820742,e3a3bee3-789a-435b-83c3-45f6602401af,5773566,a_delaere,2025-03-30T15:01:16+03:00,52490,species,improving,True,True,True,,52490,True,False
267679429,606806414,0b6a5e0f-1346-4b4f-8bae-29f7066869d9,4884282,wochenendwanderer,2025-03-30T03:59:36-07:00,486883,species,improving,True,True,True,,486883,True,False
267580891,606620615,eecb61b9-8852-4d6c-996a-be90f80cd919,58307,steve_kerr,2025-03-30T11:09:40+13:00,380279,species,supporting,True,False,False,False,380279,True,False
267580891,606590706,6c00a481-5a57-48c0-8a27-2ae58e9073e4,1115,jon_sullivan,2025-03-30T09:42:19+13:00,380279,species,improving,True,True,True,,380279,True,False
267407165,606568504,1aee66d0-6729-4917-9b46-bb17969ad06f,1976574,catherine_g,2025-03-29T14:40:00-05:00,322357,species,leading,True,False,False,False,49995,True,False
267384667,606531972,ac83fc00-0887-4d76-a14f-7ef5055e1337,5521474,chaym_turak,2025-03-29T20:58:35+03:00,326181,subfamily,improving,True,False,False,False,47822,False,False
267517738,606481974,fc470eee-2ab4-44a6-9f87-22eb305d5d31,1976574,catherine_g,2025-03-29T11:34:47-04:00,126532,species,improving,True,False,False,False,58753,True,False
267517738,606473970,34426b82-96ac-43a3-a2c8-928b328aecdb,406827,kommissar,2025-03-29T11:13:10-04:00,58753,genus,improving,True,True,True,,58753,False,False
267456251,606351538,62460b6b-1e67-4b0e-a177-a2dc859b2e1a,11700,phycus,2025-03-28T22:08:25-07:00,425250,species,supporting,True,False,False,False,425250,True,False
267456251,606342742,1fb3fad6-d571-41e3-80fe-ccfc0f10b296,6140668,krmenzel,2025-03-28T21:18:06-07:00,425250,species,improving,True,True,True,,425250,True,False
267407165,606331178,e31d919c-4bcf-4dbf-bf9f-dbb7664114d5,2538017,hmheinz,2025-03-28T22:26:11-05:00,49995,family,improving,True,False,True,,,False,False
267431504,606284714,a2c506e6-79c5-453d-9fd0-22c67f26cc45,5167516,muddphoto,2025-03-29T00:12:32+00:00,58753,genus,leading,True,True,True,,58753,True,False
267364044,606204293,f62f502e-45a2-4b90-b887-fa27b5c57e93,396990,kostaszontanos,2025-03-28T22:37:06+03:00,52482,species,supporting,True,False,False,False,52482,True,False
267364044,606198621,0b175e0b-b7e9-4235-86f6-80613c156b6b,5920757,co7,2025-03-28T22:17:20+03:00,52482,species,improving,True,False,True,False,52483,True,False
267384667,606187480,30dff91e-430b-4249-8319-b8ed1093f55e,9047305,yona2014,2025-03-28T21:39:24+03:00,47822,order,improving,True,True,False,,47822,False,False
267364044,606146997,368a3738-0b48-42c2-9e06-a077537157b1,5477026,wolflutz,2025-03-28T19:25:52+03:00,52483,genus,improving,False,True,True,,52483,False,False
267247085,605877873,6f5e04b2-ee89-4ba3-b0aa-bdebde6f72c8,6402003,tastyrna,2025-03-27T20:23:47+00:00,326181,subfamily,leading,True,True,True,,326181,True,False
267222551,605860482,5c68f7ef-268a-4823-a3af-ead196704d31,396990,kostaszontanos,2025-03-27T21:22:34+02:00,52490,species,supporting,True,False,False,False,52490,True,False
267222551,605850989,fa5d377a-bfc7-44b6-8de0-77768b064cfe,7179915,sirhck,2025-03-27T20:48:38+02:00,52490,species,improving,True,False,True,False,52491,True,False
267224988,605831517,14f9be8d-017f-4035-b7ee-69b153d81ccd,4925499,miguel1958,2025-03-27T12:41:14-05:00,128846,genus,improving,True,True,False,,128846,False,False
267222551,605826475,a1410ebb-fddb-4975-ae86-d0059ef48f22,419068,theworldofpaolo,2025-03-27T19:24:23+02:00,52491,genus,improving,True,True,True,,52491,False,False
267182059,605736440,4b4353e0-7e56-411b-a1b2-2134f786ee76,5445972,adefouchier,2025-03-27T11:56:12+00:00,62455,genus,leading,True,True,True,,62455,True,False
267142320,605641982,2bc2254a-84ab-44ee-9fbe-5f6ed5649d3a,1976574,catherine_g,2025-03-26T21:43:36-05:00,424821,species,supporting,True,False,False,False,424821,True,False
267142320,605637833,44bef3af-7bf5-46a7-ba39-ab8edcdbbc92,1464136,jimjulius,2025-03-26T21:24:51-05:00,424821,species,improving,True,True,False,,424821,True,False
267139031,605632061,15bb5d41-d91d-4102-b16a-563d540d7669,1976574,catherine_g,2025-03-26T21:02:10-05:00,740096,species,supporting,True,False,False,False,740096,True,False
267139031,605629426,f69c52e6-ebf8-40e3-8362-c29e835a00c9,1464136,jimjulius,2025-03-26T20:50:37-05:00,740096,species,improving,True,True,True,,740096,True,False
267127713,605603146,38b7d09e-8694-499b-a6a4-38e19c78b18b,1059514,dhcox57,2025-03-27T00:01:31+00:00,121991,tribe,leading,True,True,True,,121991,True,False
267104740,605555132,43a48503-e0e6-4d14-a485-54eb2d0d19f5,7772938,cyrielle_leroy,2025-03-26T21:02:48+00:00,52489,genus,improving,True,True,True,,52489,False,False
267044097,605536153,0b785814-9ae4-4807-a26a-0f57e18374c6,3097997,bitsnbirds,2025-03-26T20:04:49+00:00,124483,genus,improving,True,False,False,False,184884,False,False
266958341,605490914,d1f2cce5-36a3-485e-8899-81b1e3753b1b,5521474,chaym_turak,2025-03-26T20:35:21+03:00,52482,species,supporting,True,False,False,False,52482,True,False
267044097,605423372,0348dc21-c03f-4ca9-a3f1-57a666e23de3,6630448,clare241,2025-03-26T13:32:20+00:00,184884,subclass,improving,True,True,False,,184884,False,False
266949103,605369811,58106f23-069c-4692-a088-2bdc190f6ca8,2883211,rkl,2025-03-26T09:09:25+00:00,52490,species,supporting,True,False,False,False,518212,True,False
266949103,605367744,d985b691-36bc-4899-b05e-163c04701cd6,1853409,ophrys,2025-03-26T08:57:17+00:00,52490,species,supporting,True,False,False,False,518212,True,False
266998022,605321781,7651978e-6b9d-4aac-8b1f-6ea44b6d857e,1976574,catherine_g,2025-03-25T23:12:57-05:00,428810,species,leading,True,False,False,False,121991,True,False
266998022,605305575,1392a7c9-a3ff-447d-8c06-8341494a23ce,5952131,hcsc97,2025-03-25T21:53:18-05:00,121991,tribe,improving,True,True,False,,121991,False,False
266958341,605230957,f094936b-e789-49ed-83ba-39ee3747aac9,7179915,sirhck,2025-03-26T01:09:18+03:00,52482,species,supporting,True,False,False,False,52482,True,False
266958341,605219864,eccd4cb6-2793-452b-b8e2-14c3c335a90a,7413432,diegodgd,2025-03-26T00:30:17+03:00,52482,species,improving,True,True,True,,52482,True,False
266949103,605213330,6a4ed91b-1a11-4e93-863d-0f7a06be8235,7179915,sirhck,2025-03-25T21:06:50+00:00,52490,species,improving,True,False,True,True,451464,True,False
266949103,605201555,ba081b75-c7ce-4ac5-9f30-8764b5224b1c,4472993,jballam,2025-03-25T20:24:22+00:00,451464,species,maverick,True,True,False,,451464,False,False
266583264,605199972,bc189f2f-369c-4b5f-bfce-57549bf66eb2,528996,kevin_cheng,2025-03-25T20:18:48+00:00,118969,genus,leading,True,False,False,True,52965,False,False
266915638,605151693,848fa8a1-855a-4444-a13e-8b62a218a991,396990,kostaszontanos,2025-03-25T19:24:06+02:00,154762,species,supporting,True,False,False,False,154762,True,False
266915638,605133046,c8e98185-2ee8-4095-86b7-947524bc084f,698561,danilougrnov,2025-03-25T18:18:28+02:00,154762,species,improving,True,True,True,,154762,True,False
266886872,605065088,21b6f28d-f366-4c2d-b7ae-ad8fc6b36558,9026791,greenstep_kian,2025-03-25T13:49:26+02:00,52491,genus,improving,True,True,True,,52491,False,False
266840191,604984978,1e06b3bf-34f7-496a-9d78-ad2d8ac41ace,1976574,catherine_g,2025-03-24T23:23:20-05:00,963010,complex,leading,True,False,False,False,121991,True,False
266852886,604979365,97dab416-04ce-4621-8a38-0cf098ea025d,5052019,theochass,2025-03-25T04:56:50+01:00,564955,species,improving,True,True,True,,564955,True,False
266840191,604947696,3c8f06a0-dedb-4f23-8a04-9650b34fa475,4606130,niobium41,2025-03-24T20:53:15-05:00,121991,tribe,improving,True,True,True,,121991,False,False
266709142,604822099,0b4472d2-d215-4748-a43e-5d68960a57ea,1976574,catherine_g,2025-03-24T13:22:22-05:00,496391,species,leading,True,False,False,False,128846,True,False
266767751,604786382,54575e22-0c7e-413c-beeb-6b0c5e5f0578,8007661,aloysius56,2025-03-24T16:15:17+00:00,55719,species,supporting,True,False,False,False,55719,True,False
266767751,604785099,2f031482-04a7-4cd0-8f62-98c8e9bbf6e0,8872594,donaldmathison,2025-03-24T16:11:08+00:00,55719,species,improving,True,True,True,,55719,True,False
266748085,604776186,03f01ca8-182b-4305-9772-f472b5106eb5,7179915,sirhck,2025-03-24T15:38:16+00:00,497713,species,supporting,True,False,False,False,497713,True,False
266748085,604758468,0c8d983a-ecfe-4be7-a03d-a5a98c827bda,4472993,jballam,2025-03-24T14:32:36+00:00,497713,species,improving,True,False,True,False,52491,True,False
266748085,604742545,bae16d75-ee68-4e5c-9b48-a73364d2db63,353381,wildhamandpetersham,2025-03-24T13:35:26+00:00,52491,genus,improving,True,True,True,,52491,False,False
266735005,604736216,49ec2ec5-0c98-4b8f-a838-8bf9c99d74e5,6554323,macareux17,2025-03-24T13:10:43+00:00,61851,species,supporting,True,True,False,False,61851,True,False
266735005,604735300,e74d8a0b-35e2-458e-9501-21adc3309093,7179915,sirhck,2025-03-24T13:07:40+00:00,61851,species,improving,True,False,True,False,52491,True,False
266735005,604708194,aedd036e-53ad-41c9-bb67-7af7b13a38cb,6554323,macareux17,2025-03-24T11:16:52+00:00,52491,genus,improving,False,True,True,,52491,False,False
266375189,604668051,5d24b7d2-d45c-4aa6-bad6-24a3dfca77f6,1775198,frankvdm,2025-03-24T08:44:56+01:00,344678,species,leading,True,False,False,False,49995,True,False
266709032,604657276,1ca688a8-5690-4ea4-a0c5-66799e476f40,5521474,chaym_turak,2025-03-24T09:40:22+03:00,52482,species,supporting,True,False,False,False,52482,True,False
266709032,604651943,dbde3395-c643-44f7-ab35-39cc5c4d8092,7179915,sirhck,2025-03-24T09:09:07+03:00,52482,species,supporting,True,False,False,False,52482,True,False
266709142,604646427,d176e4e9-6d58-4080-9b34-e00ba595d963,2783636,mouseosaurus,2025-03-24T00:34:23-05:00,128846,genus,improving,True,True,False,,128846,False,False
266709032,604646148,7b227cb1-0a2d-4044-805f-a945ebac772b,2741410,eliegaget,2025-03-24T08:33:05+03:00,52482,species,improving,True,True,True,,52482,True,False
266591481,604408724,3e752b5b-e77c-4b14-ba51-41c3de413919,3615306,shawnb2,2025-03-23T16:56:42+00:00,486726,species,leading,True,True,False,,486726,True,False
266583264,604392947,9cacd8e1-84c0-4a88-8713-358201747792,8798882,gululululu,2025-03-23T16:08:16+00:00,52965,genus,leading,True,True,False,,52965,False,False
266535149,604345989,d74803d5-3002-490b-83dc-1a883a8afa2d,1976574,catherine_g,2025-03-23T09:17:14-05:00,980722,species,supporting,True,False,False,False,980722,True,False
266466854,604319022,29431858-12b4-43ea-9c06-c7ef7d43c8ec,5384547,exonie,2025-03-23T14:32:09+02:00,346004,genus,leading,True,False,False,False,49995,True,False
266535149,604300728,1027c8ed-b7cb-476b-99f0-1f99b9bd7266,5556630,dirkm,2025-03-23T06:12:37-05:00,980722,species,improving,True,True,True,,980722,True,False
266473708,604239554,ce1a8681-0177-4a8a-93e9-bcf7d9909425,11700,phycus,2025-03-22T22:37:55-07:00,450564,species,supporting,True,False,False,False,450564,True,False
266473708,604169088,136843fe-b5dd-455f-beeb-9f036fe02396,2032730,waldgeist,2025-03-22T17:30:33-07:00,450564,species,improving,True,True,True,,450564,True,False
266466854,604158171,bd6a79c7-6bf6-41f5-a8c7-d7fd1e447afc,1549899,primel,2025-03-23T01:50:46+02:00,49995,family,improving,True,True,False,,47158,False,False
266466854,604154977,165e95a3-7189-4642-9156-f738c2b7bca2,1549899,primel,2025-03-23T01:39:34+02:00,47158,class,improving,False,True,False,,47158,False,False
266371059,604121899,81e89cc7-4ea9-4aa1-91de-769e9edc0cc0,5521474,chaym_turak,2025-03-23T00:53:39+03:00,52482,species,supporting,True,False,False,False,52482,True,False
266375189,603975364,23976288-e1b1-4c19-b401-bb3022f47997,5300450,stefanhaering,2025-03-22T15:13:06+01:00,49995,family,improving,True,True,False,,49995,False,False
266371059,603967181,6b7b76d0-9854-40b9-94fe-3f70a1244f7c,1060942,kuman,2025-03-22T16:41:59+03:00,52482,species,improving,True,True,True,,52482,True,False
266235924,603916545,6b8c8fd2-b048-4e1d-8af6-76bbb08057bf,6202005,mlush,2025-03-22T09:39:28+00:00,121991,tribe,supporting,True,False,False,False,121991,True,False
266235924,603699614,5ea0f0ed-3fbc-4e30-8b57-34a19dadcf56,3465995,moira_fitzpatrick,2025-03-21T17:20:39+00:00,121991,tribe,improving,True,False,True,,,True,False
266079729,603285896,1910e334-8b12-4336-ba0c-f78d37a4329b,6875980,duzhiyouchong,2025-03-20T10:42:36+00:00,324344,species,leading,True,True,True,,324344,True,False
266030360,603184877,34f7535c-e722-458d-8398-26e66429d829,1976574,catherine_g,2025-03-19T17:58:06-07:00,118968,species,improving,True,False,False,False,118969,True,False
266030360,603165373,5d27648a-9619-41dc-84f2-d1d1513d33bc,7212501,wilsonyau62,2025-03-19T16:31:22-07:00,118969,genus,improving,True,True,True,,118969,False,False
265876178,602958036,a7dc8297-3170-4429-98c3-c3e267469f10,2883211,rkl,2025-03-19T09:24:28+00:00,334407,species,supporting,True,False,False,False,334407,True,False
265804636,602915109,7bcb7edd-bec7-43b4-8dcd-366ac2b0e767,11700,phycus,2025-03-18T21:49:58-07:00,55719,species,supporting,True,False,False,False,55719,True,False
265876178,602806494,a38cb55f-6fd5-45a0-860d-a32ab263ddfa,4472993,jballam,2025-03-18T21:25:37+00:00,334407,species,improving,True,True,True,,334407,True,False
265804636,602661641,76f84be6-1856-4702-8185-b121d1443c74,7179915,sirhck,2025-03-18T04:36:53-07:00,55719,species,improving,True,False,True,False,52491,True,False
265804636,602636143,56edc340-75f4-41f1-8c4e-f06305520b6f,4729247,bonpradhan,2025-03-18T01:59:45-07:00,52491,genus,improving,True,True,True,,52491,False,False
265633553,602603734,cfbd6335-c53c-43b7-8200-ce5cb1a39039,11700,phycus,2025-03-17T22:03:49-07:00,52233,genus,supporting,True,False,False,False,52233,True,False
265788651,602601796,9008189a-4d25-4635-a1e3-8379b3594823,11700,phycus,2025-03-17T21:50:29-07:00,777028,species,supporting,True,False,False,False,777028,True,False
265788651,602592686,89c6c000-8559-408b-8136-9e20d7358b6b,5250782,em_nature,2025-03-17T21:05:36-07:00,777028,species,improving,True,True,False,,777028,True,False
265633553,602366964,ed9b9d5f-1459-477b-94bb-1b29c835769f,2525296,scissors2kil,2025-03-17T06:34:40-07:00,52233,genus,supporting,True,True,False,False,52233,True,False
265646892,602221893,80faf7aa-ed91-4ad3-957d-525fd3e5212f,1976574,catherine_g,2025-03-16T21:34:30-05:00,1102264,complex,leading,True,False,False,False,128846,True,False
265646892,602217921,5f6d0f86-60e9-47a5-a790-78c259415844,121806,julieluetzelschwab,2025-03-16T21:24:50-05:00,128846,genus,improving,True,True,True,,128846,False,False
265633553,602208203,232a2751-d251-43b2-a6c8-0927f27af202,1976574,catherine_g,2025-03-16T19:02:18-07:00,52233,genus,improving,True,False,False,False,49995,True,False
265633553,602170188,64e38871-7d40-4ba9-9b40-8bd552918266,2525296,scissors2kil,2025-03-16T17:35:04-07:00,49995,family,improving,False,True,True,,49995,False,False
279800453,868313533,fa58cdac-5cc1-4f75-ab58-dd1c399bf2fc,1294375,sylvester_k,2026-08-10T19:42:27+02:00,210336,species,supporting,True,False,False,False,210336,True,False
278174635,796701960,e8d1f90c-8b63-48d0-89fe-fc2d5a039950,2741410,eliegaget,2026-04-25T22:35:53+02:00,549147,species,supporting,True,False,False,False,549147,True,False
275028836,793161887,eea2874a-54d4-4686-9d47-449fd32e16e7,5418077,psarabdo,2026-04-21T15:59:34+02:00,486881,species,supporting,True,False,False,False,486881,True,False
274491442,763529579,3e367f7f-715b-4b57-b124-210894d48296,3565390,matthewvosper,2026-02-17T09:31:11+00:00,52965,genus,supporting,True,False,False,False,52965,True,False
279784469,758407828,e24007e7-8526-4b91-ac85-158896af147f,3565390,matthewvosper,2026-02-05T09:05:56+00:00,52965,genus,supporting,True,False,False,False,52965,True,False
274491442,756328493,f616455b-a594-4429-91c6-e8d7e635b6a3,7463119,kristianoevrum,2026-01-30T20:16:02+00:00,52965,genus,improving,True,False,False,False,121991,True,False
281011525,755647148,529034bb-328f-497b-bc67-d79bf3b47a7a,191857,johnklymko,2026-01-28T18:22:24-04:00,121357,genus,supporting,True,False,False,False,121357,True,False
280054489,752645122,13fca7da-5d84-4252-a4bd-52a163ea71a9,3565390,matthewvosper,2026-01-20T21:03:12+00:00,52488,species,supporting,True,False,False,False,52488,True,False
280346947,748775368,d2bc5bda-d728-482e-b2d2-e0176dcc069b,3565390,matthewvosper,2026-01-10T17:02:07+00:00,121991,tribe,improving,True,False,False,True,52489,True,False
280346947,748774025,6953f6ea-7ae9-48d8-81ee-cd486737cd6c,3565390,matthewvosper,2026-01-10T16:58:39+00:00,52489,genus,leading,False,False,False,False,52489,False,False
280411484,748217133,ddb25697-3ced-4a5c-9bc1-ac5b0e7be22c,1976574,catherine_g,2026-01-08T22:23:04-06:00,324076,genus,supporting,True,False,False,False,324076,True,False
279909124,746949397,d7576773-b857-4c19-b325-42dc3035b653,3565390,matthewvosper,2026-01-05T20:31:50+00:00,462191,species,supporting,True,False,False,False,462191,True,False
283377736,745707085,08872509-2bbb-452f-821d-8fe04984cde2,3565390,matthewvosper,2026-01-02T21:42:47+00:00,52486,species,supporting,True,False,False,False,52486,True,False
279700217,743442952,661614cf-c95f-487a-9038-923bf5068b6b,3565390,matthewvosper,2025-12-28T10:27:19+00:00,52489,genus,improving,True,False,False,True,52488,True,False
276982400,742767435,28116949-96c8-4f95-a8ab-9ccb8277bf68,90178,rjpretor,2025-12-26T19:48:49+02:00,428771,species,supporting,True,False,False,False,428771,True,False
275387926,742670155,13070101-c710-48b1-8f88-8dd3e93308c9,3565390,matthewvosper,2025-12-26T12:28:30+00:00,52965,genus,improving,True,False,False,True,52964,True,False
276982400,742110909,6836f091-41d6-4c4c-81c1-ffbe73206a65,5934861,traianbertau,2025-12-24T19:34:43+00:00,428771,species,supporting,True,False,False,False,428771,True,False
277995621,739688721,14831763-c295-454d-81d5-e8057271ae5f,1922575,gerrit_oehm,2025-12-18T11:41:25+01:00,1098608,subgenus,leading,True,False,False,False,311431,True,False
283377736,733366947,37aa3f0b-d8f9-494e-b306-a4b5c82c8cb9,396990,kostaszontanos,2025-12-02T10:38:37+00:00,52486,species,improving,True,False,False,False,52487,True,False
279044480,728059542,5286c718-a425-4f2a-829d-b7806fd07576,3565390,matthewvosper,2025-11-19T14:30:09+00:00,52490,species,supporting,True,False,False,False,52490,True,False
278114659,724728687,a60f3ff9-b77b-4506-a9b7-c0d993e899d2,3565390,matthewvosper,2025-11-11T08:48:21+00:00,61851,species,supporting,True,False,False,False,61851,True,False
281714145,717757639,dad1960b-a66a-45d3-85d3-6ce21fbb1844,2883211,rkl,2025-10-26T19:33:29+00:00,52486,species,supporting,True,False,False,False,52486,True,False
281714145,716295057,8f4caded-92aa-416a-8534-2c3ad86b0e1c,8772738,bibblebug,2025-10-23T16:26:22+01:00,52486,species,improving,True,False,False,False,52487,True,False
281714145,716248267,95c4070d-f9e3-4e95-9a56-739dfbcf9fe3,1858505,lrussoutk,2025-10-23T14:02:58+01:00,52487,genus,improving,True,False,True,,,False,False
279438422,708672825,0ea5e331-ab92-4401-aa1b-c67fd230e85f,3565390,matthewvosper,2025-10-06T20:40:33+00:00,486854,genus,improving,True,False,False,True,486856,True,False
276517834,702837593,64bd0948-829a-4b0e-883c-1908331ecc54,5427797,scro11ing,2025-09-24T21:20:49+00:00,70405,species,supporting,True,True,False,False,70405,True,False
276517834,702740662,397954fc-7b50-4012-8c16-af7c9273f143,3565390,matthewvosper,2025-09-24T17:33:36+00:00,70405,species,improving,True,False,False,False,70406,True,False
278174635,702578920,73670ae5-32b1-48f7-ab6e-3ad17c4ec5ac,7179915,sirhck,2025-09-24T12:45:32+02:00,549147,species,improving,True,False,True,False,371826,True,False
277733002,696557639,89fd2b75-2af0-494b-8d63-813465073c0c,305683,zdanko,2025-09-12T13:09:35-04:00,1144252,species,supporting,True,False,False,False,1144252,True,False
278703254,692665716,f161acd3-3fe3-47d2-8e1f-b394058a13f8,3565390,matthewvosper,2025-09-04T19:42:43+00:00,334407,species,supporting,True,False,False,False,334407,True,False
274871083,682938429,75d10a4f-f06e-4ca6-b38a-2f00c3fa0998,3599717,rudolphous,2025-08-17T09:35:15+02:00,186841,subfamily,leading,True,False,True,,,True,False
279704169,671852599,071206f0-c78d-4492-8cec-c67470b614c0,1922575,gerrit_oehm,2025-07-27T13:14:22+02:00,486881,species,leading,True,False,False,True,451469,False,False
278706967,655157448,a3e2a189-4099-4678-a115-8c2d00c50624,1922575,gerrit_oehm,2025-06-26T17:55:06+02:00,121357,genus,leading,True,False,False,False,186841,True,False
277713513,654158289,bd7aad21-9238-44d9-9b60-0e63dc40f696,8204969,adam_leigh_,2025-06-24T17:58:38+01:00,70405,species,supporting,True,False,False,False,70405,True,False
273324331,651337138,bddb66c3-1754-470a-9923-c6491c63de09,1858505,lrussoutk,2025-06-19T09:20:26-04:00,326181,subfamily,leading,True,False,False,,,True,False
281011525,638315243,3bc802d4-2f0d-4e01-a897-452edc79ae41,1163777,trinaroberts,2025-05-26T03:14:32-03:00,121357,genus,supporting,True,False,False,False,121357,True,False
277733002,637552707,e10fe25b-ed12-437c-87cd-47dc338db37d,1976574,catherine_g,2025-05-24T20:14:02-04:00,1144252,species,supporting,True,False,False,False,1144252,True,False
283690028,637436876,be465134-2bdb-419b-a61c-a0f70c9a9014,3565390,matthewvosper,2025-05-24T19:57:55+00:00,486881,species,supporting,True,False,False,False,486881,True,False
283690028,637364779,2bd49a88-22e8-4b1b-8ced-c83f78c39b29,8204969,adam_leigh_,2025-05-24T17:35:07+00:00,486881,species,improving,True,True,False,,486881,True,False
283444811,637280932,d9da2446-8652-4193-9abf-2700b044c5c9,6865635,loobylooloo,2025-05-24T14:41:47+00:00,194786,species,supporting,True,True,False,False,326181,True,False
283444811,637136260,763f1126-4049-40f4-a84e-b541ee181677,7179915,sirhck,2025-05-24T08:07:31+00:00,194786,species,improving,True,False,True,True,61857,True,False
283226272,636948304,0b1700d3-3b85-4edb-bf63-d1a5ac2fdd7e,5079353,geoffwilkinson,2025-05-23T22:42:14+01:00,62455,genus,supporting,True,False,False,False,62455,True,False
283383405,636925592,0af450da-2a1c-483e-b87e-a22a4e7ca584,6756343,tabeajuen,2025-05-23T22:46:07+02:00,520015,tribe,leading,True,True,True,,,True,False
283444811,636880399,3f95edd6-77b7-407b-89e9-1a062002393a,6865635,loobylooloo,2025-05-23T20:06:50+01:00,61857,species,maverick,False,True,True,,61857,False,False
283424238,636875804,8af4aca1-1a9b-4db1-9973-04727ddb1805,1236256,steve_mcwilliam,2025-05-23T19:56:26+01:00,52482,species,supporting,True,False,False,False,52482,True,False
283424238,636875698,a185d2fc-ff2f-4f01-b64a-cf4ffa1b6326,1236256,steve_mcwilliam,2025-05-23T19:56:12+01:00,52482,species,supporting,False,False,False,False,52482,True,False
283424238,636843288,eaf4a038-26d7-4696-9558-fb91d4b1c72e,8204969,adam_leigh_,2025-05-23T18:40:49+01:00,52482,species,improving,True,True,False,,52482,True,False
283409340,636817686,8b0a2b8d-15bd-4526-89d0-9d44200cac52,7410503,andrea_bortolussi,2025-05-23T16:40:59+00:00,62455,genus,leading,True,True,True,,62455,True,False
283377736,636761094,b17472fb-42ba-4088-bb35-0d67e6c9e160,2236269,pierrecorbrion,2025-05-23T14:22:54+00:00,52487,genus,improving,True,True,True,,52487,False,False
283226272,636637813,a483ff2d-b5a8-4f75-b9bb-bb13dcacdfe4,3565390,matthewvosper,2025-05-23T08:49:36+01:00,62455,genus,improving,True,False,False,False,49995,True,False
283275770,636532792,3336fba5-32b1-457a-af02-055706ca2666,1976574,catherine_g,2025-05-22T20:56:15-05:00,320786,species,leading,True,False,False,False,52491,True,False
283275770,636519807,9495424b-ccdc-4ac9-a65d-6f0fe6de5535,9323426,rproebst,2025-05-22T20:25:49-05:00,52491,genus,improving,True,True,True,,52491,False,False
283226272,636385151,4acc92a8-5281-4821-b84a-d169b0c9c3d0,5458097,physcia_descendens,2025-05-22T21:46:04+01:00,49995,family,improving,True,True,False,,49995,False,False
282852420,636087702,f263af34-da89-441f-8d92-4d48d0b36d3d,3565390,matthewvosper,2025-05-22T11:26:04+00:00,324637,species,supporting,True,False,False,False,324637,True,False
283010736,635954601,b2daf55c-9df3-4428-ab6b-07eb98d6dea9,1976574,catherine_g,2025-05-21T21:48:29-05:00,81979,species,supporting,True,False,False,False,81979,True,False
283010736,635905828,f6273a53-51e4-4b91-b76f-cb060ed6418d,7781782,botanicalcadaver,2025-05-21T19:16:46-05:00,81979,species,improving,True,True,False,,,True,False
282750737,635737039,dfbbbbc5-78fb-4c19-926e-4cfc4c4f293b,499808,lukeberg,2025-05-21T13:27:11-04:00,486854,genus,supporting,True,True,False,False,49995,True,False
282919677,635711251,1a2fea83-37fe-4c7a-b4a8-da7e039eeec1,7996651,qscertjv,2025-05-21T16:27:07+00:00,70406,genus,leading,True,True,True,,70406,True,False
282916796,635707505,1ab89ab2-86aa-4a03-9a53-be24880d33a8,1976574,catherine_g,2025-05-21T11:19:18-05:00,322357,species,supporting,True,False,False,False,322357,True,False
282916796,635705873,18098dea-8373-4a4a-81fc-ce9d2b59110e,8276793,jam74,2025-05-21T11:15:42-05:00,322357,species,improving,True,True,True,,322357,True,False
282075891,635623347,205160a0-d7e5-4a66-916f-248c39a7a1e2,5521474,chaym_turak,2025-05-21T15:52:52+03:00,52964,species,supporting,True,False,False,False,52964,True,False
282852420,635578304,20b630d3-3155-4e2c-a47b-7630043472f6,8512427,kieope,2025-05-21T10:28:41+00:00,324637,species,improving,True,True,True,,324637,True,False
281857051,635532956,280fab05-d383-4db0-b7e8-18477af8771e,2393228,anameilike,2025-05-21T00:21:38-07:00,322368,species,supporting,True,True,False,False,322368,True,False
282750737,635479137,23ef9c66-c00b-437a-98f1-e4e94b5b25d4,1163777,trinaroberts,2025-05-20T23:57:45-04:00,486854,genus,improving,True,False,False,True,496459,True,False
282772191,635476155,184c630e-f419-4d6a-ba23-db5c11ce0305,1163777,trinaroberts,2025-05-20T20:47:31-07:00,311434,species,supporting,True,False,False,False,311434,True,False
282793316,635452191,f7e878ff-7f99-4f82-9863-2941a0380920,1976574,catherine_g,2025-05-20T21:34:28-05:00,1144216,species,supporting,True,False,False,False,1144216,True,False
282793316,635450457,ae74572d-c773-4ca4-95a7-55d8f895af10,8626155,mikealbion,2025-05-20T21:30:13-05:00,1144216,species,improving,True,True,True,,1144216,True,False
282772191,635407521,9b227516-1ee7-4fc6-86a1-c1fcc5990366,3926887,silveradojim,2025-05-20T17:30:10-07:00,311434,species,improving,True,True,True,,311434,True,False
282750737,635363192,7a63194d-5c6d-4d21-8b2d-3a011c140add,499808,lukeberg,2025-05-20T18:39:27-04:00,496459,species,maverick,False,True,True,,496459,False,False
282735325,635333192,92ddf5f5-a1b8-4d98-a47e-51bfafee6eaa,3258141,marieheub,2025-05-20T14:23:23-07:00,52965,genus,leading,True,True,True,,52965,True,False
282635915,635220095,538cb2ac-091e-4b41-994f-eb92b5ab0fc3,7179915,sirhck,2025-05-20T17:19:23+00:00,486414,species,supporting,True,False,False,False,486414,True,False
282635915,635142948,add88cd3-e8da-4729-9c62-1f92735013be,1884205,ysteinhellesebrekke,2025-05-20T14:23:08+00:00,486414,species,improving,True,True,True,,486414,True,False
282439360,634735551,c05edc04-c1da-4c5d-8e73-059fd8da060f,3565390,matthewvosper,2025-05-19T18:44:25+00:00,55719,species,supporting,True,False,False,False,55719,True,False
282439360,634734794,54b2fe14-124c-4633-8b6e-45f8e3762c64,4001372,theholyboar,2025-05-19T18:42:45+00:00,55719,species,improving,True,True,True,,55719,True,False
282338451,634641507,eb78a58e-d97b-447b-8581-04dd39174f6b,9183456,neil63530,2025-05-19T15:34:52+00:00,70405,species,supporting,True,True,False,False,70405,True,False
282338451,634637971,b961a7dd-3b64-4e6a-b24b-dfcfce791680,2883211,rkl,2025-05-19T15:28:08+00:00,70405,species,improving,True,False,False,False,70406,True,False
282283796,634636738,ef4b3e73-ea7b-4a68-986d-29ccad452ef8,1976574,catherine_g,2025-05-19T15:25:09+00:00,118969,genus,supporting,True,False,False,False,118969,True,False
282327887,634550014,f0650a45-7380-4edf-a35c-e2e59693147a,7179915,sirhck,2025-05-19T12:20:06+00:00,52490,species,supporting,True,False,False,False,52490,True,False
282338451,634523706,c212b0bc-0e51-4ef3-9afd-554bde24bfca,9183456,neil63530,2025-05-19T11:02:36+00:00,70406,genus,improving,False,True,True,,70406,False,False
282327887,634500949,5f4c98ec-ab40-4b4a-9b0f-0c174e52ad4a,7058416,knudsen5800,2025-05-19T09:40:57+00:00,52490,species,improving,True,True,True,,52490,True,False
282283796,634421034,49936253-33a8-4af5-a2b2-acc4ab959086,217955,phelsumas4life,2025-05-19T04:36:02+00:00,118969,genus,supporting,True,True,False,False,121991,True,False
282283796,634416078,2008d204-e311-4fb0-bf3c-db7c1a2733f8,1163777,trinaroberts,2025-05-19T04:19:16+00:00,118969,genus,improving,True,False,False,True,62455,True,False
282283796,634400512,f82fa146-0601-4674-9cee-721fdf053bea,217955,phelsumas4life,2025-05-19T03:30:00+00:00,62455,genus,maverick,False,True,False,,62455,False,False
282075891,634030517,a7c5a24a-5191-4a3a-9067-47877c3e23ce,7258785,gaialucia,2025-05-18T17:39:58+03:00,52964,species,improving,True,True,True,,52964,True,False
281857051,633751373,78e880cd-88f4-4e29-8406-15478e511984,1976574,catherine_g,2025-05-17T17:25:13-07:00,322368,species,supporting,True,False,False,False,322368,True,False
281857051,633741125,8df73306-2891-4b67-8c23-580d208b639e,1163777,trinaroberts,2025-05-17T16:57:08-07:00,322368,species,improving,True,False,False,False,52489,True,False
281857051,633613683,9bd04d39-051b-46ee-839c-d21c50edb1b4,2393228,anameilike,2025-05-17T12:20:21-07:00,52489,genus,improving,False,True,True,,52489,False,False
281831780,633571692,98d2843b-ba03-4cd4-aaf2-70fe0cff1acc,5020715,oatmealgolem,2025-05-17T17:59:44+00:00,186841,subfamily,leading,True,True,True,,186841,True,False
279180862,632550427,359000e3-2c2e-4e7c-9098-d63c64e15cb0,3565390,matthewvosper,2025-05-15T21:49:39+00:00,55719,species,supporting,True,False,False,False,55719,True,False
281092599,632062362,0083d89e-c078-4a37-95a1-af76c271ab3d,1976574,catherine_g,2025-05-14T18:57:43-07:00,338310,species,supporting,True,False,False,False,338310,True,False
281146463,632032862,3a635712-c9a5-41c5-881a-00b871fdd3be,1582653,sageost,2025-05-15T00:34:39+00:00,121991,tribe,leading,True,True,True,,121991,True,False
281092599,631925905,ff81a406-3c44-4a28-b065-76dd89c3a447,8216481,aldeboro,2025-05-14T12:52:48-07:00,338310,species,improving,True,True,True,,338310,True,False
280970267,631914422,020577fe-b5f9-4158-b9ce-1f57f819ce43,1163777,trinaroberts,2025-05-14T12:27:35-07:00,980722,species,supporting,True,False,False,False,980722,True,False
281011525,631799939,66bce24f-714b-4148-b653-12e7318ffcc8,1976574,catherine_g,2025-05-14T12:05:46-03:00,121357,genus,improving,True,False,False,False,186841,True,False
281011525,631772101,85341232-6670-42db-905a-1a945b1016ee,8992254,pamobraaten,2025-05-14T10:52:50-03:00,186841,subfamily,improving,True,True,True,,186841,False,False
280970267,631745415,dffe3be7-ce38-4eb2-b462-ded46d30a931,1976574,catherine_g,2025-05-14T05:44:25-07:00,980722,species,improving,True,False,False,False,52161,True,False
280970267,631683017,24d4fae4-6595-4f38-a0ed-7456f62f2faa,5700275,zee_z,2025-05-14T01:58:58-07:00,52161,genus,improving,True,True,True,,52161,False,False
280850886,631668274,040b5cdc-42f3-4b8a-8d2c-bedb23af2056,3565390,matthewvosper,2025-05-14T07:56:23+00:00,52489,genus,supporting,True,False,False,False,52489,True,False
280767739,631642218,de400b83-1a5e-468e-b612-b62f305fae83,1163777,trinaroberts,2025-05-13T23:14:54-07:00,52489,genus,improving,True,False,False,True,886220,True,False
280786024,631441353,d9b7be91-fcb2-45d9-82a7-394c223944b2,4969597,dmac21,2025-05-13T21:09:32+01:00,52486,species,supporting,True,False,False,False,52486,True,False
280850886,631435409,81bede74-41bd-49ec-a121-c7173792776b,2883211,rkl,2025-05-13T19:55:35+00:00,52489,genus,supporting,True,False,False,False,52489,True,False
280850886,631432743,28e975cb-3727-44e9-a253-95a07c21c4bd,6823302,aileenscott,2025-05-13T19:49:16+00:00,52489,genus,improving,True,True,True,,52489,True,False
280786024,631327461,ea7c9b1f-f7cb-4b17-b760-5ba1ae56a3ee,396990,kostaszontanos,2025-05-13T16:42:57+01:00,52486,species,supporting,True,False,False,False,52486,True,False
280786024,631302188,6ecbcf89-0b32-41ec-80eb-bdda6e0e51a7,7246659,jalcorn536,2025-05-13T15:40:58+01:00,52486,species,improving,True,True,False,,52486,True,False
280767739,631266785,c2a56bc9-a24b-4e36-9f9c-3dc951b196f1,2705254,ericwegner,2025-05-13T06:08:59-07:00,886220,species,leading,True,True,True,,886220,False,False
280031638,631145226,f56f854f-e072-4b98-8ea9-d7ab2622c079,1163777,trinaroberts,2025-05-13T05:25:25+00:00,194786,species,supporting,True,False,False,False,194786,True,False
280411484,631139287,82a9e173-1cab-4891-a6b0-3ee2e833bec3,1163777,trinaroberts,2025-05-13T00:01:13-05:00,324076,genus,improving,True,False,False,True,324075,True,False
280636911,630990618,b3329c9b-04d5-4b1c-9b69-d69370ee6143,2627639,roberto_mendoza_13,2025-05-12T22:00:14+00:00,62455,genus,leading,True,True,False,,62455,True,False
280401882,630795790,9655c0ca-d829-4c69-a59a-4cfcef4ce5c3,3490618,todhaughton,2025-05-12T07:58:53-07:00,493594,species,supporting,True,True,False,False,121991,True,False
280401882,630559095,fe7eba1c-7480-42ef-832e-7d8a966d2799,1163777,trinaroberts,2025-05-11T19:38:13-07:00,493594,species,supporting,True,False,False,False,121991,True,False
280401882,630526475,74d37a1f-060f-4f3a-a05e-f77facdd4518,1976574,catherine_g,2025-05-11T18:23:39-07:00,493594,species,improving,True,False,False,True,428810,True,False
280411484,630516057,4c6404f2-8d15-4e5b-b42f-6c641d0e025e,3353381,terridmartin,2025-05-11T19:59:58-05:00,324075,species,leading,True,True,True,,324075,False,False
280401882,630496957,b226d808-1559-41e1-a37f-974fc876d655,3490618,todhaughton,2025-05-11T17:18:46-07:00,428810,species,maverick,False,True,True,,428810,False,False
280346947,630400632,521584b4-0afd-4d04-ae7a-c9b774a76faa,4127071,martinbergman,2025-05-11T20:45:47+00:00,52489,genus,leading,True,True,True,,52489,False,False
280054489,629859648,10732b92-0fea-46c4-81a3-be6c2820b53c,4840530,kjhijlkema,2025-05-10T21:04:26+00:00,52488,species,improving,True,True,True,,52488,True,False
280031638,629831447,119bcbba-d028-487f-bed4-60d4d9c10cae,1976574,catherine_g,2025-05-10T20:07:23+00:00,194786,species,improving,True,False,False,False,194787,True,False
280031638,629819821,2c6cdfbc-8c96-4771-9184-5f2189c9b9fc,3020339,katiewestby,2025-05-10T12:44:02-07:00,194787,genus,improving,True,True,True,,194787,False,False
279909124,629609970,0164be8e-1810-4119-9112-fddd161931f1,6603279,marijepetra,2025-05-10T11:16:12+00:00,462191,species,improving,True,True,True,,462191,True,False
279816961,629579359,199455e5-1e6e-48d9-9646-c67444021302,2883211,rkl,2025-05-10T10:22:42+01:00,486778,species,supporting,True,False,False,False,486778,True,False
279816961,629414452,351e8fa1-e3d9-4226-a377-cd77b9d1e7e3,9183456,neil63530,2025-05-10T00:10:39+01:00,486778,species,improving,True,True,True,,486778,True,False
279800453,629383660,79e7a37d-3529-49ac-b2ae-c8247184a0fb,5952715,lucyna_bugiera,2025-05-09T23:43:50+02:00,210336,species,improving,True,True,True,,210336,True,False
279784469,629352908,394cbf5a-fc4c-4fb5-a5f4-687705ebf664,6269706,ulrike_hausl_hofstaetter,2025-05-09T20:26:44+00:00,52965,genus,improving,True,True,True,,52965,True,False
277857917,629344119,48fd3766-7e6b-4302-b077-427a8aeedf1b,3565390,matthewvosper,2025-05-09T20:06:58+00:00,121991,tribe,supporting,True,False,False,False,121991,True,False
279752766,629297841,1e38e54e-e2c1-4cf7-a444-a0b1970e9a06,8738408,jeroenvansoolingen,2025-05-09T20:18:26+02:00,486775,species,supporting,True,False,False,False,486775,True,False
279752766,629290161,eebf4df0-312d-4594-ab33-77de3bedcc4f,8204969,adam_leigh_,2025-05-09T19:58:30+02:00,486775,species,improving,True,True,False,,486775,True,False
279704169,629198774,f7de35ee-0b22-4c19-9cbb-eb41a1c7c65d,5364433,patrickodw,2025-05-09T16:18:05+02:00,451469,species,leading,True,True,False,,451469,False,False
279700217,629191321,22cc291b-2908-41bf-8e9f-b432a95c87e6,5529629,psmirnov,2025-05-09T14:00:10+00:00,52488,species,leading,True,True,True,,52488,False,False
279440446,628657323,90bb2b26-006a-47ca-a030-d87a2c4e1bd4,9121133,vanda2481,2025-05-08T11:55:30+00:00,329983,species,leading,True,True,False,,329983,True,False
279438422,628652913,2df14bb5-4d0c-4fca-b54a-2432606c5ef5,4472993,jballam,2025-05-08T11:41:05+00:00,486856,species,leading,True,True,False,,486856,False,False
278533583,628463401,4406f76e-4f23-42b9-9366-614d6e43bfc7,522203,u_phantasticus,2025-05-07T17:36:19-07:00,179752,species,supporting,True,True,False,False,179752,True,False
278533583,628304353,1f78d22c-5774-41ac-b90e-1c7f8e3b36c3,1976574,catherine_g,2025-05-07T11:08:20-07:00,179752,species,improving,True,False,False,False,128846,True,False
279254323,628289876,0dc6fedb-37e7-4dac-bdb8-9f95bd66b07d,1976574,catherine_g,2025-05-07T12:35:24-05:00,70210,genus,leading,True,False,False,True,428810,False,False
279254323,628256968,34f8bf35-fd9b-4c20-be4d-0f8af7b9fa16,548171,cpavlisich,2025-05-07T11:25:20-05:00,428810,species,leading,True,True,False,,428810,False,False
279241814,628233259,a6ca87d0-17e6-4db1-a8c5-d9bfa87b9068,5502269,tobiasgratzer,2025-05-07T15:31:49+00:00,186841,subfamily,leading,True,True,True,,186841,True,False
279180862,628119450,7ce5d943-7f65-4054-a8b4-1b0a626cbf0a,7179915,sirhck,2025-05-07T10:14:53+00:00,55719,species,improving,True,False,True,False,52491,True,False
279180862,628109523,9cbf4f62-f5df-4391-9535-2735b1fb2d74,9244525,szanto_adrienn_lilla,2025-05-07T09:37:57+00:00,52491,genus,improving,True,True,True,,52491,False,False
279044480,627864623,94a271ce-adba-4381-a8b0-247de15384f6,7179915,sirhck,2025-05-06T20:53:44+00:00,52490,species,improving,True,False,True,False,52491,True,False
279044480,627826077,54c9b8df-a0bb-460e-992f-679ac726a69e,1097676,louvier,2025-05-06T19:23:35+00:00,52491,genus,improving,True,True,True,,52491,False,False
278584861,627535263,dba1298b-49d1-4a59-99c4-67b98389982b,7204079,nature_yb,2025-05-06T07:47:54+02:00,486706,species,supporting,True,False,False,False,486706,True,False
278706967,627072193,81e56370-1877-44c2-825c-9f58af0460a8,18588,carlosemunoz,2025-05-05T13:20:52+02:00,186841,subfamily,improving,True,True,True,,186841,False,False
278703254,627063661,cfc37b64-63e7-4905-9e23-644ef56e82f2,1062903,rovzap,2025-05-05T10:53:01+00:00,334407,species,improving,True,True,True,,334407,True,False
278584861,626982079,ec71d776-6538-44e3-a5ce-b138eb75a1a9,8738408,jeroenvansoolingen,2025-05-05T08:12:02+02:00,486706,species,supporting,True,False,False,False,486706,True,False
274934289,626869090,7e78b372-8670-4a05-9d67-2e7c259dd329,3848490,kozue,2025-05-05T01:46:20+00:00,329983,species,leading,True,False,True,False,322891,True,False
278584861,626802768,9b945b2f-6b9a-45c9-9d90-a39bd4c8dacf,4964728,ludvig5,2025-05-05T01:38:05+02:00,486706,species,improving,True,True,True,,486706,True,False
278533583,626704547,699cefaa-4131-429e-ae3c-321dc4db8f0a,522203,u_phantasticus,2025-05-04T13:44:48-07:00,128846,genus,improving,False,True,True,,128846,False,False
278230297,626246243,a5e87754-2154-4980-a9b8-8d846fe18cd2,7179915,sirhck,2025-05-04T06:00:42+00:00,70211,species,supporting,True,False,False,False,70211,True,False
274784638,626155278,78c73425-079b-4778-abd6-566290671244,1163777,trinaroberts,2025-05-03T19:26:35-07:00,121991,tribe,supporting,True,False,False,False,121991,True,False
274729878,626150559,8412858d-4add-4f32-a239-3a370ad5acf5,1163777,trinaroberts,2025-05-03T19:16:47-07:00,126889,species,supporting,True,False,False,False,126889,True,False
278230297,626088896,a8629cca-c381-4ff9-ab14-607e2ebad2d2,9183456,neil63530,2025-05-04T00:09:22+00:00,70211,species,improving,True,True,True,,70211,True,False
278174635,625983166,93554d2b-7c8e-415d-a074-a8d9e28b5de7,9251310,robbertmeeus,2025-05-03T22:50:07+02:00,371826,subtribe,improving,True,True,True,,371826,False,False
278114659,625871052,b7e3dc5d-cccf-4dd3-929a-f94cc0831c68,9143227,pyroddiction,2025-05-03T17:39:24+00:00,61851,species,improving,True,True,True,,61851,True,False
277995621,625686190,23b2e669-c37e-4d82-bb2f-c63a54af3ca0,7179915,sirhck,2025-05-03T13:52:38+02:00,311431,genus,improving,True,False,False,False,49995,False,False
277723724,625669820,b96d9785-d3b9-4780-b89d-f84679d02e4b,8263663,slayra,2025-05-03T12:09:31+01:00,55719,species,supporting,True,True,False,False,55719,True,False
277995621,625653914,c9457f1f-e1a3-4176-86ee-5b3730b76f74,4355453,juliamep,2025-05-03T12:22:01+02:00,49995,family,improving,True,True,True,,49995,False,False
277723724,625648651,0cc8e6cb-cf04-40a6-8c07-53f8d16d9e0f,7179915,sirhck,2025-05-03T11:07:51+01:00,55719,species,improving,True,False,True,False,52491,True,False
277978971,625627950,698fd959-79b7-49c6-9fcf-1a5f3227bce9,7179915,sirhck,2025-05-03T09:04:17+00:00,55719,species,supporting,True,False,False,False,55719,True,False
277978971,625622185,94dae36e-5aac-4691-a786-4a104e09eed3,981428,giulio345k6,2025-05-03T08:49:09+00:00,55719,species,improving,True,True,True,,55719,True,False
277934180,625524350,22ffbf7f-78f5-4452-957c-1e2b2ea69a42,1325759,nick_rogers,2025-05-03T04:07:53+00:00,341901,genus,leading,True,True,True,,341901,True,False
277857917,625368086,25dc36c9-03d7-47b6-8f6a-caa10a9803c0,6824234,mysteriouspotoo,2025-05-02T22:18:08+00:00,121991,tribe,improving,True,True,False,,121991,True,False
277733002,625126083,3e974fc0-0459-4f7d-81d8-96b7fba26d22,1802447,terecast,2025-05-02T11:01:50-04:00,1144252,species,improving,True,True,True,,1144252,True,False
277723724,625107357,82782fe5-7291-47d5-999d-1e604e460625,8263663,slayra,2025-05-02T15:28:14+01:00,52491,genus,improving,False,True,True,,52491,False,False
277713513,625087585,b4ae4a2a-eaf6-440b-b420-8b1a6157665a,2838254,chris4patches,2025-05-02T14:49:37+01:00,70405,species,improving,True,True,False,,70405,True,False
277541867,624733570,11d945dd-26bc-4ca6-b274-e7a2098230b9,747360,dhricenak,2025-05-01T19:22:23-04:00,126889,species,supporting,True,False,False,False,126889,True,False
277541867,624729529,a3b2e43c-39aa-47f7-95b0-6912a6f121ce,247924,fmmonk,2025-05-01T19:14:48-04:00,126889,species,improving,True,True,True,,126889,True,False
275619123,623949760,a9ce0f2f-0c2b-4e8c-887d-faad94e63231,960916,szucsich,2025-04-30T23:52:28+02:00,70415,species,supporting,True,False,False,False,70415,True,False
277044773,623803798,352e687f-c8dc-4a4a-b4a6-bdf0e91879d5,6400652,victorsh,2025-04-30T18:10:56+00:00,52482,species,supporting,True,False,False,False,52482,True,False
277044773,623726466,301099c2-6700-4770-bba2-ff213f5eb067,7179915,sirhck,2025-04-30T16:12:52+00:00,52482,species,supporting,True,False,False,False,52482,True,False
277044773,623713237,25e4959b-63a8-4d4a-9167-fd48c27c40df,5185459,patricklm35,2025-04-30T15:52:32+00:00,52482,species,improving,True,True,True,,52482,True,False
276982400,623579256,5b6af53b-dd36-4a64-9917-56e0ae01733c,7897411,altagray,2025-04-30T14:00:36+02:00,428771,species,improving,True,True,True,,428771,True,False
276790372,623186967,a2efd5ad-a628-43a5-8be4-49538ba65906,1976574,catherine_g,2025-04-29T17:59:25-05:00,203627,species,supporting,True,False,False,False,203627,True,False
276790372,623170505,72025a49-aa83-4646-bd5c-50f4176781b2,1677488,coreytcallaghan,2025-04-29T17:36:35-05:00,203627,species,improving,True,True,True,,203627,True,False
276517834,622629316,91c04106-641e-4650-abe8-f245045baa53,5427797,scro11ing,2025-04-29T10:30:12+00:00,70406,genus,improving,False,True,True,,70406,False,False
276508818,622613034,9676553f-6927-4937-9d60-088c7a65209c,5595830,pitichou,2025-04-29T09:46:53+00:00,49995,family,leading,True,True,False,,49995,True,False
276325895,622329832,da9581af-c3af-4730-9dc9-724b0630e794,2316454,mariaeduardaguimaraes,2025-04-28T23:09:19-03:00,186841,subfamily,leading,True,True,False,,186841,True,False
275917553,621837300,031a5088-fcb5-4f94-bd71-9ed7150b5262,1275073,larswillighagen,2025-04-28T18:17:59+00:00,210336,species,leading,True,True,True,,210336,True,False
275619123,621650440,f2f9295c-1b6b-486b-a629-c6ce88cb6522,460899,astmuc,2025-04-28T17:30:32+02:00,70415,species,improving,True,True,False,,52487,True,False
275619123,621499164,4348ee8f-8a6e-4086-a316-7b8ac4212ca4,460899,astmuc,2025-04-28T15:17:36+02:00,52487,genus,improving,False,True,True,,52487,False,False
275554975,621419796,0f082891-cbbc-42ca-9e92-d248b152942a,6225596,martin_sedlak,2025-04-28T13:45:46+02:00,486854,genus,leading,True,True,False,,486854,True,False
275387093,621223595,5b22cfc3-b2b5-4f68-9588-1b078f49bc18,2883211,rkl,2025-04-28T06:18:48+00:00,194786,species,supporting,True,False,False,False,194786,True,False
275387926,621208531,4bc077d6-8645-416f-ad6b-9556ffdb2faf,5492615,anna_k82,2025-04-28T05:53:22+00:00,52964,species,leading,True,True,True,,52964,False,False
275387093,621207203,4c85dff3-f7a3-4842-ae4f-ec6b6ad17153,4472993,jballam,2025-04-28T05:51:05+00:00,194786,species,improving,True,True,True,,194786,True,False
275171881,620900227,70d85b65-bb33-46cb-b9f7-a0a903a3cb2f,1163777,trinaroberts,2025-04-27T16:45:30-07:00,424821,species,supporting,True,False,False,False,424821,True,False
275171881,620895645,657db9b3-1f17-4ffc-995b-86eba76b4512,1151756,proullard,2025-04-27T16:40:51-07:00,424821,species,improving,True,True,True,,424821,True,False
275028836,620715814,804ec84a-0deb-41a2-a586-2e461500e957,6402003,tastyrna,2025-04-27T22:51:35+02:00,486881,species,improving,True,True,True,,486881,True,False
274729878,620690318,ab151690-b6ea-4c1f-899b-ea8885785008,1976574,catherine_g,2025-04-27T13:29:30-07:00,126889,species,improving,True,False,False,False,58753,True,False
275004172,620683085,f708d5b2-2e22-4fdc-82e6-4e27a250e541,299530,jensbokelaar,2025-04-27T22:23:32+02:00,883958,species,leading,True,True,False,,883958,True,False
274934289,620591106,a2c54027-cbd1-4d12-b53c-0789905fd234,9209536,micaela_taceo,2025-04-27T19:04:31+00:00,322891,genus,improving,True,True,False,,322891,False,False
274802538,620523863,3ac64ab6-8603-4ef8-ac92-86a29701bf9d,6535707,natalie_morley,2025-04-27T18:06:22+00:00,52490,species,supporting,True,True,False,False,52491,True,False
274858828,620516759,b170edd4-f8d7-463e-8f0c-c358370b4abe,1853409,ophrys,2025-04-27T19:00:16+01:00,334407,species,supporting,True,False,False,False,334407,True,False
274858828,620516007,ba2a4fce-863c-454b-bedd-89047839ddb7,2883211,rkl,2025-04-27T18:59:37+01:00,334407,species,improving,True,False,False,False,121357,True,False
274802538,620511650,1a587482-842d-4fcf-b5c6-8f2c121a8259,1791447,acclivity,2025-04-27T17:56:06+00:00,52490,species,improving,True,False,False,True,55719,True,False
274833755,620511047,48157e1e-b511-4cae-9892-8811f5707e08,7179915,sirhck,2025-04-27T17:55:34+00:00,486706,species,supporting,True,False,False,False,486706,True,False
274858828,620490720,675983a1-2bc8-4cef-967e-bc9886de7072,2297922,hootinghoopoe,2025-04-27T18:37:45+01:00,121357,genus,improving,True,True,True,,121357,False,False
274843237,620471124,6cc98c54-db1d-4f1e-b999-5bbc81e83d3b,8827996,watergodnature,2025-04-27T17:19:01+00:00,479803,species,leading,True,True,True,,479803,True,False
274833755,620459323,8d60af28-1320-4655-a836-d500f922663f,9071855,barbarella73,2025-04-27T17:08:05+00:00,486706,species,improving,True,True,False,,486706,True,False
274802538,620417581,05d9b0e2-bcec-4840-a45e-36161e295516,6535707,natalie_morley,2025-04-27T16:31:20+00:00,55719,species,maverick,False,True,True,,55719,False,False
274784638,620394500,08b398ab-6faf-498c-9d35-49c3ec6ee292,975927,jwmaritime,2025-04-27T09:10:04-07:00,121991,tribe,improving,True,True,True,,121991,True,False
274729878,620326560,a4a3d9db-0670-450d-acf0-6ae067da3267,2291474,nickajacket,2025-04-27T08:07:43-07:00,58753,genus,improving,True,True,True,,58753,False,False
274491442,620011052,3888ab91-d78b-42ea-8a27-87a4ca9a4045,1972099,anaarenaria,2025-04-27T08:20:27+00:00,121991,tribe,improving,True,True,True,,121991,False,False
274426002,619928880,caabe60d-bfe9-43ca-bc0a-507d62b28381,7179915,sirhck,2025-04-27T06:05:57+00:00,486706,species,supporting,True,False,False,False,486706,True,False
274426002,619905145,6a91a9c5-4d71-425b-a191-99f7b1b76b8f,7020687,odgaard369,2025-04-27T05:25:52+00:00,486706,species,improving,True,True,True,,486706,True,False
274167599,619669301,43ac578c-f38b-4146-8b20-6046a4a6d056,5521474,chaym_turak,2025-04-27T03:35:59+03:00,145540,species,supporting,True,False,False,False,145540,True,False
274167599,619515418,0df98b21-7d1e-4de9-9329-6a209f303a18,5068998,kbraitamaral,2025-04-27T00:41:10+03:00,145540,species,improving,True,True,True,,,True,False
273977038,619506503,d67d6580-adcb-4b26-84aa-8cf76477f337,1976574,catherine_g,2025-04-26T16:32:19-05:00,118968,species,supporting,True,False,False,False,118968,True,False
274113441,619496603,276c8c8c-00d9-4862-997c-ebc526dc108b,1976574,catherine_g,2025-04-26T14:22:42-07:00,58752,species,supporting,True,False,False,False,58752,True,False
274113441,619437777,811e60c0-3867-43b8-925b-a6f31274819c,2450426,mo-no,2025-04-26T13:23:59-07:00,58752,species,improving,True,True,True,,58752,True,False
274060998,619398524,88a9938a-477d-476b-b9d0-482982dd3f8e,1163777,trinaroberts,2025-04-26T12:44:13-07:00,145436,species,supporting,True,False,False,False,145436,True,False
274060998,619366317,3619b230-31f6-4f57-b6c4-8507c717b19b,3391537,afaningita,2025-04-26T12:12:20-07:00,145436,species,improving,True,True,True,,145436,True,False
273977038,619255893,ff938c47-ebc1-40cc-85f3-da56f9733a34,8510,stonebird,2025-04-26T12:23:49-05:00,118968,species,improving,True,True,False,,118968,True,False
273923562,619185624,160c74bf-040d-449f-ba56-695606ccf0f6,9210251,geraldine31693,2025-04-26T16:16:13+00:00,52491,genus,leading,True,True,False,,52491,True,False
273802438,619092189,16e49f17-ec19-4d01-a10d-877b5015e97d,7679729,hellviskamacaro,2025-04-26T10:20:27-04:00,49995,family,leading,True,False,False,,,True,False
273811017,619050178,8ca32079-c8b9-40c3-9fcd-ec5a8b4d02e7,5460775,rhodygeorge,2025-04-26T13:33:06+00:00,1144218,species,leading,True,True,True,,1144218,True,False
273587974,618737932,5bd42436-6aaf-4bc0-af17-569988f9e49d,724922,kobori,2025-04-26T13:23:39+09:00,69190,species,leading,True,True,True,,69190,True,False
273238378,618226851,4b210849-87ed-4f11-89ce-ec8293992d21,3827798,halinaa,2025-04-25T17:29:29+00:00,1144236,species,leading,True,True,False,,1144236,True,False
288234453,865862158,62da827c-8e9c-49cd-b37c-76242cfe1263,3565390,matthewvosper,2026-08-06T19:08:13+00:00,486711,species,supporting,True,False,False,False,486711,True,False
293688489,815644226,cb85c80a-550a-41c3-b810-614a9e07d0bb,8204969,adam_leigh_,2026-05-20T23:50:57+01:00,70147,species,leading,True,False,False,False,520021,True,False
286313759,814042547,c3fc4469-3024-4351-b0c9-5f07f64ad4d6,7179915,sirhck,2026-05-18T11:24:39+00:00,338192,species,leading,True,False,True,False,145541,True,False
293907587,802868291,4850e7ea-9807-4684-8eb3-5927e08525b4,1163777,trinaroberts,2026-05-01T21:08:45-07:00,119997,genus,improving,True,False,False,True,791267,True,False
292932112,794773916,64ce4d3e-4220-483c-8098-ba4b89ac72ba,3698182,radvile_rimgaile-voicik,2026-04-24T03:19:59+00:00,70406,genus,supporting,True,True,False,False,70406,True,False
291763616,789204717,ce34a977-4b88-449b-9167-e802cc56fa0d,3565390,matthewvosper,2026-04-14T19:51:37+00:00,324344,species,leading,True,False,False,True,70405,False,False
291314580,785966444,ff94d7fb-10e0-4d3f-bb70-dc6fc0eaf750,9417113,alansch0,2026-04-08T19:00:45+00:00,118968,species,supporting,True,False,False,False,118968,True,False
292932112,783179719,71b99af6-21de-4c5b-a7a9-bb21f2cf7f3d,3565390,matthewvosper,2026-04-03T15:29:26+00:00,70406,genus,improving,True,False,False,True,324344,True,False
290206617,774140219,ccef4456-3701-4b96-8899-686ac923ff8d,8698367,yanamanion,2026-03-15T08:31:20+05:00,125659,species,leading,True,False,True,False,47822,True,False
284501321,772507398,10ba0615-6242-416f-ad94-aa4984b1841c,8492740,bartusiakp,2026-03-11T09:10:37+00:00,321476,genus,supporting,True,True,False,False,321476,True,False
286593165,761144594,be4789bf-b0fb-4f6f-b232-9a0cc5071efe,7463119,kristianoevrum,2026-02-12T20:58:22+01:00,70213,genus,supporting,True,False,False,False,70213,True,False
284773792,756693091,7e5ffc33-1164-4b7c-93d1-4ebb11b5f0ae,8492342,marcinpisula,2026-01-31T20:25:37+01:00,486737,species,supporting,True,True,False,False,121991,True,False
288722171,756517719,64e29c72-baab-455e-b8d9-2b17da993e48,7877382,ternoise,2026-01-31T09:01:24+01:00,52489,genus,supporting,True,True,False,False,52489,True,False
285550810,756514999,608c2865-84a3-4211-b2e9-e067433610f5,3565390,matthewvosper,2026-01-31T07:47:04+00:00,52964,species,supporting,True,False,False,False,52964,True,False
293688489,754534362,4918e5a6-90b9-45ad-aa06-7cae344064ab,3565390,matthewvosper,2026-01-25T22:55:14+00:00,520021,subtribe,improving,True,False,False,False,49995,False,False
285756633,753644976,5151bb10-680d-4f85-9a73-0d91c8d3be07,7463119,kristianoevrum,2026-01-23T18:43:20+01:00,62455,genus,leading,True,False,False,False,121991,True,False
293688489,752993292,b4f44da7-874b-4ddb-b8bf-3bb2de839555,179567,janmar,2026-01-21T20:40:17+00:00,49995,family,improving,True,False,False,False,184884,False,False
288722171,752857354,e6dbd92a-fa6e-4c30-bfce-b442d6e120d9,3565390,matthewvosper,2026-01-21T13:12:04+01:00,52489,genus,improving,True,False,False,True,52488,True,False
290102522,751500827,936458f8-7ad2-44e8-a60c-1d6103615834,3565390,matthewvosper,2026-01-17T22:17:02+00:00,52489,genus,supporting,True,False,False,False,52489,True,False
284773792,751392730,8322830f-4d8a-4a8f-bf7b-3506a792b890,7463119,kristianoevrum,2026-01-17T17:59:35+01:00,486737,species,improving,True,False,False,True,62454,True,False
284343688,751303202,882d0566-34ef-43a3-8d3d-f314c30d9469,3565390,matthewvosper,2026-01-17T10:56:43+00:00,52489,genus,supporting,True,False,False,False,52489,True,False
288234453,750984936,e8fe3687-06c5-438c-89d2-7e16dce320dd,7179915,sirhck,2026-01-16T14:18:18+00:00,486711,species,improving,True,False,True,False,49995,True,False
288473417,749843188,c12421f5-5cea-4ec9-a8e8-566957dcc741,7179915,sirhck,2026-01-13T09:42:51+00:00,355014,species,supporting,True,False,False,False,355014,True,False
286761952,745534729,3e7c12c9-7cae-47fd-8ac3-f3545cb8996f,7179915,sirhck,2026-01-02T12:30:27+00:00,194786,species,supporting,True,False,False,False,194786,True,False
292949965,738847475,8a87ab28-1abc-4ee5-8c3c-bce509fccddf,1922575,gerrit_oehm,2025-12-16T14:36:02+01:00,311431,genus,supporting,True,False,False,False,311431,True,False
287405423,728453905,225b633c-2cc5-4a5b-918a-7b93e98a7d61,1976574,catherine_g,2025-11-20T11:01:48-06:00,320786,species,supporting,True,False,False,False,320786,True,False
289446256,719494851,8174ff3e-d873-461d-8d3c-8bd6048ab43c,1922575,gerrit_oehm,2025-10-30T14:53:28+01:00,52233,genus,supporting,True,False,False,False,52233,True,False
293552064,715879653,b109e400-1d2f-4d7d-b759-087d469a9c76,4472993,jballam,2025-10-22T17:22:18+01:00,334407,species,supporting,True,False,False,False,334407,True,False
283845245,712106570,a0e16608-be4e-4e2f-9ee7-ea88738211bb,7179915,sirhck,2025-10-14T10:22:50+00:00,55719,species,supporting,True,False,False,False,55719,True,False
293552064,707119828,57ccaca1-fdac-4d9d-8e04-2241d7d069d7,3565390,matthewvosper,2025-10-03T19:35:32+01:00,334407,species,improving,True,False,False,False,121357,True,False
292779302,697202010,d657a3ce-c704-4a74-8ce2-35d19b2ed3b4,7128056,robert_thibault,2025-09-13T18:40:52-04:00,153418,genus,supporting,True,True,False,False,488420,True,False
292779302,697198463,d574e4a2-6d75-4f2a-8322-57de4b77e2c6,1163777,trinaroberts,2025-09-13T18:32:51-04:00,153418,genus,improving,True,False,False,True,486881,True,False
292217468,694594147,0b68a697-6329-41b8-83b7-dcf0eeef4def,191857,johnklymko,2025-09-08T12:58:33-03:00,126889,species,supporting,True,False,False,False,126889,True,False
289010143,693588701,5f1b7b28-a73b-4e4d-96e0-e13df900c59e,1922575,gerrit_oehm,2025-09-06T20:21:02+02:00,70406,genus,leading,True,False,False,False,49995,True,False
292441620,676257689,0eb928f2-aceb-499f-b699-b0017a657c2b,1922575,gerrit_oehm,2025-08-04T12:30:39+02:00,121991,tribe,improving,True,False,False,False,52482,False,False
288472814,669229312,f2011840-b8d9-429b-9984-686c3beca09b,1922575,gerrit_oehm,2025-07-22T13:35:54+00:00,194786,species,supporting,True,False,False,False,194786,True,False
284774913,667667634,0be96a71-ed2e-4738-b1fb-1297004567bb,3565390,matthewvosper,2025-07-19T22:00:16+00:00,52487,genus,supporting,True,False,False,False,52487,True,False
285642403,661471761,e5d0dca1-e60c-4851-a882-fac6149e3214,8405138,nguyenlinhquang,2025-07-08T14:47:25+09:00,52486,species,supporting,True,False,False,False,52486,True,False
287548706,659604168,c35eef4f-12d2-4bc2-b426-1fef98c91da1,3565390,matthewvosper,2025-07-04T20:17:42+00:00,62455,genus,supporting,True,False,False,False,62455,True,False
294100738,657796993,2ddf7e73-ace0-425a-9452-27898b67d519,8385946,valternrmedeiros,2025-07-01T09:09:03+00:00,52964,species,supporting,True,False,False,False,52964,True,False
294100738,657777644,8830da9d-af56-45ae-b982-12a48ee10eb1,396990,kostaszontanos,2025-07-01T08:11:36+00:00,52964,species,supporting,True,False,False,False,52964,True,False
294042732,657519926,d30f2c80-48eb-4cfb-b002-acf6e83d5e15,1922575,gerrit_oehm,2025-06-30T22:11:10+02:00,55719,species,supporting,True,False,False,False,55719,True,False
294100738,657442811,87499778-1154-4d25-a819-589db3172e66,7377105,gerunstaldio,2025-06-30T17:32:27+00:00,52964,species,improving,True,True,True,,52964,True,False
294042732,657330210,ffecfbf7-7a49-4b24-97c1-729ef900d380,4985479,zoologischerarne,2025-06-30T15:45:54+02:00,55719,species,improving,True,True,True,,55719,True,False
290102522,657237960,f8ab2b1d-f3aa-4c9b-8fe1-93422109f9ee,1922575,gerrit_oehm,2025-06-30T09:26:32+00:00,52489,genus,improving,True,False,False,True,52488,True,False
293907587,657050212,d47a7002-5601-4689-8f73-62a09f2bb68f,66671,robtonus,2025-06-29T16:58:59-07:00,791267,species,leading,True,True,True,,791267,False,False
293421307,656742010,4f8580c7-e8b2-47a0-aef1-3b8a20c59231,723565,heatherholm,2025-06-29T08:23:09-05:00,1352005,complex,supporting,True,True,False,False,1352005,True,False
293688489,656674450,9a5e93c8-7544-4f3a-aa39-1f7b6513d1a9,1551032,plea84,2025-06-29T11:28:31+01:00,184884,subclass,improving,True,True,False,,184884,False,False
293552064,656638044,60ca5898-9635-41c7-90d7-ed3d409600d2,3916,sandyrae,2025-06-29T09:30:51+01:00,121357,genus,improving,True,False,True,False,49995,False,False
293421307,656578573,a894f394-bca7-450a-969d-e042a9f4be24,3893279,morcutt,2025-06-28T23:53:47-05:00,1352005,complex,improving,True,False,True,False,49995,True,False
293552064,656438351,c4739a92-d588-40e5-848e-0dc7dfb84e2a,4101585,jpegorino,2025-06-29T00:52:13+01:00,49995,family,improving,True,True,False,,49995,False,False
293364261,656349401,7f0dab69-4502-4397-b2e8-27f8b7faf9ae,3565390,matthewvosper,2025-06-28T20:24:20+00:00,70190,species,supporting,True,False,False,False,70190,True,False
293421307,656221909,6dd10e4d-1037-4d0d-9a9f-9ae489abf4d3,723565,heatherholm,2025-06-28T10:56:17-05:00,49995,family,improving,False,True,True,,49995,False,False
293364261,656126151,151226e2-27df-4ff5-98df-bf580ac71b7f,5897725,sugarsnap_t,2025-06-28T12:17:44+00:00,70190,species,improving,True,True,False,,70190,True,False
287869205,655813384,36797f73-c450-4a9c-9a94-a5acb217865c,3565390,matthewvosper,2025-06-27T19:56:59+00:00,52489,genus,supporting,True,False,False,False,52489,True,False
292992935,655463352,2bbdba66-5ac4-4a55-9490-9c6538920ac7,7179915,sirhck,2025-06-27T03:25:47+00:00,52964,species,supporting,True,False,False,False,52964,True,False
292992935,655358011,98977aa4-0f97-4272-bb81-a1246a080f34,4847520,serycherny,2025-06-26T22:57:05+00:00,52964,species,improving,True,True,True,,52964,True,False
292949965,655265363,f83629a9-a207-456c-8dc7-90322118f02b,6114828,gijsroaming,2025-06-26T21:34:33+02:00,311431,genus,improving,True,True,False,,311431,True,False
292932112,655228127,68c86d1e-8bd3-40d5-8f33-13e65b0cf1a6,3698182,radvile_rimgaile-voicik,2025-06-26T18:20:55+00:00,324344,species,leading,False,True,True,,324344,False,False
292706408,655015162,bcc48141-555f-4cb5-817a-9052bbdbc207,396990,kostaszontanos,2025-06-26T12:13:12+03:00,467075,form,leading,True,False,False,False,61857,False,False
292801028,654959648,5e858021-c245-4008-a977-40adb6da096a,5550937,muyaocraft,2025-06-26T05:26:15+00:00,52483,genus,leading,True,True,True,,52483,True,False
292760232,654936135,7e6c7f9c-28c9-4355-8827-8bc9be3c6a23,1163777,trinaroberts,2025-06-25T20:55:52-07:00,121357,genus,supporting,True,False,False,False,121357,True,False
292780385,654930604,6874086c-3fb0-4392-a458-c62e720a3d61,5167516,muddphoto,2025-06-25T20:36:48-07:00,179752,species,supporting,True,True,False,False,179752,True,False
292760232,654929181,b1a90d3c-b7fe-460c-8fe1-9c32a1ef055b,298979,akilee,2025-06-25T20:31:26-07:00,121357,genus,supporting,True,True,False,False,186841,True,False
292780385,654918016,1e211aef-c4cf-440a-aa40-df229566e3e0,1976574,catherine_g,2025-06-25T19:55:53-07:00,179752,species,improving,True,False,False,False,128846,True,False
292760232,654916424,99d819ab-5fb1-4610-bbf9-3fa0c1d1e0f2,1976574,catherine_g,2025-06-25T19:50:29-07:00,121357,genus,improving,True,False,False,True,324344,True,False
292780385,654916390,644943ab-6eae-4358-8492-0dada0930213,5167516,muddphoto,2025-06-25T19:50:25-07:00,128846,genus,improving,False,True,True,,128846,False,False
292779302,654914658,f82aafb6-4fb7-4d70-922e-64696fe7e1c2,7128056,robert_thibault,2025-06-25T22:44:37-04:00,486881,species,maverick,False,True,True,,,False,False
292760232,654874992,35521999-2b06-4e0c-8dc9-be4b96aa3ce5,298979,akilee,2025-06-25T17:53:28-07:00,324344,species,maverick,False,True,True,,324344,False,False
292706408,654767184,f339021c-21ce-4167-8c6e-3282012a7472,7059974,ericasarney,2025-06-25T23:27:38+03:00,61857,species,improving,True,True,True,,61857,True,False
292577988,654516325,39361dcf-2785-4b59-a9db-b9ca13fdb46e,2815061,aworsey,2025-06-25T10:04:50+00:00,52482,species,supporting,True,False,False,False,52482,True,False
292577988,654515513,90342e81-955d-4951-9c8e-97d50cce2d96,2247839,jehnaturetherapy,2025-06-25T10:01:18+00:00,52482,species,improving,True,True,True,,52482,True,False
292379768,654428083,468774c2-b5a5-434d-a932-e637cc02f88f,1163777,trinaroberts,2025-06-24T21:17:28-07:00,126889,species,supporting,True,False,False,False,126889,True,False
292441620,654243410,07f906dc-37a3-4401-b723-a82e8b806399,4946499,puntolino,2025-06-24T22:06:47+02:00,52482,species,leading,True,True,True,,52482,True,False
292379768,654216339,89da796c-dc9f-4f69-944c-b80d069343a7,1976574,catherine_g,2025-06-24T12:07:00-07:00,126889,species,improving,True,False,False,False,58753,True,False
292379768,654125030,5757d4a0-4d26-4716-9933-4a3f6a9a4377,9468753,marielygarza123,2025-06-24T08:49:42-07:00,58753,genus,improving,True,True,True,,58753,False,False
292343228,654102701,d35937e8-d46a-4c6d-b0d0-f4a08c59ce31,1976574,catherine_g,2025-06-24T10:04:56-05:00,126889,species,supporting,True,False,False,False,126889,True,False
292343228,654049379,0a1372ab-4d39-46df-97e3-1aa9082440b8,8205290,suzulys,2025-06-24T08:09:12-05:00,126889,species,improving,True,True,True,,126889,True,False
292217468,653808917,7ea765b6-9c2b-4dfb-bb61-19e2d3487075,1976574,catherine_g,2025-06-23T21:01:29-03:00,126889,species,supporting,True,False,False,False,126889,True,False
292217468,653795899,c748afbc-7325-4026-bb08-f5f0b43efa99,2494062,erikoid,2025-06-23T20:22:52-03:00,126889,species,improving,True,True,True,,126889,True,False
291890451,653144164,77c8a6f0-23bc-428a-ae71-f66d3da2d5ef,7179915,sirhck,2025-06-22T20:23:25+00:00,447126,species,supporting,True,False,False,False,447126,True,False
291890451,653134683,9b69ff11-92d8-4ff2-84ed-1339f3dc170a,4104764,petteri_makela,2025-06-22T20:04:38+00:00,447126,species,improving,True,True,False,,447126,True,False
291614493,653118858,437c513e-8b68-43bd-bf98-7a48bc74df18,9185696,pfuchsman,2025-06-22T19:38:45+00:00,963010,complex,supporting,True,True,False,False,963010,True,False
291614493,653104854,5f1c680d-e53c-41a7-a81b-2ec1d630f2fa,9398275,cbcnpt,2025-06-22T19:16:14+00:00,963010,complex,supporting,True,False,False,False,121991,True,False
291763616,652900653,497880f2-f1b1-40d8-b8cd-62a94765af57,5133309,samuel-iglesias,2025-06-22T12:55:24+00:00,70405,species,leading,True,True,True,,70405,False,False
291614493,652733451,846f4a6b-29b6-4270-ab44-78af025752bf,1163777,trinaroberts,2025-06-22T04:39:10+00:00,963010,complex,supporting,True,False,False,False,121991,True,False
291614493,652704731,93782580-9b02-44c9-8445-7f2243680f42,1976574,catherine_g,2025-06-22T03:07:56+00:00,963010,complex,improving,True,False,False,True,52489,True,False
291614493,652605691,7b1a1341-d2c6-4fbf-a6b1-e87066ed92ae,9185696,pfuchsman,2025-06-21T22:25:31+00:00,52489,genus,maverick,False,True,False,,52489,False,False
291314580,652533823,a6e01e7e-cf82-4ecc-b3ce-b32c3b316cd2,1976574,catherine_g,2025-06-21T19:52:44+00:00,118968,species,improving,True,False,False,False,121991,True,False
291480994,652398505,c8ceb6a4-a197-492b-9cc0-2fcc70faa17a,2883211,rkl,2025-06-21T16:09:25+01:00,210336,species,supporting,True,False,False,False,210336,True,False
291488890,652394532,db7c10a7-9b51-420d-8878-515d3f391fbe,9168036,halabala,2025-06-21T15:00:40+00:00,52491,genus,leading,True,True,False,,52491,True,False
291480994,652381782,8a5be00b-4084-4df4-bb7a-8a697c03b5b1,1898529,bcubed22,2025-06-21T15:32:07+01:00,210336,species,improving,True,True,True,,210336,True,False
291465387,652355563,01e389cb-acfe-4932-b8fa-025a4957de20,7153196,sashavassilieva,2025-06-21T13:31:33+00:00,70148,genus,leading,True,True,True,,70148,True,False
284912497,652320757,ac2934d7-cdf9-43c4-b26a-565292ee809b,3565390,matthewvosper,2025-06-21T11:54:06+00:00,52490,species,supporting,True,False,False,False,52490,True,False
291437224,652306319,7ea91393-c94c-4e84-92f9-161889866aec,9060366,inver_g6,2025-06-21T08:05:15-03:00,121991,tribe,leading,True,True,False,,121991,True,False
291314580,652075998,81b12768-69a3-4094-93b5-17135ceb4a18,288282,restringham,2025-06-20T21:48:47+00:00,121991,tribe,improving,True,True,True,,121991,False,False
289817289,652011867,7ca72cad-4661-4e54-b6f0-b9ad3aeade3a,3760696,snakeshead,2025-06-20T21:21:12+02:00,52482,species,supporting,True,False,False,False,52482,True,False
291257627,651974770,a5b8903d-bb15-4915-9206-66d40c5722d8,4717588,janbecker,2025-06-20T17:52:09+00:00,326181,subfamily,leading,True,True,True,,326181,True,False
290871721,651252196,249d075d-7997-4e97-aed2-836e85e2888c,396990,kostaszontanos,2025-06-19T11:41:57+03:00,52482,species,supporting,True,False,False,False,52482,True,False
290869846,651238738,35a4c5d2-5842-4a0f-ac6f-1546b2cc793a,4472993,jballam,2025-06-19T08:51:05+01:00,52482,species,supporting,True,False,False,False,52482,True,False
290871721,651238691,5bf8567b-7946-4ec6-b5ce-6111f689113c,7907871,maribalt,2025-06-19T10:50:53+03:00,52482,species,improving,True,True,True,,52482,True,False
290869846,651234772,72ba6be8-04e6-4783-9971-094f46103755,2477,tbrooks,2025-06-19T08:36:20+01:00,52482,species,improving,True,True,True,,52482,True,False
290793265,651133321,5f7a9738-7dda-4c9c-9a91-0b1f9c7bc4d9,5740712,gavyswan,2025-06-19T01:40:05+00:00,126889,species,supporting,True,True,False,False,126889,True,False
290793265,651129951,99e9625f-400e-4212-8148-523367efa0c8,1976574,catherine_g,2025-06-19T01:31:54+00:00,126889,species,improving,True,False,False,False,58753,True,False
290671037,651122818,f1e79308-1824-4d71-b628-666c21dffea5,1976574,catherine_g,2025-06-18T20:11:32-05:00,126889,species,supporting,True,False,False,False,126889,True,False
290793265,651074980,e44b5b74-cd90-4815-9372-15c5da4880e7,5740712,gavyswan,2025-06-18T22:54:58+00:00,58753,genus,improving,False,True,True,,58753,False,False
290671037,650836370,a7449fd5-5b5a-4d34-887c-fc7320807609,7922092,eweber019,2025-06-18T09:23:01-05:00,126889,species,improving,True,True,True,,126889,True,False
290514049,650751624,ac1f37a2-5f74-4892-987c-a81d0207a5aa,2883211,rkl,2025-06-18T11:10:13+01:00,81979,species,supporting,True,False,False,False,81979,True,False
290617655,650729377,95bd490a-46b0-491c-8753-e069c77383a2,3856832,john_hranitz,2025-06-18T03:36:18-05:00,55264,species,leading,True,True,False,,55264,True,False
290514049,650521093,2da13ddf-2b45-4aaa-9c87-75dfb7944241,3667363,alexplayford,2025-06-17T22:45:59+01:00,81979,species,improving,True,True,True,,81979,True,False
288211694,650367843,570f613f-7f79-4cca-b548-5e5326cd60df,3565390,matthewvosper,2025-06-17T16:08:34+00:00,210336,species,supporting,True,False,False,False,210336,True,False
290206617,650175698,ab8bd9f3-554c-4dce-8b78-d37b7967069f,18588,carlosmunozamezcua,2025-06-17T11:09:09+05:00,47822,order,improving,True,False,False,False,47158,False,False
290206617,649990118,16ae66ce-bbeb-4abc-bf9a-22cede2d0e7a,6301038,herpetologia,2025-06-17T02:14:58+05:00,47158,class,improving,True,False,False,,,False,False
290096366,649830018,3cbb8208-6fb3-418e-b6ef-86a8cdee52a3,7179915,sirhck,2025-06-16T15:36:27+00:00,70190,species,supporting,True,False,False,False,70190,True,False
290102522,649723589,2e994878-d919-4f70-a7c4-e310450ba7ab,9088124,alexandra66182,2025-06-16T11:20:38+00:00,52488,species,leading,True,True,True,,52488,False,False
290096366,649710337,4a95a461-ecb6-4013-ad6c-29c90cb90cf2,384993,dundunje,2025-06-16T10:37:40+00:00,70190,species,improving,True,True,True,,70190,True,False
289817289,649703133,eddf6f68-02f3-492b-9a35-86f76c560d5f,7488867,lukas_thonhofer,2025-06-16T12:14:11+02:00,52482,species,supporting,True,True,False,False,52482,True,False
289817289,649680470,743872d5-37db-4768-b889-bafd81f0cbde,396990,kostaszontanos,2025-06-16T10:49:49+02:00,52482,species,improving,True,False,False,False,49995,True,False
289949908,649460061,57ede21a-d548-424b-973f-2d084c2b5029,1976574,catherine_g,2025-06-15T22:00:43+00:00,493594,species,supporting,True,False,False,False,493594,True,False
289949908,649435647,49f57feb-99d8-4ef9-8bb1-8edf49f3f842,679628,kevintoo,2025-06-15T21:09:48+00:00,493594,species,improving,True,True,False,,460811,True,False
289949908,649424135,2147cb38-589e-43bf-a142-7f07d32068a6,679628,kevintoo,2025-06-15T20:46:59+00:00,460811,species,maverick,False,True,False,,460811,False,False
289588552,649404424,72afad36-8cd0-40c6-a5e5-75fdf32b6268,6712630,pmerrett,2025-06-15T21:11:16+01:00,324637,species,supporting,True,True,False,False,186841,True,False
289935760,649399237,801d235c-f65d-4583-a0a4-6f2be7ce3785,3414463,ken331,2025-06-15T20:00:58+00:00,58753,genus,leading,True,True,False,,58753,True,False
289928800,649391130,6621e838-cfc1-48a7-bdee-9002476e8f71,1976574,catherine_g,2025-06-15T14:46:40-05:00,55719,species,supporting,True,False,False,False,55719,True,False
289928800,649387355,7c2d281c-ae66-4f8d-9795-e3e7f99f43f7,8843167,romankondrat,2025-06-15T14:39:28-05:00,55719,species,improving,True,True,True,,55719,True,False
289646585,649368929,1289ada8-085c-4267-995d-4f3cce890001,5095546,invertebrained,2025-06-15T19:06:43+00:00,126889,species,supporting,True,False,False,False,126889,True,False
289817289,649201913,25194a29-3d96-4e2f-a894-539710d1eed5,7488867,lukas_thonhofer,2025-06-15T15:30:18+02:00,49995,family,improving,False,True,True,,49995,False,False
289646585,648889986,86cddcbc-876c-448a-be88-bf41200cde26,1976574,catherine_g,2025-06-14T21:53:53+00:00,126889,species,supporting,True,False,False,False,126889,True,False
289646585,648879316,250a16fd-2400-4b40-8cfe-ee1d2b7b1e2a,7131689,fluffyspoods,2025-06-14T21:29:20+00:00,126889,species,improving,True,True,True,,126889,True,False
289588552,648858850,c224ac1d-eefe-4c6f-975b-f3831a0885db,8204969,adam_leigh_,2025-06-14T21:46:40+01:00,324637,species,improving,True,False,False,True,70405,True,False
289512611,648794696,37e9246e-be8f-4078-a991-7bfa7bd35719,1976574,catherine_g,2025-06-14T13:27:18-05:00,126889,species,supporting,True,False,False,False,126889,True,False
289588552,648784122,5a25b348-df97-46f6-8aac-19c2a346abbc,6712630,pmerrett,2025-06-14T19:00:12+01:00,70405,species,maverick,False,True,False,,70405,False,False
289512611,648658343,c148edc0-edcb-4436-9ae8-e324f995f0aa,649106,jenna42,2025-06-14T08:15:52-05:00,126889,species,improving,True,True,True,,126889,True,False
289446256,648540380,943f152e-c449-4066-a543-101871f2d8b4,5706601,frank_hornig,2025-06-14T08:08:43+02:00,52233,genus,supporting,True,True,False,False,52233,True,False
289392853,648538435,129bad1e-ad91-48c1-accb-fc47c7583131,396990,kostaszontanos,2025-06-14T08:59:58+03:00,359374,species,supporting,True,False,False,False,359374,True,False
289446256,648538081,73a4378f-ba2b-41cb-88d6-51943a62049a,7179915,sirhck,2025-06-14T07:58:32+02:00,52233,genus,improving,True,False,False,False,49995,True,False
289446256,648531027,9b7fd531-d81f-4981-8a84-eb4b159134fe,5706601,frank_hornig,2025-06-14T07:29:33+02:00,49995,family,improving,False,True,False,,49995,False,False
289392853,648424968,7e28f33b-ee4c-4008-8820-5f34512fcb33,59233,kai_schablewski,2025-06-14T02:40:09+03:00,359374,species,improving,True,True,False,,359374,True,False
289293382,648244329,87963388-bfc8-43e3-9be0-87750e5c4d89,1801353,mickelliot,2025-06-13T18:44:54+02:00,69190,species,supporting,True,False,False,False,69190,True,False
289293382,648234109,38259b09-58e7-4351-a9ec-a04a284011cb,4665887,thomas_birnie,2025-06-13T18:20:15+02:00,69190,species,improving,True,True,True,,69190,True,False
289278414,648209234,c2bb1e76-0fe8-42ed-95dc-958a1be1b20e,1601307,bugs_not_drugs,2025-06-13T15:21:39+00:00,121991,tribe,leading,True,True,False,,121991,True,False
289114147,648047785,a5a2a3e7-d06c-4ade-8cc3-f7696923bae6,396990,kostaszontanos,2025-06-13T09:40:44+03:00,52964,species,supporting,True,False,False,False,52964,True,False
289114147,647896001,2e163e5c-83d1-43b9-b35f-9ed660887ec7,5521474,chaym_turak,2025-06-13T01:22:07+03:00,52964,species,improving,True,False,False,False,52965,True,False
289114147,647879067,2e95f474-9259-40eb-b62b-4978f281110e,2996944,eesaari_lo,2025-06-13T00:36:27+03:00,52965,genus,improving,True,True,False,,52965,False,False
289102883,647857777,e8926237-99b4-44d4-a82c-48212e74a184,3113294,chdphoto,2025-06-12T20:46:20+00:00,486881,species,leading,True,True,True,,486881,True,False
289080703,647850486,11a61422-a3b1-4050-8ea0-8b73ccb07cdf,1976574,catherine_g,2025-06-12T15:30:18-05:00,126889,species,supporting,True,False,False,False,126889,True,False
289080703,647817723,7f5c1640-70b5-43e6-bee8-0502ac657a33,4712816,rsborland,2025-06-12T14:24:38-05:00,126889,species,improving,True,True,True,,126889,True,False
289010143,647779632,e353674b-7abf-441b-bbd1-dc177083e490,7946537,anselmus,2025-06-12T19:57:53+02:00,49995,family,improving,True,False,False,False,47158,False,False
289040261,647749389,dafe46bc-a545-4e37-842c-7c7af43dbdff,1163777,trinaroberts,2025-06-12T16:48:32+00:00,194786,species,supporting,True,False,False,False,194786,True,False
289040261,647747245,2be9f64f-24b6-49b8-9c5a-ac5110dfb97f,1721351,tollocroft,2025-06-12T16:43:25+00:00,194786,species,improving,True,True,True,,194786,True,False
289010143,647692436,2f81dd10-e383-48d8-abdd-b8798824e508,7608477,uwe_kaempf_karwendel,2025-06-12T16:40:00+02:00,47158,class,improving,True,True,False,,47158,False,False
288885839,647539449,4ed60ef6-0ecb-446a-a35b-1e878a2ea5cd,1163777,trinaroberts,2025-06-12T05:55:15+00:00,194786,species,supporting,True,False,False,False,194786,True,False
288885839,647452733,a8c819e7-850d-4995-8761-9b76873f4236,1976574,catherine_g,2025-06-12T01:04:27+00:00,194786,species,improving,True,False,False,False,194787,True,False
288885839,647444099,b55f53a8-a0cf-46ea-bb41-e7efaba4dfb2,5245469,cvhumes99,2025-06-11T17:41:42-07:00,194787,genus,improving,True,True,False,,194787,False,False
288722171,647153385,67721890-f2d8-4022-a2dd-f6a1640e4b00,7877382,ternoise,2025-06-11T15:19:59+02:00,52488,species,leading,False,True,True,,52488,False,False
288473417,647035867,f52034c9-b4d3-4f6f-b02d-6899820bff39,396990,kostaszontanos,2025-06-11T06:27:28+00:00,355014,species,improving,True,False,False,False,355017,True,False
288473417,646673034,d0941e0d-85eb-4ddc-a6da-6bbad67cd903,7213915,saara2472,2025-06-10T14:33:25+00:00,355017,genus,improving,True,True,True,,355017,False,False
288472814,646671998,dd526d86-1cb3-4225-958e-87b420e0b2a7,8295315,ullikaiser,2025-06-10T14:30:50+00:00,194786,species,improving,True,True,True,,194786,True,False
288429637,646638921,ece0efef-d98d-4b07-8f3f-e8c27643b643,1976574,catherine_g,2025-06-10T08:11:38-05:00,126889,species,supporting,True,False,False,False,126889,True,False
288429637,646586875,780b34c9-baa0-462c-994d-91bfe10021f0,971468,georgenaturephotos,2025-06-10T05:35:21-05:00,126889,species,improving,True,True,True,,126889,True,False
288011623,646339268,63cfb9f5-3f6c-4af7-9582-66808ceec375,6995364,bracebridgelibrary,2025-06-09T21:44:00+00:00,126532,species,supporting,True,False,False,False,126532,True,False
288234453,646197364,016e5660-79af-43a7-bcdd-396e24a6820d,1106349,amzamz,2025-06-09T16:32:41+00:00,49995,family,improving,True,True,False,,49995,False,False
288211694,646180151,f9a91fca-965a-47d9-8dca-87f82de43009,2883211,rkl,2025-06-09T15:52:49+00:00,210336,species,improving,True,False,False,False,49995,True,False
288211694,646158286,e145863b-557e-4da4-bf62-2838ece7eaf2,4669492,sarahcrowdersplants,2025-06-09T14:59:55+00:00,49995,family,improving,True,True,False,,49995,False,False
287884096,646060336,2d28f99d-913c-461e-af72-40ccba0435f7,1408498,auratus,2025-06-09T13:07:51+02:00,52482,species,supporting,True,False,False,False,52482,True,False
287884096,646041134,183a2c26-0fc7-4a59-8313-4577ed4fe0ae,5087892,verypigeon,2025-06-09T12:12:05+02:00,52482,species,improving,True,True,True,,,True,False
285239032,645919356,8347ba48-0b5f-4678-9fac-608c28b830a0,1976574,catherine_g,2025-06-08T22:17:02-05:00,126889,species,supporting,True,False,False,False,126889,True,False
288022063,645801039,92214d7f-36df-4c78-81b9-61b1f0917881,1163777,trinaroberts,2025-06-08T18:23:57-04:00,963010,complex,supporting,True,False,False,False,963010,True,False
288022063,645797517,8514837f-ee13-4be5-8389-8d943ef6ba6c,1976574,catherine_g,2025-06-08T18:16:19-04:00,963010,complex,improving,True,False,False,False,121991,True,False
288011623,645784760,58a2beb1-ed6f-47ae-a0b1-fa3e0e7d62da,1976574,catherine_g,2025-06-08T21:48:44+00:00,126532,species,improving,True,False,False,False,58753,True,False
288022063,645781631,77d4ca32-1991-4e81-a780-3bcd47b7905b,284060,howarddc,2025-06-08T17:42:24-04:00,121991,tribe,improving,True,True,True,,121991,False,False
288011623,645762471,e513b2be-3793-4a86-8d46-e39a82178435,30028,david_legros,2025-06-08T21:03:37+00:00,58753,genus,improving,True,True,True,,58753,False,False
287906291,645583833,b977b277-07b4-41af-b952-3c4bf9f276a0,8235850,songbird82894,2025-06-08T15:13:30+00:00,126889,species,leading,True,True,True,,126889,True,False
287869205,645517526,a1b9b7f5-a26f-46ba-8704-3ca0faed91ac,1245075,juleswaite,2025-06-08T12:59:36+00:00,52489,genus,improving,True,True,True,,52489,True,False
284774913,645472797,c439c3d5-2e2f-4c7f-8895-c4738cf573d5,1686214,sarah1290,2025-06-08T11:07:04+00:00,52487,genus,supporting,True,True,False,False,52487,True,False
287822483,645429575,0a4b2800-ee29-483a-abb8-70a2acf53419,6690469,emty,2025-06-08T08:56:18+00:00,52486,species,leading,True,True,True,,52486,True,False
287405423,645234191,a5db7d05-28ac-45f1-a219-040e006feacc,1163777,trinaroberts,2025-06-07T18:01:25-05:00,320786,species,improving,True,False,False,False,52491,True,False
287532012,645103157,dccf8b71-e7a0-4c56-bd14-127bf984aea6,8204969,adam_leigh_,2025-06-07T19:11:26+01:00,69190,species,supporting,True,False,False,False,69190,True,False
287548706,645100419,906d7843-a8fb-47ca-9fb8-40dfb0da5bbd,8204969,adam_leigh_,2025-06-07T18:05:39+00:00,62455,genus,improving,True,False,False,True,344449,True,False
287548706,644933836,1d3f8b56-8541-496e-9614-207d5d7fd6fc,7472484,ernest_minto,2025-06-07T12:15:37+00:00,344449,species,leading,True,True,False,,344449,False,False
287532012,644902674,003d989c-3e53-4891-ad8c-d233a7d11492,6998558,lauratd,2025-06-07T11:39:11+01:00,69190,species,improving,True,True,False,,69190,True,False
287405423,644654030,05113639-37bc-415b-a201-ba3a8ca95c4c,1890615,katb1,2025-06-06T16:09:35-05:00,52491,genus,improving,True,True,True,,52491,False,False
285550810,644382342,dae13fa1-7ba2-4f13-8e38-ce6da3f67e59,1922575,gerrit_oehm,2025-06-06T11:25:04+00:00,52964,species,improving,True,False,False,False,52965,True,False
287010415,644025886,c5a33064-86d1-494b-b71e-4dbb66e54f72,6423821,eliengel,2025-06-05T17:21:10+00:00,325596,species,leading,True,True,False,,325596,True,False
287043841,643932220,bfb2da67-7733-43cc-a30b-aa6b95419933,4157063,leo_mrn,2025-06-05T13:46:57+00:00,81980,genus,leading,True,True,True,,81980,True,False
285313388,643599793,f5afe7be-cd89-4073-81b0-fbf14934e30f,1264476,nihanparlak,2025-06-04T10:03:37-10:00,868216,subfamily,supporting,True,True,False,False,868216,True,False
286850683,643577585,f11551ab-c612-41d2-9f75-adbcedb7fec9,2880987,gergelytarjan,2025-06-04T21:14:40+02:00,451465,species,supporting,True,False,True,False,451465,True,False
286850683,643548176,77100849-401b-49ea-8296-97a4b28d5a05,8557776,adrienn2321,2025-06-04T20:09:25+02:00,451465,species,improving,True,True,True,,451465,True,False
286593165,643513277,975e13b9-5ddc-42a4-acc6-a4cd6d0958b4,4125782,erikas_diptera,2025-06-04T18:58:13+02:00,70213,genus,improving,True,False,False,False,121991,True,False
286735086,643467841,5ceccaa4-ce52-4c7b-8577-1cce936a65f0,1976574,catherine_g,2025-06-04T10:19:11-05:00,324344,species,supporting,True,False,False,False,324344,True,False
286770200,643400220,d06e4065-6d35-4540-9459-7397d80d6b5e,5384547,exonie,2025-06-04T15:30:21+03:00,186841,subfamily,leading,True,False,False,False,47158,True,False
286770200,643387200,05f5a467-2c7d-4e66-9646-5baa8e722757,1434014,julia_shner,2025-06-04T14:54:22+03:00,47158,class,improving,True,False,False,,,False,False
286761952,643366861,c4e8c68a-01ca-4e89-9de8-44422b901acd,4248105,thiesbue,2025-06-04T10:49:51+00:00,194786,species,improving,True,True,True,,194786,True,False
286735086,643306622,32cd4de2-8f29-49c1-b282-5990a695374f,2091359,rebeccareaderlee,2025-06-04T01:58:38-05:00,324344,species,improving,True,True,True,,324344,True,False
286593165,643016910,2902c07e-6098-4678-9417-2a22c9421588,1369015,jurga_li,2025-06-03T19:39:38+02:00,121991,tribe,improving,True,True,True,,121991,False,False
286285555,642758744,681ea97b-4b62-43b0-a61f-907d42d80656,1976574,catherine_g,2025-06-02T23:23:45-05:00,126889,species,supporting,True,False,False,False,126889,True,False
286313759,642473134,1da24b37-f82b-42d5-9c8e-231a6e632cbf,6827947,neelakantankk,2025-06-02T16:47:30+00:00,145541,genus,improving,True,True,True,,145541,False,False
285313388,642463931,f0cfda7f-da8e-4acf-814e-7a753c9ce753,5384547,exonie,2025-06-02T06:29:27-10:00,868216,subfamily,improving,True,False,False,False,49995,True,False
286285555,642422445,6a4e8ecc-5d5b-4580-87f8-0a244de29d3b,619798,plantmandrew,2025-06-02T10:03:04-05:00,126889,species,improving,True,True,True,,126889,True,False
285756633,642355146,0010b6a8-75f8-49b1-aec1-610d5dfa14eb,5384547,exonie,2025-06-02T14:23:15+02:00,121991,tribe,improving,True,False,False,False,49995,False,False
285972768,642322399,8dbea993-8845-421d-a079-fb8aa53c7617,396990,kostaszontanos,2025-06-02T13:53:38+03:00,52482,species,supporting,True,False,False,False,52482,True,False
286233960,642317078,f82bb1e7-7561-4429-9b89-0b0aad25f987,2815061,aworsey,2025-06-02T10:36:18+00:00,1393592,species,supporting,True,False,False,False,1393592,True,False
286233960,642316566,5e0d3030-f143-41de-82cf-afb65644c798,4200415,peterleethompson,2025-06-02T10:34:47+00:00,1393592,species,improving,True,True,True,,1393592,True,False
285972768,641937791,c371b322-e840-4b17-aee1-0c1fa594b765,7179915,sirhck,2025-06-01T21:29:23+03:00,52482,species,improving,True,False,True,False,52483,True,False
286022617,641916089,06c5a221-bc67-4809-a15b-3bd4b385725e,1455009,bettikz,2025-06-01T14:52:26-03:00,329983,species,leading,True,True,True,,329983,True,False
285972390,641841334,cb464779-d946-4a9b-9990-7ca943edbf25,7179915,sirhck,2025-06-01T15:30:18+00:00,337019,species,supporting,True,False,False,False,337019,True,False
285972768,641836550,314a9804-8a72-4a58-84a1-7e271e4eba75,3828458,vivaxylocopa,2025-06-01T18:20:41+03:00,52483,genus,improving,True,True,True,,52483,False,False
285972390,641835932,15024615-4d43-4c48-b62d-35d7a20dc8c3,4756049,pennyinsole,2025-06-01T15:19:38+00:00,337019,species,improving,True,True,True,,337019,True,False
285756633,641704032,177b79aa-9282-4a78-8a2a-a057a14a53f4,1257252,pierrenoel,2025-06-01T12:09:24+02:00,49995,family,improving,True,False,False,,,False,False
285740129,641476950,c9061e6b-57b7-46e8-a48a-ec767e02dc5f,394281,hinatea,2025-06-01T00:50:12+02:00,52480,species,supporting,True,False,False,False,52480,True,False
285740129,641405623,9be10abc-cb2c-47fd-940c-26c5d13823b1,6402003,tastyrna,2025-05-31T22:25:09+02:00,52480,species,improving,True,True,True,,52480,True,False
285692490,641334213,470fd780-f736-4784-8493-8e46fc1fe4a9,1976574,catherine_g,2025-05-31T13:14:27-05:00,425253,species,supporting,True,False,False,False,425253,True,False
285692490,641322147,0b56be84-9607-497c-b381-d4e87f9a5cec,4058142,christopherbentley04,2025-05-31T12:51:32-05:00,425253,species,improving,True,True,True,,425253,True,False
285642403,641312673,6c874d4a-c649-4136-8e66-24918ee8a63e,5185459,patricklm35,2025-06-01T02:32:21+09:00,52486,species,supporting,True,False,False,False,52486,True,False
285642403,641242048,3be65908-ae61-489b-b5c4-d51f953dd852,8916941,jean-louiseliot,2025-06-01T00:09:29+09:00,52486,species,improving,True,True,False,,52486,True,False
285578939,641129188,f13bbe94-b5ec-4093-96e2-0dfa2949015b,279977,elaphrornis,2025-05-31T10:33:31+00:00,49995,family,leading,True,True,False,,49995,True,False
285550810,641080311,ddd6b729-2476-4088-b995-18cacb190bfa,1226064,federicodelbarba,2025-05-31T07:41:10+00:00,52965,genus,improving,True,True,True,,52965,False,False
284774913,640858542,6112c165-1d14-411d-a92a-6806f2130176,5079353,geoffwilkinson,2025-05-30T22:15:35+00:00,52487,genus,improving,True,False,False,False,326181,True,False
285313388,640554926,21668e11-ca05-4146-a5d0-545c2e1f9af3,1264476,nihanparlak,2025-05-30T02:19:26-10:00,49995,family,improving,False,True,True,,49995,False,False
284774913,640426520,3a4c596e-8196-40ab-afd7-7ce56963886c,5862405,tnddr,2025-05-30T05:00:41+00:00,326181,subfamily,improving,True,False,False,,,False,False
285239032,640387614,340087c7-399c-462d-9cd2-53890f24692f,4606311,bugsinmypocket,2025-05-29T21:50:00-05:00,126889,species,improving,True,True,True,,126889,True,False
284912497,639749870,ed2704a7-5526-47d3-b542-8e13e38959f6,3442544,paulwiltshire,2025-05-28T21:21:06+00:00,52490,species,improving,True,True,False,,52490,True,False
284773792,639478969,c7d76c8c-6a61-46ca-b5d3-e959d791bf29,8492342,marcinpisula,2025-05-28T12:03:17+02:00,62454,species,maverick,False,True,False,,62454,False,False
284501321,638940454,1665e9f9-c1af-4e0b-94b7-63d9c30fa4ee,7179915,sirhck,2025-05-27T09:08:29+00:00,321476,genus,improving,True,False,False,False,371826,True,False
284501321,638933136,6115657e-77a1-4082-84bb-3978171f3edd,8492740,bartusiakp,2025-05-27T08:37:36+00:00,371826,subtribe,improving,False,True,True,,371826,False,False
284343688,638622488,57f301bc-6ffc-467b-ace5-4a7728b0977e,4343194,sabine-g,2025-05-26T19:22:19+00:00,52489,genus,improving,True,True,False,,52489,True,False
284341244,638619247,104d75cb-ad05-46f3-acd2-5c2075c9d2ab,1976574,catherine_g,2025-05-26T14:15:59-05:00,126532,species,leading,True,False,False,False,58753,True,False
284341244,638618314,ba0783eb-1f03-422e-b106-81ca9d46090c,1544269,artemesia,2025-05-26T14:14:26-05:00,58753,genus,improving,True,True,False,,58753,False,False
283996318,638364783,5b7241bb-34c8-4d77-9f03-2a22406d423e,5384547,exonie,2025-05-26T12:04:02+03:00,186841,subfamily,leading,True,False,False,False,47158,True,False
284155040,638250536,9022673a-cc15-446b-b2d5-354a3f74a386,1163777,trinaroberts,2025-05-26T02:43:31+00:00,980722,species,supporting,True,False,False,False,980722,True,False
284155040,638246505,32316f46-c39a-4c18-8540-bf4c5769408f,179103,catchang,2025-05-26T02:34:10+00:00,980722,species,improving,True,True,True,,980722,True,False
283996318,637963865,1a582a81-c835-4580-bb2e-7c456a376ead,2692769,terolinjama,2025-05-25T19:49:14+03:00,47158,class,improving,True,True,False,,47158,False,False
283845245,637640922,afef5faf-21f8-4bce-8ee8-1bd2321bda4e,1946397,chema63,2025-05-25T04:26:16+00:00,55719,species,improving,True,True,True,,55719,True,False
